{
  "name": "au.html",
  "scopeName": "au.html",
  "injections": {
    "R:text.html - (comment.block, text.html source)": {
      "comment": "Use R: to ensure this matches after any other injections.",
      "patterns": [
        {
          "match": "<",
          "name": "invalid.illegal.bad-angle-bracket.html"
        }
      ]
    }
  },
  "patterns": [
    {
      "include": "#compose.html.au"
    },
    {
      "include": "#router-view.html.au"
    },
    {
      "include": "#let.html.au"
    },
    {
      "include": "#string.interpolation.html.au"
    },
    {
      "begin": "(<)([a-zA-Z][a-zA-Z0-9:-]*)(?=[^>]*></\\2>)",
      "beginCaptures": {
        "1": {
          "name": "punctuation.definition.tag.html"
        },
        "2": {
          "name": "entity.name.tag.html"
        }
      },
      "end": "(>(<)/)(\\2)(>)",
      "endCaptures": {
        "1": {
          "name": "punctuation.definition.tag.html"
        },
        "2": {
          "name": "meta.scope.between-tag-pair.html"
        },
        "3": {
          "name": "entity.name.tag.html"
        },
        "4": {
          "name": "punctuation.definition.tag.html"
        }
      },
      "name": "meta.tag.any.html",
      "patterns": [
        {
          "include": "#tag-stuff"
        }
      ]
    },
    {
      "begin": "(<\\?)(xml)",
      "captures": {
        "1": {
          "name": "punctuation.definition.tag.html"
        },
        "2": {
          "name": "entity.name.tag.xml.html"
        }
      },
      "end": "(\\?>)",
      "name": "meta.tag.preprocessor.xml.html",
      "patterns": [
        {
          "include": "#tag-generic-attribute"
        },
        {
          "include": "#string-double-quoted"
        },
        {
          "include": "#string-single-quoted"
        }
      ]
    },
    {
      "begin": "<!--",
      "captures": {
        "0": {
          "name": "punctuation.definition.comment.html"
        }
      },
      "end": "--\\s*>",
      "name": "comment.block.html",
      "patterns": [
        {
          "match": "--",
          "name": "invalid.illegal.bad-comments-or-CDATA.html"
        },
        {
          "include": "#embedded-code"
        }
      ]
    },
    {
      "begin": "<!",
      "captures": {
        "0": {
          "name": "punctuation.definition.tag.html"
        }
      },
      "end": ">",
      "name": "meta.tag.sgml.html",
      "patterns": [
        {
          "begin": "(?i:DOCTYPE)",
          "captures": {
            "1": {
              "name": "entity.name.tag.doctype.html"
            }
          },
          "end": "(?=>)",
          "name": "meta.tag.sgml.doctype.html",
          "patterns": [
            {
              "match": "\"[^\">]*\"",
              "name": "string.quoted.double.doctype.identifiers-and-DTDs.html"
            }
          ]
        },
        {
          "begin": "\\[CDATA\\[",
          "end": "]](?=>)",
          "name": "constant.other.inline-data.html"
        },
        {
          "match": "(\\s*)(?!--|>)\\S(\\s*)",
          "name": "invalid.illegal.bad-comments-or-CDATA.html"
        }
      ]
    },
    {
      "include": "#embedded-code"
    },
    {
      "begin": "(^[ \\t]+)?(?=<(?i:style))",
      "beginCaptures": {
        "1": {
          "name": "punctuation.whitespace.embedded.leading.html"
        }
      },
      "end": "(?!\\G)([ \\t]*$\\n?)?",
      "endCaptures": {
        "1": {
          "name": "punctuation.whitespace.embedded.trailing.html"
        }
      },
      "patterns": [
        {
          "begin": "(<)((?i:style))\\b",
          "beginCaptures": {
            "0": {
              "name": "meta.tag.metadata.style.html"
            },
            "1": {
              "name": "punctuation.definition.tag.begin.html"
            },
            "2": {
              "name": "entity.name.tag.html"
            }
          },
          "end": "(/>)|((<)/)((?i:style))(>)",
          "endCaptures": {
            "0": {
              "name": "meta.tag.metadata.style.html"
            },
            "1": {
              "name": "punctuation.definition.tag.end.html"
            },
            "2": {
              "name": "punctuation.definition.tag.begin.html"
            },
            "3": {
              "name": "source.css"
            },
            "4": {
              "name": "entity.name.tag.html"
            },
            "5": {
              "name": "punctuation.definition.tag.end.html"
            }
          },
          "name": "meta.embedded.block.html",
          "patterns": [
            {
              "begin": "\\G",
              "captures": {
                "1": {
                  "name": "punctuation.definition.tag.end.html"
                }
              },
              "end": "(?=/>)|(>)",
              "name": "meta.tag.metadata.style.html",
              "patterns": [
                {
                  "include": "#tag-stuff"
                }
              ]
            },
            {
              "begin": "(?!\\G)",
              "end": "(?=</(?i:style))",
              "name": "source.css",
              "patterns": [
                {
                  "include": "#embedded-code"
                },
                {
                  "include": "source.css"
                }
              ]
            }
          ]
        }
      ]
    },
    {
      "begin": "(^[ \\t]+)?(?=<(?i:script))",
      "beginCaptures": {
        "1": {
          "name": "punctuation.whitespace.embedded.leading.html"
        }
      },
      "end": "(?!\\G)([ \\t]*$\\n?)?",
      "endCaptures": {
        "1": {
          "name": "punctuation.whitespace.embedded.trailing.html"
        }
      },
      "patterns": [
        {
          "begin": "(<)((?i:script))\\b",
          "beginCaptures": {
            "0": {
              "name": "meta.tag.metadata.script.html"
            },
            "1": {
              "name": "punctuation.definition.tag.begin.html"
            },
            "2": {
              "name": "entity.name.tag.html"
            }
          },
          "end": "(/>)|(/)((?i:script))(>)",
          "endCaptures": {
            "0": {
              "name": "meta.tag.metadata.script.html"
            },
            "1": {
              "name": "punctuation.definition.tag.end.html"
            },
            "2": {
              "name": "punctuation.definition.tag.begin.html"
            },
            "3": {
              "name": "entity.name.tag.html"
            },
            "4": {
              "name": "punctuation.definition.tag.end.html"
            }
          },
          "name": "meta.embedded.block.html",
          "patterns": [
            {
              "begin": "\\G",
              "end": "(?=/>|/)",
              "patterns": [
                {
                  "begin": "(>)",
                  "beginCaptures": {
                    "0": {
                      "name": "meta.tag.metadata.script.html"
                    },
                    "1": {
                      "name": "punctuation.definition.tag.end.html"
                    }
                  },
                  "end": "((<))(?=/(?i:script))",
                  "endCaptures": {
                    "0": {
                      "name": "meta.tag.metadata.script.html"
                    },
                    "1": {
                      "name": "punctuation.definition.tag.begin.html"
                    },
                    "2": {
                      "name": "source.js"
                    }
                  },
                  "patterns": [
                    {
                      "begin": "\\G",
                      "end": "(?=</(?i:script))",
                      "name": "source.js",
                      "patterns": [
                        {
                          "begin": "(^[ \\t]+)?(?=//)",
                          "beginCaptures": {
                            "1": {
                              "name": "punctuation.whitespace.comment.leading.js"
                            }
                          },
                          "end": "(?!\\G)",
                          "patterns": [
                            {
                              "begin": "//",
                              "beginCaptures": {
                                "0": {
                                  "name": "punctuation.definition.comment.js"
                                }
                              },
                              "end": "(?=</script)|\\n",
                              "name": "comment.line.double-slash.js"
                            }
                          ]
                        },
                        {
                          "begin": "/\\*",
                          "captures": {
                            "0": {
                              "name": "punctuation.definition.comment.js"
                            }
                          },
                          "end": "\\*/|(?=</script)",
                          "name": "comment.block.js"
                        },
                        {
                          "include": "source.js"
                        }
                      ]
                    }
                  ]
                },
                {
                  "begin": "\\G",
                  "end": "(?i:(?=/?>|type(?=[\\s=])(?!\\s*=\\s*('|\"|)(text/(javascript|ecmascript|babel)|application/((x-)?javascript|ecmascript|babel)|module)[\\s\"'>])))",
                  "name": "meta.tag.metadata.script.html",
                  "patterns": [
                    {
                      "include": "#tag-stuff"
                    }
                  ]
                },
                {
                  "begin": "(?=(?i:type\\s*=\\s*('|\"|)(text/(x-handlebars|(x-(handlebars-)?|ng-)?template|html)[\\s\"'>])))",
                  "end": "((<))(?=/(?i:script))",
                  "endCaptures": {
                    "0": {
                      "name": "meta.tag.metadata.script.html"
                    },
                    "1": {
                      "name": "punctuation.definition.tag.begin.html"
                    },
                    "2": {
                      "name": "text.html.basic"
                    }
                  },
                  "patterns": [
                    {
                      "begin": "\\G",
                      "end": "(>)|(?=/>)",
                      "endCaptures": {
                        "1": {
                          "name": "punctuation.definition.tag.end.html"
                        }
                      },
                      "name": "meta.tag.metadata.script.html",
                      "patterns": [
                        {
                          "include": "#tag-stuff"
                        }
                      ]
                    },
                    {
                      "begin": "(?!\\G)",
                      "end": "(?=</(?i:script))",
                      "name": "text.html.basic",
                      "patterns": [
                        {
                          "include": "text.html.basic"
                        }
                      ]
                    }
                  ]
                },
                {
                  "begin": "(?=(?i:type))",
                  "end": "(<)(?=/(?i:script))",
                  "endCaptures": {
                    "0": {
                      "name": "meta.tag.metadata.script.html"
                    },
                    "1": {
                      "name": "punctuation.definition.tag.begin.html"
                    }
                  },
                  "patterns": [
                    {
                      "begin": "\\G",
                      "end": "(>)|(?=/>)",
                      "endCaptures": {
                        "1": {
                          "name": "punctuation.definition.tag.end.html"
                        }
                      },
                      "name": "meta.tag.metadata.script.html",
                      "patterns": [
                        {
                          "include": "#tag-stuff"
                        }
                      ]
                    },
                    {
                      "begin": "(?!\\G)",
                      "end": "(?=</(?i:script))",
                      "name": "source.unknown"
                    }
                  ]
                }
              ]
            }
          ]
        }
      ]
    },
    {
      "begin": "(</?)((?i:body|head|html)\\b)",
      "captures": {
        "1": {
          "name": "punctuation.definition.tag.html"
        },
        "2": {
          "name": "entity.name.tag.structure.any.html"
        }
      },
      "end": "(>)",
      "name": "meta.tag.structure.any.html",
      "patterns": [
        {
          "include": "#tag-stuff"
        }
      ]
    },
    {
      "begin": "(<\/?)((?i:address|blockquote|dd|div|section|article|aside|header|footer|nav|menu|dl|dt|fieldset|form|frame|frameset|h1|h2|h3|h4|h5|h6|iframe|noframes|object|ol|p|ul|applet|center|dir|hr|pre)(?!-)\\b)",
      "beginCaptures": {
        "1": {
          "name": "punctuation.definition.tag.begin.html"
        },
        "2": {
          "name": "entity.name.tag.block.any.html"
        }
      },
      "end": "(>)",
      "endCaptures": {
        "1": {
          "name": "punctuation.definition.tag.end.html"
        }
      },
      "name": "meta.tag.block.any.html",
      "patterns": [
        {
          "include": "#tag-stuff"
        }
      ]
    },
    {
      "begin": "(</?)((?i:a|abbr|acronym|area|b|base|basefont|bdo|big|br|button|caption|cite|code|col|colgroup|del|dfn|em|font|head|html|i|img|input|ins|isindex|kbd|label|legend|li|link|map|meta|noscript|optgroup|option|param|q|s|samp|script|select|small|span|strike|strong|style|sub|sup|table|tbody|td|textarea|tfoot|th|thead|title|tr|tt|u|var)\\b(?!-))",
      "beginCaptures": {
        "1": {
          "name": "punctuation.definition.tag.begin.html"
        },
        "2": {
          "name": "entity.name.tag.inline.any.html"
        }
      },
      "end": "((?: ?/)?>)",
      "endCaptures": {
        "1": {
          "name": "punctuation.definition.tag.end.html"
        }
      },
      "name": "meta.tag.inline.any.html",
      "patterns": [
        {
          "include": "#tag-stuff"
        }
      ]
    },
    {
      "begin": "(<\/?)([a-zA-Z][a-zA-Z0-9:-]*)",
      "beginCaptures": {
        "1": {
          "name": "punctuation.definition.tag.begin.html"
        },
        "2": {
          "name": "entity.name.tag.other.html"
        }
      },
      "end": "(/?>)",
      "endCaptures": {
        "1": {
          "name": "punctuation.definition.tag.end.html"
        }
      },
      "name": "meta.tag.other.html",
      "patterns": [
        {
          "include": "#tag-stuff"
        }
      ]
    },
    {
      "include": "#entities"
    },
    {
      "match": "<>",
      "name": "invalid.illegal.incomplete.html"
    }
  ],
  "repository": {
    "embedded-code": {
      "patterns": [
        {
          "include": "#smarty"
        },
        {
          "include": "#python"
        }
      ]
    },
    "entities": {
      "patterns": [
        {
          "captures": {
            "1": {
              "name": "punctuation.definition.entity.html"
            },
            "3": {
              "name": "punctuation.definition.entity.html"
            }
          },
          "match": "(&)([a-zA-Z0-9]+|#[0-9]+|#[xX][0-9a-fA-F]+)(;)",
          "name": "constant.character.entity.html"
        },
        {
          "match": "&",
          "name": "invalid.illegal.bad-ampersand.html"
        }
      ]
    },
    "python": {
      "begin": "(?:^\\s*)<\\?python(?!.*\\?>)",
      "end": "\\?>(?:\\s*$\\n)?",
      "name": "source.python.embedded.html",
      "patterns": [
        {
          "include": "source.python"
        }
      ]
    },
    "smarty": {
      "patterns": [
        {
          "begin": "(\\{(literal)\\})",
          "captures": {
            "1": {
              "name": "source.smarty.embedded.html"
            },
            "2": {
              "name": "support.function.built-in.smarty"
            }
          },
          "end": "(\\{/(literal)\\})"
        },
        {
          "begin": "{{|{",
          "disabled": 1,
          "end": "}}|}",
          "name": "source.smarty.embedded.html",
          "patterns": [
            {
              "include": "source.smarty"
            }
          ]
        }
      ]
    },
    "string-double-quoted": {
      "begin": "\"",
      "beginCaptures": {
        "0": {
          "name": "punctuation.definition.string.begin.html"
        }
      },
      "end": "\"",
      "endCaptures": {
        "0": {
          "name": "punctuation.definition.string.end.html"
        }
      },
      "name": "string.quoted.double.html",
      "patterns": [
        {
          "include": "#string.interpolation.html.au"
        },
        {
          "include": "#embedded-code"
        },
        {
          "include": "#entities"
        }
      ]
    },
    "string-single-quoted": {
      "begin": "'",
      "beginCaptures": {
        "0": {
          "name": "punctuation.definition.string.begin.html"
        }
      },
      "end": "'",
      "endCaptures": {
        "0": {
          "name": "punctuation.definition.string.end.html"
        }
      },
      "name": "string.quoted.single.html",
      "patterns": [
        {
          "include": "#string.interpolation.html.au"
        },
        {
          "include": "#embedded-code"
        },
        {
          "include": "#entities"
        }
      ]
    },
    "tag-generic-attribute": {
      "match": "(?<=[^=])\\b([a-zA-Z0-9:-]+)",
      "name": "entity.other.attribute-name.html"
    },
    "tag-id-attribute": {
      "begin": "\\b(id)\\b\\s*(=)",
      "captures": {
        "1": {
          "name": "entity.other.attribute-name.id.html"
        },
        "2": {
          "name": "punctuation.separator.key-value.html"
        }
      },
      "end": "(?!\\G)(?<='|\"|[^\\s<>/])",
      "name": "meta.attribute-with-value.id.html",
      "patterns": [
        {
          "begin": "\"",
          "beginCaptures": {
            "0": {
              "name": "punctuation.definition.string.begin.html"
            }
          },
          "contentName": "meta.toc-list.id.html",
          "end": "\"",
          "endCaptures": {
            "0": {
              "name": "punctuation.definition.string.end.html"
            }
          },
          "name": "string.quoted.double.html",
          "patterns": [
            {
              "include": "#string.interpolation.html.au"
            },
            {
              "include": "#embedded-code"
            },
            {
              "include": "#entities"
            }
          ]
        },
        {
          "begin": "'",
          "beginCaptures": {
            "0": {
              "name": "punctuation.definition.string.begin.html"
            }
          },
          "contentName": "meta.toc-list.id.html",
          "end": "'",
          "endCaptures": {
            "0": {
              "name": "punctuation.definition.string.end.html"
            }
          },
          "name": "string.quoted.single.html",
          "patterns": [
            {
              "include": "#embedded-code"
            },
            {
              "include": "#entities"
            }
          ]
        },
        {
          "captures": {
            "0": {
              "name": "meta.toc-list.id.html"
            }
          },
          "match": "(?<==)(?:[^\\s<>/'\"]|/(?!>))+",
          "name": "string.unquoted.html"
        }
      ]
    },
    "tag-stuff": {
      "patterns": [
        {
          "include": "#tag-aurelia-repeat-for-attribute"
        },
        {
          "include": "#tag-aurelia-view-model-attribute"
        },
        {
          "include": "#tag-aurelia-with-attribute"
        },
        {
          "include": "#tag-aurelia-model-attribute"
        },
        {
          "include": "#tag-aurelia-view-attribute"
        },
        {
          "include": "#tag-aurelia-controller-attribute"
        },
        {
          "include": "#tag-aurelia-matcher-attribute"
        },
        {
          "include": "#tag-aurelia-if-attribute"
        },
        {
          "include": "#tag-aurelia-show-attribute"
        },
        {
          "include": "#tag-aurelia-route-href-attribute"
        },
        {
          "include": "#tag-aurelia-containerless-attribute"
        },
        {
          "include": "#tag-aurelia-compile-spy-attribute"
        },
        {
          "include": "#tag-aurelia-view-spy-attribute"
        },
        {
          "include": "#tag-aurelia-replace-part-attribute"
        },
        {
          "include": "#tag-aurelia-bindable-attribute"
        },
        {
          "include": "#tag-aurelia-attribute-with-databinding-attribute"
        },
        {
          "include": "#tag-aurelia-attribute-with-ref-attribute"
        },
        {
          "include": "#tag-aurelia-attribute-with-invoke-attribute"
        },
        {
          "include": "#tag-aurelia-ref-attribute"
        },
        {
          "include": "#tag-aurelia-replaceable-attribute"
        },
        {
          "include": "#tag-aurelia-as-element-attribute"
        },
        {
          "include": "#tag-id-attribute"
        },
        {
          "include": "#tag-generic-attribute"
        },
        {
          "include": "#string-double-quoted"
        },
        {
          "include": "#string-single-quoted"
        },
        {
          "include": "#embedded-code"
        },
        {
          "include": "#unquoted-attribute"
        }
      ]
    },
    "unquoted-attribute": {
      "match": "(?<==)(?:[^\\s<>/'\"]|/(?!>))+",
      "name": "string.unquoted.html"
    },
    "string.interpolation.html.au": {
      "match": "(\\${)([^{}]*(?:{[^{}]*})*\\s*(?:{[^{}]*})*\\s*(?:{[^{}]*})*\\s*(?:{[^{}]*})*\\s*)(})",
      "captures": {
        "1": {
          "name": "punctuation.definition.string.interpolation.start"
        },
        "2": {
          "name": "meta.string.interpolation"
        },
        "3": {
          "name": "punctuation.definition.string.interpolation.end"
        }
      }
    },
    "compose.html.au": {
      "begin": "(<\/?)((?i:compose)\\b)",
      "beginCaptures": {
        "1": {
          "name": "punctuation.definition.tag.begin.html"
        },
        "2": {
          "name": "compose.element.html.au"
        }
      },
      "end": "(>)",
      "endCaptures": {
        "1": {
          "name": "punctuation.definition.tag.end.html"
        }
      },
      "name": "meta.tag.inline.any.html",
      "patterns": [
        {
          "include": "#tag-stuff"
        }
      ]
    },
    "router-view.html.au": {
      "begin": "(<\/?)((?i:router\\-view)\\b)",
      "beginCaptures": {
        "1": {
          "name": "punctuation.definition.tag.begin.html"
        },
        "2": {
          "name": "router-view.element.html.au"
        }
      },
      "end": "(>)",
      "endCaptures": {
        "1": {
          "name": "punctuation.definition.tag.end.html"
        }
      },
      "name": "meta.tag.inline.any.html",
      "patterns": [
        {
          "include": "#tag-stuff"
        }
      ]
    },
    "let.html.au": {
      "begin": "(<\/?)((?i:let)\\b)",
      "beginCaptures": {
        "1": {
          "name": "punctuation.definition.tag.begin.html"
        },
        "2": {
          "name": "let.element.html.au"
        }
      },
      "end": "(>)",
      "endCaptures": {
        "1": {
          "name": "punctuation.definition.tag.end.html"
        }
      },
      "name": "meta.tag.inline.any.html",
      "patterns": [
        {
          "include": "#tag-stuff"
        }
      ]
    },
    "tag-aurelia-attribute-with-databinding-attribute": {
      "match": "(?<![\"'-])([a-zA-Z0-9:-]+)(?<!controller|bindable|view-model|show|if|naive-if|route-href)(\\.)(bind|one-way|two-way|one-time|from-view|to-view)(?![\"'-;])",
      "captures": {
        "1": {
          "name": "entity.other.attribute-name.html"
        },
        "2": {
          "name": "punctuation.definition.tag.begin.html"
        },
        "3": {
          "name": "databinding.attribute.html.au"
        }
      }
    },
    "tag-aurelia-attribute-with-ref-attribute": {
      "match": "(?<![\"'-])([a-zA-Z0-9:-]+)(?<!controller|view|view-model)(\\.)(ref)(?![\"'-;])",
      "captures": {
        "1": {
          "name": "entity.other.attribute-name.html"
        },
        "2": {
          "name": "punctuation.definition.tag.begin.html"
        },
        "3": {
          "name": "ref.attribute.html.au"
        }
      }
    },
    "tag-aurelia-attribute-with-invoke-attribute": {
      "match": "(?=\\s)[^=](([a-zA-Z0-9:-]+)(\\.)(trigger|delegate|call|capture))",
      "captures": {
        "2": {
          "name": "entity.other.attribute-name.html"
        },
        "3": {
          "name": "punctuation.definition.tag.begin.html"
        },
        "4": {
          "name": "invoke.attribute.html.au"
        }
      }
    },
    "tag-aurelia-repeat-for-attribute": {
      "match": "(?<=[^\"-])(repeat)(\\.)(for)(?![-])",
      "captures": {
        "1": {
          "name": "repeat.attribute.html.au"
        },
        "2": {
          "name": "punctuation.definition.tag.begin.html"
        },
        "3": {
          "name": "for.attribute.html.au"
        }
      }
    },
    "tag-aurelia-with-attribute": {
      "match": "(?<=[^\"-])(with)(?![-])(\\.)?((bind|one-way|two-way|one-time|from-view|to-view))",
      "captures": {
        "1": {
          "name": "with.attribute.html.au"
        },
        "2": {
          "name": "punctuation.definition.tag.begin.html"
        },
        "4": {
          "name": "databinding.attribute.html.au"
        }
      }
    },
    "tag-aurelia-view-model-attribute": {
      "match": "(?<=[^\"-])(view-model)(?![-])(\\.)?((bind|one-way|two-way|one-time|from-view|to-view)|(ref))?",
      "captures": {
        "1": {
          "name": "view-model.attribute.html.au"
        },
        "2": {
          "name": "punctuation.definition.tag.begin.html"
        },
        "4": {
          "name": "databinding.attribute.html.au"
        },
        "5": {
          "name": "ref.attribute.html.au"
        }
      }
    },
    "tag-aurelia-matcher-attribute": {
      "match": "(?<=[^\"-])(matcher)(?![-])(\\.)(bind|one-way|two-way|one-time|from-view|to-view)",
      "captures": {
        "1": {
          "name": "matcher.attribute.html.au"
        },
        "2": {
          "name": "punctuation.definition.tag.begin.html"
        },
        "3": {
          "name": "databinding.attribute.html.au"
        }
      }
    },
    "tag-aurelia-model-attribute": {
      "match": "(?=\\s)[^=-]((model)(\\.)?((bind|one-time|one-way|two-way|from-view|to-view)|(ref))?)",
      "captures": {
        "2": {
          "name": "model.attribute.html.au"
        },
        "3": {
          "name": "punctuation.definition.tag.begin.html"
        },
        "5": {
          "name": "databinding.attribute.html.au"
        },
        "6": {
          "name": "ref.attribute.html.au"
        }
      }
    },
    "tag-aurelia-view-attribute": {
      "match": "(?<![\"'-])\\b(view((\\.)(ref))?(?=\\=))\\b",
      "captures": {
        "1": {
          "name": "view.attribute.html.au"
        },
        "3": {
          "name": "punctuation.definition.tag.begin.html"
        },
        "4": {
          "name": "ref.attribute.html.au"
        }
      }
    },
    "tag-aurelia-controller-attribute": {
      "match": "(?<![\"'-])(controller)(?![\\-])(?=(\\.ref|=))((\\.)?(ref))?",
      "captures": {
        "1": {
          "name": "controller.attribute.html.au"
        },
        "2": {
          "name": "punctuation.definition.tag.begin.html"
        },
        "4": {
          "name": "punctuation.definition.tag.begin.html"
        },
        "5": {
          "name": "ref.attribute.html.au"
        }
      }
    },
    "tag-aurelia-bindable-attribute": {
      "match": "(?<![\\-\"])(bindable)(?![\\.\\-\"])",
      "captures": {
        "1": {
          "name": "bindable.attribute.html.au"
        }
      }
    },
    "tag-aurelia-containerless-attribute": {
      "match": "(containerless)(?= |>)",
      "captures": {
        "1": {
          "name": "containerless.attribute.html.au"
        }
      }
    },
    "tag-aurelia-compile-spy-attribute": {
      "match": "(compile-spy)(?= |>)",
      "captures": {
        "1": {
          "name": "compile-spy.attribute.html.au"
        }
      }
    },
    "tag-aurelia-view-spy-attribute": {
      "match": "(view-spy)(?= |>)",
      "captures": {
        "1": {
          "name": "view-spy.attribute.html.au"
        }
      }
    },
    "tag-aurelia-if-attribute": {
      "match": "(?<=[^\"-])(if|naive-if)(?![-])(\\.)?(bind|one-way|two-way|one-time|from-view|to-view)?",
      "captures": {
        "1": {
          "name": "if.attribute.html.au"
        },
        "2": {
          "name": "punctuation.definition.tag.begin.html"
        },
        "3": {
          "name": "databinding.attribute.html.au"
        }
      }
    },
    "tag-aurelia-route-href-attribute": {
      "match": "(?<=[^\"-])(route-href)(?![-])(\\.)?(bind|one-way|two-way|one-time|from-view|to-view)?",
      "captures": {
        "1": {
          "name": "route-href.attribute.html.au"
        },
        "2": {
          "name": "punctuation.definition.tag.begin.html"
        },
        "3": {
          "name": "databinding.attribute.html.au"
        }
      }
    },
    "tag-aurelia-show-attribute": {
      "match": "(?<=[^\"-])(show)(?![-])(\\.)?(bind|one-way|two-way|one-time|from-view|to-view)?",
      "captures": {
        "1": {
          "name": "show.attribute.html.au"
        },
        "2": {
          "name": "punctuation.definition.tag.begin.html"
        },
        "3": {
          "name": "databinding.attribute.html.au"
        }
      }
    },
    "tag-aurelia-ref-attribute": {
      "match": "\\bref\\b",
      "name": "ref.attribute.html.au"
    },
    "tag-aurelia-as-element-attribute": {
      "match": "(?<![\"'-])\\b(as-element)(?=\\=)\\b",
      "captures": {
        "1": {
          "name": "as-element.attribute.html.au"
        }
      }
    },
    "tag-aurelia-replace-part-attribute": {
      "match": "(?<![\"'-])\\b(replace-part)(?=\\=)\\b",
      "captures": {
        "1": {
          "name": "replace-part.attribute.html.au"
        }
      }
    },
    "tag-aurelia-replaceable-attribute": {
      "match": "(?<!\"')\\b[^=-](replaceable)(?!-)\\b",
      "captures": {
        "1": {
          "name": "replaceable.attribute.html.au"
        }
      }
    }
  }
}
