{
    "Common.Yes": "Да",
    "Common.No": "Нет",
    "Common.remindMeLater": "Напомните мне позже",
    "LanguageServer.settingsMigratedMessage": "Установки Microsoft Language Server были скопированы в установки Pylance. Изменения в файлах settings.json.",
    "LanguageServer.settingsMigrationError": "Следующие становки Microsoft Language Server не были скопированы из-за ошибок:"
}
