{
    "Common.Yes": "Yes",
    "Common.No": "No",
    "Common.remindMeLater": "Remind me later",
    "Common.reload": "Reload",
    "LanguageServer.settingsMigratedMessage": "Settings applicable to Microsoft Language Server were copied to Pylance settings. Please check settings.json file(s) for details.",
    "LanguageServer.settingsMigrationError": "The following settings could not be migrated:",
    "Insiders.installingPreRelease": "Installing Pylance pre-release build...",
    "ClientLoc.typeCheckingModeStatusItem.name": "Python Type Checking Mode",
    "ClientLoc.typeCheckingModeStatusItem.text": "Type Checking: {0}",
    "ClientLoc.typeCheckingModeStatusItem.titleOff": "Switch to off",
    "ClientLoc.typeCheckingModeStatusItem.titleOn": "Switch to on",
    "ClientLoc.updateSettingsErrorMsgFormatted": "Failed to update setting '{0}.{1}'."
}
