{
	"java.server.mode.switch": "切換到標準模式",
	"java.projectConfiguration.update": "重新載入專案",
	"java.project.import": "匯入 Java 專案到工作區",
	"java.open.serverLog": "開啟 Java 語言伺服器日誌檔",
	"java.open.serverStdoutLog": "開啟 Java 語言伺服器輸出日誌檔",
	"java.open.serverStderrLog": "開啟 Java 語言伺服器錯誤日誌檔",
	"java.open.clientLog": "開啟 Java 延伸模組日誌檔",
	"java.open.logs": "開啟所有日誌檔",
	"java.workspace.compile": "強制編譯 Java",
	"java.project.build": "重新建置專案",
	"java.open.formatter.settings": "開啟 Java 格式設定",
	"java.clean.workspace": "清理 Java 語言伺服器工作區",
	"java.project.updateSourceAttachment": "附加原始碼",
	"java.project.addToSourcePath": "將資料夾加入 Java 原始碼路徑",
	"java.project.removeFromSourcePath": "從 Java 始碼路徑中移除資料夾",
	"java.project.listSourcePaths": "列出所有 Java 始碼路徑",
	"java.show.server.task.status": "顯示建置工作狀態",
	"java.action.navigateToSuperImplementation": "移到父類別中的實作",
	"java.action.showTypeHierarchy": "顯示型別階層結構",
	"java.action.showClassHierarchy": "顯示類別階層結構",
	"java.action.showSupertypeHierarchy": "顯示父類別階層結構",
	"java.action.showSubtypeHierarchy": "顯示子類別階層結構",
	"java.action.changeBaseType": "以此型別為基礎",
	"java.project.createModuleInfo.command": "創建 module-info.java"
}