{
	"extension.description": "在 Chrome 瀏覽器中或任何其他支援 Chrome 偵錯工具通訊協定的目標中偵錯 JavaScript 程式碼。",
	"chrome.toggleSkipping.title": "Chrome: 切換跳過此檔案",
	"chrome.toggleSmartStep.title": "Chrome: 切換智慧步驟",
	"chrome.port.description": "要用於 Chrome 遠端偵錯的連接埠。",
	"chrome.address.description": "偵錯連接埠的 TCP/IP 位址",
	"chrome.file.description": "要在瀏覽器中開啟的本機 html 檔案",
	"chrome.url.description": "將會搜尋具有此 EXACT URL 的索引標籤，若有找到，會附加至該索引標籤",
	"chrome.webRoot.description": "這會指定網頁伺服器根目錄的工作區絕對路徑。可用來將 `/app.js` 這類路徑解析成磁碟上的檔案。亦為 pathMapping 的 \"/\" 速記法",
	"chrome.pathMapping.description": "URL/路徑到本機資料夾的對應，用以將 Chrome 中的指令碼解析成磁碟上的指令碼",
	"chrome.runtimeExecutable.description": "要使用之執行階段可執行檔的工作區絕對路徑。若未指定，將會從預設安裝位置使用 Chrome。",
	"chrome.runtimeArgs.description": "傳遞至執行階段可執行檔的選用引數。",
	"chrome.env.description": "環境索引鍵/值組的選用字典。",
	"chrome.cwd.description": "執行階段可執行檔的選用工作目錄。",
	"chrome.sourceMaps.description": "使用 JavaScript 來源對應 (如果有)。",
	"chrome.diagnosticLogging.description": "若為 true，配接器會以人類看得懂的格式，將自己的診斷資訊記錄到主控台",
	"chrome.verboseDiagnosticLogging.description": "若為 true，配接器會記錄所有用戶端和目標的流量 (以及 'diagnosticLogging' 所記錄的資訊)",
	"chrome.trace.description": "若為 'true'，偵錯工具會將追蹤資訊記錄到檔案。若為 'verbose'，則也會在主控台中顯示記錄。",
	"chrome.userDataDir.description": "根據預設會使用暫存資料夾中的個別使用者設定檔啟動 Chrome。使用此選項可予以覆寫。設定為 false 可使用預設使用者設定檔啟動。",
	"chrome.sourceMapPathOverrides.description": "一組對應，用於將來源檔案的位置從 sourcemap 指出的位置重寫成磁碟上的位置。如需詳細資訊，請參閱讀我檔案。",
	"chrome.smartStep.description": "自動逐步執行 sourcemap 檔案中未對應的行。例如，TypeScript 在編譯 async/await 或其他功能時自動產生的程式碼。",
	"chrome.skipFiles.description": "偵錯時要跳過的檔案或資料夾名稱陣列或者路徑 Glob。",
	"chrome.timeout.description": "重試此毫秒數以連線到 Chrome。預設為 10000 毫秒。",
	"chrome.disableNetworkCache.description": "控制是否跳過每個要求的網路快取",
	"chrome.urlFilter.description": "將會搜尋具有此 URL 的頁面，若有找到，會附加至該頁面。可有 * 萬用字元。",
	"chrome.targetTypes.description": "可接受之目標類型的陣列。預設為 `[\"page\"]`。",
	"chrome.showAsyncStacks.description": "顯示造成目前呼叫堆疊的非同步呼叫",
	"chrome.breakOnLoad.description": "實驗性功能 -  如果為 true，偵錯配接器將會嘗試在載入指令碼前，先在其中設定中斷點，以便可在這些指令碼開頭叫用中斷點。這會影響效能。",
	"chrome.breakOnLoadStrategy.description": "要用於 breakOnLoad 的策略。",
	"chrome.breakOnLoadStrategy.instrument.description": "告知 Chrome 在載入每個指令碼時暫停，以解析 sourcemap 及設定中斷點",
	"chrome.breakOnLoadStrategy.regex.description": "在與中斷點設定所在檔案同名的檔案中，以開放模式設定中斷點。"
}