{
	"extension.description": "Chrome ブラウザー、または Chrome Debugger プロトコルをサポートするその他のターゲットで JavaScript コードをデバッグします。",
	"chrome.toggleSkipping.title": "Chrome: このファイルのスキップを切り替え",
	"chrome.toggleSmartStep.title": "Chrome: スマート ステップを切り替え",
	"chrome.port.description": "Chrome リモート デバッグで使用するポートです。",
	"chrome.address.description": "デバッグ ポートの TCP/IP アドレス",
	"chrome.file.description": "ブラウザーで開くローカル HTML ファイル",
	"chrome.url.description": "これとまったく同じ URL のタブを検索し、見つかった場合はそれにアタッチします",
	"chrome.webRoot.description": "これは、Web サーバー ルートに対するワークスペースの絶対パスを指定します。ディスク上のファイルへの `/app.js` などのパスを解決するために使用されます。\"/\" は、pathMapping の短縮形です",
	"chrome.pathMapping.description": "Chrome 内のスクリプトをディスク上のスクリプトに解決する、URL/パスからローカル フォルダーへのマッピングです",
	"chrome.runtimeExecutable.description": "使用するランタイム実行可能ファイルへのワークスペース絶対パスです。指定しない場合、Chrome は既定のインストール場所から使用されます。",
	"chrome.runtimeArgs.description": "省略可能な引数がランタイム実行可能ファイルに渡されました。",
	"chrome.env.description": "環境キー/値のペアから成る省略可能なディクショナリです。",
	"chrome.cwd.description": "ランタイム実行可能ファイル用の省略可能な作業ディレクトリです。",
	"chrome.sourceMaps.description": "JavaScript ソース マップを使用します (存在する場合)。",
	"chrome.diagnosticLogging.description": "true の場合、アダプターは人が読める形式で独自の診断情報をコンソールに記録します",
	"chrome.verboseDiagnosticLogging.description": "true の場合、アダプターはクライアントおよびターゲットとのすべてのトラフィック (および 'diagnosticLogging' によって記録される情報) を記録します",
	"chrome.trace.description": "'true' の場合、デバッガーはトレース情報をファイルに記録します。'verbose' の場合、コンソールでのログの表示も行います。",
	"chrome.userDataDir.description": "既定では、Chrome は一時フォルダーの個別のユーザー プロファイルで起動されます。このオプションを使用するとそれをオーバーライドできます。既定のユーザー プロファイルで起動するには false に設定します。",
	"chrome.sourceMapPathOverrides.description": "ソース ファイルの場所をソースマップに指定されている内容からディスク上の場所へ書き換えるための一連のマッピング。詳しくは Readme をご覧ください。",
	"chrome.smartStep.description": "ソースマップ化されたファイル内のマッピングされていない行を自動的にステップ実行します。たとえば、async/await または他の機能をダウンコンパイルする際に TypeScript が自動的に生成するコードです。",
	"chrome.skipFiles.description": "デバッグ時にスキップする、ファイル名またはフォルダー名の配列、またはパス glob。",
	"chrome.timeout.description": "Chrome への接続を再試行する期間 (ミリ秒単位)。既定値は 10000 ミリ秒です。",
	"chrome.disableNetworkCache.description": "要求ごとのネットワーク キャッシュをスキップするかどうかを制御します",
	"chrome.urlFilter.description": "この URL のページを検索し、見つかった場合はそれにアタッチします。ワイルドカード * を使用できます。",
	"chrome.targetTypes.description": "使用可能なターゲット型の配列です。既定では、`[\"page\"]` です。",
	"chrome.showAsyncStacks.description": "現在の呼び出し履歴に至るまでの非同期呼び出しを表示します",
	"chrome.breakOnLoad.description": "試験的な機能 - true の場合、デバッグ アダプターによって読み込み前のスクリプトにブレークポイントの設定が試みられ、スクリプトの開始時からブレークポイントがヒットするようになります。これはパフォーマンスに影響します。",
	"chrome.breakOnLoadStrategy.description": "breakOnLoad に対して使用する方法。",
	"chrome.breakOnLoadStrategy.instrument.description": "各スクリプトが読み込まれる際に Chrome を一時停止し、ソースマップを解決してブレークポイントを設定します",
	"chrome.breakOnLoadStrategy.regex.description": "ブレークポイントが設定されているファイルと同じ名前を持つファイル内に、ブレークポイントをオプティミスティックに設定します。"
}