{
	"extension.description": "在 Chrome 浏览器或任何其他支持 Chrome 调试器协议的目标中调试 JavaScript 代码。",
	"chrome.toggleSkipping.title": "Chrome:“跳过此文件”开关",
	"chrome.toggleSmartStep.title": "Chrome:“智能步骤”开关",
	"chrome.port.description": "用于 Chrome 远程调试的端口。",
	"chrome.address.description": "调试端口的 TCP/IP 地址。",
	"chrome.file.description": "要在浏览器中打开的本地 HTML 文件",
	"chrome.url.description": "将使用此确切 URL 搜索标签，找到后将连接到该标签",
	"chrome.webRoot.description": "此设置指定 Web 服务器根的工作区绝对路径。用于将 `/app.js` 等路径解析为磁盘上的文件。pathMapping 的速记方式为 \"/\"",
	"chrome.pathMapping.description": "本地文件夹的 URL/路径的映射，用于将 Chrome 中的脚本解析为磁盘上的脚本",
	"chrome.runtimeExecutable.description": "要使用的运行时可执行文件的工作区绝对路径。如果未指定，则将从默认安装位置使用 Chrome。",
	"chrome.runtimeArgs.description": "传递给运行时可执行文件的可选参数。",
	"chrome.env.description": "环境键/值对的可选字典。",
	"chrome.cwd.description": "运行时可执行文件的可选工作目录。",
	"chrome.sourceMaps.description": "使用 JavaScript 源映射(如存在)。",
	"chrome.diagnosticLogging.description": "为 true 时，该适配器会将其自身诊断信息以人类可读格式记录到控制台",
	"chrome.verboseDiagnosticLogging.description": "为 true 时，适配器将记录客户端和目标的所有流量(以及由 diagnosticLogging 记录的信息)",
	"chrome.trace.description": "为 true 时，调试器将在文件中记录跟踪信息。为 verbose 时，还会在控制台中显示日志。",
	"chrome.userDataDir.description": "默认情况下，使用临时文件夹中的单独用户配置文件启动 Chrome 。使用此选项可替代它。设置为 false 可使用默认用户配置文件启动。",
	"chrome.sourceMapPathOverrides.description": "一组用于重写源映射中所述的源文件位置的映射，映射到磁盘上的相应位置。有关详细信息，请参见自述文件。",
	"chrome.smartStep.description": "自动单步运行源映射文件中未映射的行。例如，向下编译异步/等待或其他功能时，TypeScript 自动生成的代码。",
	"chrome.skipFiles.description": "文件或文件夹名称，或者路径 glob 的数组，在调试时跳过。",
	"chrome.timeout.description": "重试此毫秒数以连接到 Chrome。默认值为 10000 毫秒。",
	"chrome.disableNetworkCache.description": "控制是否跳过每个请求的网络缓存",
	"chrome.urlFilter.description": "将使用此 URL 搜索页面，找到后将连接到该页面。可使用 * 通配符。",
	"chrome.targetTypes.description": "可接受的目标类型的数组。默认值为 `[\"page\"]`。",
	"chrome.showAsyncStacks.description": "显示导致当前调用堆栈的异步调用。",
	"chrome.breakOnLoad.description": "实验性功能 - 如果为 true，则调试适配器将尝试在加载脚本之前在其中设置断点，使其可命中这些脚本开头之处的断点。性能会受到影响。",
	"chrome.breakOnLoadStrategy.description": "要用于 breakOnLoad 的策略。",
	"chrome.breakOnLoadStrategy.instrument.description": "指示 Chrome 在加载每个脚本时暂停，以便解析源映射并设置断点",
	"chrome.breakOnLoadStrategy.regex.description": "在与设置断点的文件名相同的文件中乐观地设置断点。"
}