{
	"sysout": {
		"prefix": ["sysout", "sout"],
		"body": [
			"System.out.println($0);"
		],
		"description": "Print to standard out"
	},
	"syserr": {
		"prefix": ["syserr", "serr"],
		"body": [
			"System.err.println($0);"
		],
		"description": "Print to standard err"
	},
	"fori": {
		"prefix": ["fori"],
		"body": [
			"for (${1:int} ${2:i} = ${3:0}; ${2:i} < ${4:max}; ${2:i}++) {",
			"\t$0",
			"}"
		],
		"description": "Indexed for loop"
	},
	"foreach": {
		"prefix": ["foreach", "iter"],
		"body": [
			"for (${1:type} ${2:var} : ${3:iterable}) {",
			"\t$0",
			"}"
		],
		"description": "Enhanced for loop"
	},
	"if": {
		"prefix": ["if"],
		"body": [
			"if (${1:condition}) {",
			"\t$0",
			"}"
		],
		"description": "if statement"
	},
	"ifelse": {
		"prefix": ["ifelse"],
		"body": [
			"if (${1:condition}) {",
			"\t$2",
			"} else {",
			"\t$0",
			"}"
		],
		"description": "if/else statement"
	},
	"ifnull": {
		"prefix": ["ifnull"],
		"body": [
			"if (${1:condition} == null) {",
			"\t$0",
			"}"
		],
		"description": "if statement checking for null"
	},
	"ifnotnull": {
		"prefix": ["ifnotnull"],
		"body": [
			"if (${1:condition} != null) {",
			"\t$0",
			"}"
		],
		"description": "if statement checking for not null"
	},
	"While Statement": {
		"prefix": ["while"],
		"body": [
			"while (${1:condition}) {",
			"\t$0",
			"}"
		],
		"description": "While Statement"
	},
	"Do-While Statement": {
		"prefix": ["dowhile"],
		"body": [
			"do {",
			"\t$0",
			"} while (${1:condition});"
		],
		"description": "Do-While Statement"
	}
}