{
	"python.command.python.sortImports.title": "排序匯入",
	"python.command.python.startREPL.title": "開始 REPL",
	"python.command.python.createEnvironment.title": "Create Environment",
	"python.command.python.createTerminal.title": "建立終端機",
	"python.command.python.execInTerminal.title": "在終端機中執行 Python 檔案",
	"python.command.python.debugInTerminal.title": "偵錯 Python 檔案",
	"python.command.python.execInTerminalIcon.title": "執行 Python 檔案",
	"python.command.python.setInterpreter.title": "選取解譯器",
	"python.command.python.clearWorkspaceInterpreter.title": "清除工作區解譯器設定",
	"python.command.python.viewOutput.title": "顯示輸出",
	"python.command.python.viewLanguageServerOutput.title": "顯示語言伺服器輸出",
	"python.command.python.configureTests.title": "設定測試",
	"python.command.testing.rerunFailedTests.title": "重新執行失敗的測試",
	"python.command.python.execSelectionInTerminal.title": "在 Python 終端機中執行選取項目/行",
	"python.command.python.execSelectionInDjangoShell.title": "在 Django 殼層中執行選取項目/行",
	"python.command.python.goToPythonObject.title": "前往 Python 物件",
	"python.command.python.reportIssue.title": "回報問題...",
	"python.command.python.setLinter.title": "選取 Linter",
	"python.command.python.enableLinting.title": "啟用/停用 Linting",
	"python.command.python.runLinting.title": "是，請通知我",
	"python.command.python.enableSourceMapSupport.title": "啟用延伸模組偵錯的來源對應支援",
	"python.command.python.clearCacheAndReload.title": "清除快取並重新載入視窗",
	"python.command.python.analysis.restartLanguageServer.title": "重新啟動語言伺服器",
	"python.command.python.launchTensorBoard.title": "啟動 Tensorboard",
	"python.command.python.refreshTensorBoard.title": "重新整理 TensorBoard",
	"python.menu.createNewFile.title": "Python 檔案",
	"python.autoComplete.extraPaths.description": "程式庫的路徑清單，以及需要由自動完成引擎所匯出的類似路徑清單。例如，使用 Google App SDK 時，路徑不在系統路徑中，因此必須新增到此清單。",
	"python.condaPath.description": "要用於啟用的 conda 可執行檔路徑 (版本 4.4+)。",
	"python.defaultInterpreterPath.description": "延伸模組第一次載入時使用的預設 Python 路徑，一旦為工作區選取解譯器，就不再使用。請參閱 https://aka.ms/AAfekmf 以了解何時使用此功能",
	"python.diagnostics.sourceMapsEnabled.description": "啟用錯誤記錄檔中有意義堆疊追蹤的來源對應支援。",
	"python.envFile.description": "包含環境變數定義的檔案絕對路徑。",
	"python.experiments.enabled.description": "啟用 Python 延伸模組中的 A/B 測試實驗。如果啟用，您可能會包含在建議的增強功能和/或功能中。",
	"python.experiments.optInto.description": "要選擇加入的實驗清單。如果空白，會指派預設實驗群組給使用者。請參閱 https://github.com/microsoft/vscode-python/wiki/Experiments 以了解更多詳細資料。",
	"python.experiments.optOutFrom.description": "要退出的實驗清單。如果空白，會指派預設實驗群組給使用者。請參閱 https://github.com/microsoft/vscode-python/wiki/Experiments 以了解更多詳細資料。",
	"python.formatting.autopep8Args.description": "傳入的引數。每個引數都是陣列中的個別項目。",
	"python.formatting.autopep8Path.description": "autopep8 路徑，您可以修改此設定以包含完整路徑，以使用自訂版本的 autopep8。",
	"python.formatting.blackArgs.description": "傳入的引數。每個引數都是陣列中的個別項目。",
	"python.formatting.blackPath.description": "Black 路徑，您可以修改此設定以包含完整路徑，以使用自訂版本的 Black。",
	"python.formatting.provider.description": "格式化的提供者。可能的選項包括 'autopep8'、'black' 和 'yapf'。",
	"python.formatting.yapfArgs.description": "傳入的引數。每個引數都是陣列中的個別項目。",
	"python.formatting.yapfPath.description": "yapf 路徑，您可以修改此設定以包含完整路徑，以使用自訂版本的 yapf。",
	"python.globalModuleInstallation.description": "不使用環境時，是否要全域安裝 Python 模組。",
	"python.languageServer.description": "定義語言伺服器的類型。",
	"python.languageServer.defaultDescription": "自動選取語言伺服器: Pylance (如果已安裝且可用)，否則會回傳到 Jedi。",
	"python.languageServer.jediDescription": "在語言伺服器通訊協定 (LSP) 後面使用 Jedi 做為語言伺服器。",
	"python.languageServer.pylanceDescription": "使用 Pylance 做為語言伺服器。",
	"python.languageServer.noneDescription": "停用語言伺服器功能。",
	"python.linting.banditArgs.description": "傳入的引數。每個引數都是陣列中的個別項目。",
	"python.linting.banditEnabled.description": "是否要使用 Bandit 來 lint Python 檔案。",
	"python.linting.banditPath.description": "Bandit 路徑，您可以修改此設定以包含完整路徑，以使用自訂版本的 Bandit。",
	"python.linting.cwd.description": "Linter 的選擇性工作目錄。",
	"python.linting.enabled.description": "是否要 lint Python 檔案。",
	"python.linting.flake8Args.description": "傳入的引數。每個引數都是陣列中的個別項目。",
	"python.linting.flake8CategorySeverity.E.description": "Flake8 訊息類型 'E' 的嚴重性。",
	"python.linting.flake8CategorySeverity.F.description": "Flake8 訊息類型 'F' 的嚴重性。",
	"python.linting.flake8CategorySeverity.W.description": "Flake8 訊息類型 'W' 的嚴重性。",
	"python.linting.flake8Enabled.description": "是否要使用 flake8 來 lint Python 檔案。",
	"python.linting.flake8Path.description": "flake8 路徑，您可以修改此設定以包含完整路徑，以使用自訂版本的 flake8。",
	"python.linting.ignorePatterns.description": "用來排除檔案或資料夾被 lint 的圖樣。",
	"python.interpreter.infoVisibility.description": "控制何時在狀態列中顯示所選解譯器的資訊。",
	"python.interpreter.infoVisibility.never.description": "永不顯示資訊。",
	"python.interpreter.infoVisibility.onPythonRelated.description": "只在開啟 Python 相關檔案時顯示資訊。",
	"python.interpreter.infoVisibility.always.description": "一律顯示資訊。",
	"python.linting.lintOnSave.description": "是否要在儲存時 lint Python 檔案。",
	"python.linting.maxNumberOfProblems.description": "控制伺服器所產生的問題數目上限。",
	"python.linting.mypyArgs.description": "傳入的引數。每個引數都是陣列中的個別項目。",
	"python.linting.mypyCategorySeverity.error.description": "Mypy 訊息類型 'Error' 的嚴重性。",
	"python.linting.mypyCategorySeverity.note.description": "Mypy 訊息類型 'Note' 的嚴重性。",
	"python.linting.mypyEnabled.description": "是否要使用 mypy 來 lint Python 檔案。",
	"python.linting.mypyPath.description": "mypy 路徑，您可以修改此設定以包含完整路徑，以使用自訂版本的 mypy。",
	"python.linting.prospectorArgs.description": "傳入的引數。每個引數都是陣列中的個別項目。",
	"python.linting.prospectorEnabled.description": "是否要使用 prospector 來 lint Python 檔案。",
	"python.linting.prospectorPath.description": "Prospector 路徑，您可以修改此設定以包含完整路徑，以使用自訂版本的 Prospector。",
	"python.linting.pycodestyleArgs.description": "傳入的引數。每個引數都是陣列中的個別項目。",
	"python.linting.pycodestyleCategorySeverity.E.description": "pycodestyle 訊息類型 'E' 的嚴重性。",
	"python.linting.pycodestyleCategorySeverity.W.description": "pycodestyle 訊息類型 'W' 的嚴重性。",
	"python.linting.pycodestyleEnabled.description": "是否要使用 pycodestyle 來 lint Python 檔案。",
	"python.linting.pycodestylePath.description": "pycodestyle 路徑，您可以修改此設定以包含完整路徑，以使用自訂版本的 pycodestyle。",
	"python.linting.pydocstyleArgs.description": "傳入的引數。每個引數都是陣列中的個別項目。",
	"python.linting.pydocstyleEnabled.description": "是否要使用 pydocstyle 來 lint Python 檔案。",
	"python.linting.pydocstylePath.description": "pydocstyle 路徑，您可以修改此設定以包含完整路徑，以使用自訂版本的 pydocstyle。",
	"python.linting.pylamaArgs.description": "傳入的引數。每個引數都是陣列中的個別項目。",
	"python.linting.pylamaEnabled.description": "是否要使用 pylama 來 lint Python 檔案。",
	"python.linting.pylamaPath.description": "pylama 路徑，您可以修改此設定以包含完整路徑，以使用自訂版本的 pylama。",
	"python.linting.pylintArgs.description": "傳入的引數。每個引數都是陣列中的個別項目。",
	"python.linting.pylintCategorySeverity.convention.description": "Pylint 訊息類型 'Convention/C' 的嚴重性。",
	"python.linting.pylintCategorySeverity.error.description": "Pylint 訊息類型 'Error/E' 的嚴重性。",
	"python.linting.pylintCategorySeverity.fatal.description": "Pylint 訊息類型 'Error/F' 的嚴重性。",
	"python.linting.pylintCategorySeverity.refactor.description": "Pylint 訊息類型 'Refactor/R' 的嚴重性。",
	"python.linting.pylintCategorySeverity.warning.description": "Pylint 訊息類型 Warning/W' 的嚴重性。",
	"python.linting.pylintEnabled.description": "是否要使用 pylin 來 lint Python 檔案。",
	"python.linting.pylintPath.description": "Pylint 路徑，您可以修改此設定以包含完整路徑，以使用自訂版本的 Pylint。",
	"python.logging.level.description": "延伸模組記錄的記錄層級，預設為 'error'",
	"python.pipenvPath.description": "要用於啟用的 pipenv 可執行檔路徑。",
	"python.poetryPath.description": "Poetry 可執行檔的路徑。",
	"python.pylanceLspNotebooksEnabled.description": "決定是否使用 Pylance 的實驗性 LSP 筆記本支援。",
	"python.sortImports.args.description": "傳入的引數。每個引數都是陣列中的個別項目。",
	"python.sortImports.path.description": "Isort 指令碼的路徑，預設使用內部版本",
	"python.tensorBoard.logDirectory.description": "將這個設定設為您偏好的 TensorBoard 記錄目錄，以在啟動 TensorBoard 時略過記錄目錄提示。",
	"python.terminal.activateEnvInCurrentTerminal.description": "載入延伸模組時，啟用目前終端中的 Python 環境。",
	"python.terminal.activateEnvironment.description": "在使用延伸模組建立的終端中啟用 Python 環境。",
	"python.terminal.executeInFileDir.description": "在終端中執行檔案時，是否要在檔案目錄中使用執行，而不是使用目前開啟的資料夾。",
	"python.terminal.focusAfterLaunch.description": "啟動 Python 程式時，是否要將焦點放在終端。",
	"python.terminal.launchArgs.description": "Python 啟動引數，以在終端中執行檔案時使用。",
	"python.testing.autoTestDiscoverOnSaveEnabled.description": "儲存測試檔案時啟用自動執行測試探索。",
	"python.testing.cwd.description": "測試的選擇性工作目錄。",
	"python.testing.debugPort.description": "用於測試的偵錯工具連接埠號碼。",
	"python.testing.promptToConfigure.description": "如果發現潛在的測試目錄，則提示您設定測試架構。",
	"python.testing.pytestArgs.description": "傳入的引數。每個引數都是陣列中的個別項目。",
	"python.testing.pytestEnabled.description": "使用 pytest 啟用測試。",
	"python.testing.pytestPath.description": "Pytest 路徑，您可以修改此設定以包含完整路徑，以使用自訂版本的 Pytest。",
	"python.testing.unittestArgs.description": "傳入的引數。每個引數都是陣列中的個別項目。",
	"python.testing.unittestEnabled.description": "使用 unittest 啟用測試。",
	"python.venvFolders.description": "在主目錄中尋找虛擬環境的資料夾 (預設支援 pyenv、direnv 和 virtualenvwrapper)。",
	"python.venvPath.description": "具有虛擬環境清單的資料夾路徑，(例如 ~/.pyenv、~/Envs、~/.virtualenvs)。"
}