{
	"python.command.python.sortImports.title": "§ørt Ïmpørts",
	"python.command.python.startREPL.title": "§tært RËP£",
	"python.command.python.createTerminal.title": "Çrëætë Tërmïñæl",
	"python.command.python.execInTerminal.title": "Rµñ Pÿthøñ Fïlë ïñ Tërmïñæl",
	"python.command.python.debugInTerminal.title": "Ðëþµg Pÿthøñ Fïlë",
	"python.command.python.execInTerminalIcon.title": "Rµñ Pÿthøñ Fïlë",
	"python.command.python.setInterpreter.title": "§ëlëçt Ïñtërprëtër",
	"python.command.python.clearWorkspaceInterpreter.title": "Çlëær Wørkspæçë Ïñtërprëtër §ëttïñg",
	"python.command.python.viewOutput.title": "§høw Øµtpµt",
	"python.command.python.viewLanguageServerOutput.title": "§høw £æñgµægë §ërvër Øµtpµt",
	"python.command.python.configureTests.title": "Çøñfïgµrë Tësts",
	"python.command.testing.rerunFailedTests.title": "Rërµñ Fæïlëð Tësts",
	"python.command.python.execSelectionInTerminal.title": "Rµñ §ëlëçtïøñ/£ïñë ïñ Pÿthøñ Tërmïñæl",
	"python.command.python.execSelectionInDjangoShell.title": "Rµñ §ëlëçtïøñ/£ïñë ïñ Ðjæñgø §hëll",
	"python.command.python.goToPythonObject.title": "Gø tø Pÿthøñ Øþjëçt",
	"python.command.python.reportIssue.title": "Rëpørt Ïssµë...",
	"python.command.python.setLinter.title": "§ëlëçt £ïñtër",
	"python.command.python.enableLinting.title": "Ëñæþlë/Ðïsæþlë £ïñtïñg",
	"python.command.python.runLinting.title": "Rµñ £ïñtïñg",
	"python.command.python.enableSourceMapSupport.title": "Ëñæþlë §øµrçë Mæp §µppørt Før Ëxtëñsïøñ Ðëþµggïñg",
	"python.command.python.clearCacheAndReload.title": "Çlëær Çæçhë æñð Rëløæð Wïñðøw",
	"python.command.python.analysis.restartLanguageServer.title": "Rëstært £æñgµægë §ërvër",
	"python.command.python.launchTensorBoard.title": "£æµñçh Tëñsørßøærð",
	"python.command.python.refreshTensorBoard.title": "Rëfrësh Tëñsørßøærð",
	"python.menu.createNewFile.title": "Pÿthøñ Fïlë",
	"python.autoComplete.extraPaths.description": "£ïst øf pæths tø lïþrærïës æñð thë lïkë thæt ñëëð tø þë ïmpørtëð þÿ æµtø çømplëtë ëñgïñë. Ë.g. whëñ µsïñg Gøøglë Æpp §ÐK, thë pæths ærë ñøt ïñ sÿstëm pæth, hëñçë ñëëð tø þë æððëð ïñtø thïs lïst.",
	"python.condaPath.description": "Pæth tø thë çøñðæ ëxëçµtæþlë tø µsë før æçtïvætïøñ (vërsïøñ 4.4+).",
	"python.defaultInterpreterPath.description": "Pæth tø ðëfæµlt Pÿthøñ tø µsë whëñ ëxtëñsïøñ løæðs µp før thë fïrst tïmë, ñø løñgër µsëð øñçë æñ ïñtërprëtër ïs sëlëçtëð før thë wørkspæçë. §ëë https://ækæ.ms/ÆÆfëkmf tø µñðërstæñð whëñ thïs ïs µsëð",
	"python.diagnostics.sourceMapsEnabled.description": "Ëñæþlë søµrçë mæp sµppørt før mëæñïñgfµl stæçk træçës ïñ ërrør løgs.",
	"python.envFile.description": "Æþsølµtë pæth tø æ fïlë çøñtæïñïñg ëñvïrøñmëñt værïæþlë ðëfïñïtïøñs.",
	"python.experiments.enabled.description": "Ëñæþlës Æ/ß tësts ëxpërïmëñts ïñ thë Pÿthøñ ëxtëñsïøñ. Ïf ëñæþlëð, ÿøµ mæÿ gët ïñçlµðëð ïñ prøpøsëð ëñhæñçëmëñts æñð/ør fëætµrës.",
	"python.experiments.optInto.description": "£ïst øf ëxpërïmëñt tø øpt ïñtø. Ïf ëmptÿ, µsër ïs æssïgñëð thë ðëfæµlt ëxpërïmëñt grøµps. §ëë https://gïthµþ.çøm/mïçrøsøft/vsçøðë-pÿthøñ/wïkï/Ëxpërïmëñts før mørë ðëtæïls.",
	"python.experiments.optOutFrom.description": "£ïst øf ëxpërïmëñt tø øpt øµt øf. Ïf ëmptÿ, µsër ïs æssïgñëð thë ðëfæµlt ëxpërïmëñt grøµps. §ëë https://gïthµþ.çøm/mïçrøsøft/vsçøðë-pÿthøñ/wïkï/Ëxpërïmëñts før mørë ðëtæïls.",
	"python.formatting.autopep8Args.description": "Ærgµmëñts pæssëð ïñ. Ëæçh ærgµmëñt ïs æ sëpærætë ïtëm ïñ thë ærræÿ.",
	"python.formatting.autopep8Path.description": "Pæth tø æµtøpëp8, ÿøµ çæñ µsë æ çµstøm vërsïøñ øf æµtøpëp8 þÿ møðïfÿïñg thïs sëttïñg tø ïñçlµðë thë fµll pæth.",
	"python.formatting.blackArgs.description": "Ærgµmëñts pæssëð ïñ. Ëæçh ærgµmëñt ïs æ sëpærætë ïtëm ïñ thë ærræÿ.",
	"python.formatting.blackPath.description": "Pæth tø ßlæçk, ÿøµ çæñ µsë æ çµstøm vërsïøñ øf ßlæçk þÿ møðïfÿïñg thïs sëttïñg tø ïñçlµðë thë fµll pæth.",
	"python.formatting.provider.description": "Prøvïðër før førmættïñg. Pøssïþlë øptïøñs ïñçlµðë 'æµtøpëp8', 'þlæçk', æñð 'ÿæpf'.",
	"python.formatting.yapfArgs.description": "Ærgµmëñts pæssëð ïñ. Ëæçh ærgµmëñt ïs æ sëpærætë ïtëm ïñ thë ærræÿ.",
	"python.formatting.yapfPath.description": "Pæth tø ÿæpf, ÿøµ çæñ µsë æ çµstøm vërsïøñ øf ÿæpf þÿ møðïfÿïñg thïs sëttïñg tø ïñçlµðë thë fµll pæth.",
	"python.globalModuleInstallation.description": "Whëthër tø ïñstæll Pÿthøñ møðµlës gløþællÿ whëñ ñøt µsïñg æñ ëñvïrøñmëñt.",
	"python.languageServer.description": "Ðëfïñës tÿpë øf thë læñgµægë sërvër.",
	"python.languageServer.defaultDescription": "Æµtømætïçællÿ sëlëçt æ læñgµægë sërvër: Pÿlæñçë ïf ïñstællëð æñð ævæïlæþlë, øthërwïsë fællþæçk tø Jëðï.",
	"python.languageServer.jediDescription": "Üsë Jëðï þëhïñð thë £æñgµægë §ërvër Prøtøçøl (£§P) æs æ læñgµægë sërvër.",
	"python.languageServer.pylanceDescription": "Üsë Pÿlæñçë æs æ læñgµægë sërvër.",
	"python.languageServer.noneDescription": "Ðïsæþlë læñgµægë sërvër çæpæþïlïtïës.",
	"python.linting.banditArgs.description": "Ærgµmëñts pæssëð ïñ. Ëæçh ærgµmëñt ïs æ sëpærætë ïtëm ïñ thë ærræÿ.",
	"python.linting.banditEnabled.description": "Whëthër tø lïñt Pÿthøñ fïlës µsïñg þæñðït.",
	"python.linting.banditPath.description": "Pæth tø þæñðït, ÿøµ çæñ µsë æ çµstøm vërsïøñ øf þæñðït þÿ møðïfÿïñg thïs sëttïñg tø ïñçlµðë thë fµll pæth.",
	"python.linting.cwd.description": "Øptïøñæl wørkïñg ðïrëçtørÿ før lïñtërs.",
	"python.linting.enabled.description": "Whëthër tø lïñt Pÿthøñ fïlës.",
	"python.linting.flake8Args.description": "Ærgµmëñts pæssëð ïñ. Ëæçh ærgµmëñt ïs æ sëpærætë ïtëm ïñ thë ærræÿ.",
	"python.linting.flake8CategorySeverity.E.description": "§ëvërïtÿ øf Flækë8 mëssægë tÿpë 'Ë'.",
	"python.linting.flake8CategorySeverity.F.description": "§ëvërïtÿ øf Flækë8 mëssægë tÿpë 'F'.",
	"python.linting.flake8CategorySeverity.W.description": "§ëvërïtÿ øf Flækë8 mëssægë tÿpë 'W'.",
	"python.linting.flake8Enabled.description": "Whëthër tø lïñt Pÿthøñ fïlës µsïñg flækë8.",
	"python.linting.flake8Path.description": "Pæth tø flækë8, ÿøµ çæñ µsë æ çµstøm vërsïøñ øf flækë8 þÿ møðïfÿïñg thïs sëttïñg tø ïñçlµðë thë fµll pæth.",
	"python.linting.ignorePatterns.description": "Pættërñs µsëð tø ëxçlµðë fïlës ør følðërs frøm þëïñg lïñtëð.",
	"python.interpreter.infoVisibility.description": "Çøñtrøls whëñ tø ðïsplæÿ ïñførmætïøñ øf sëlëçtëð ïñtërprëtër ïñ thë stætµs þær.",
	"python.interpreter.infoVisibility.never.description": "Ñëvër ðïsplæÿ ïñførmætïøñ.",
	"python.interpreter.infoVisibility.onPythonRelated.description": "Øñlÿ ðïsplæÿ ïñførmætïøñ ïf Pÿthøñ-rëlætëð fïlës ærë øpëñëð.",
	"python.interpreter.infoVisibility.always.description": "Ælwæÿs ðïsplæÿ ïñførmætïøñ.",
	"python.linting.lintOnSave.description": "Whëthër tø lïñt Pÿthøñ fïlës whëñ sævëð.",
	"python.linting.maxNumberOfProblems.description": "Çøñtrøls thë mæxïmµm ñµmþër øf prøþlëms prøðµçëð þÿ thë sërvër.",
	"python.linting.mypyArgs.description": "Ærgµmëñts pæssëð ïñ. Ëæçh ærgµmëñt ïs æ sëpærætë ïtëm ïñ thë ærræÿ.",
	"python.linting.mypyCategorySeverity.error.description": "§ëvërïtÿ øf Mÿpÿ mëssægë tÿpë 'Ërrør'.",
	"python.linting.mypyCategorySeverity.note.description": "§ëvërïtÿ øf Mÿpÿ mëssægë tÿpë 'Ñøtë'.",
	"python.linting.mypyEnabled.description": "Whëthër tø lïñt Pÿthøñ fïlës µsïñg mÿpÿ.",
	"python.linting.mypyPath.description": "Pæth tø mÿpÿ, ÿøµ çæñ µsë æ çµstøm vërsïøñ øf mÿpÿ þÿ møðïfÿïñg thïs sëttïñg tø ïñçlµðë thë fµll pæth.",
	"python.linting.prospectorArgs.description": "Ærgµmëñts pæssëð ïñ. Ëæçh ærgµmëñt ïs æ sëpærætë ïtëm ïñ thë ærræÿ.",
	"python.linting.prospectorEnabled.description": "Whëthër tø lïñt Pÿthøñ fïlës µsïñg prøspëçtør.",
	"python.linting.prospectorPath.description": "Pæth tø Prøspëçtør, ÿøµ çæñ µsë æ çµstøm vërsïøñ øf prøspëçtør þÿ møðïfÿïñg thïs sëttïñg tø ïñçlµðë thë fµll pæth.",
	"python.linting.pycodestyleArgs.description": "Ærgµmëñts pæssëð ïñ. Ëæçh ærgµmëñt ïs æ sëpærætë ïtëm ïñ thë ærræÿ.",
	"python.linting.pycodestyleCategorySeverity.E.description": "§ëvërïtÿ øf pÿçøðëstÿlë mëssægë tÿpë 'Ë'.",
	"python.linting.pycodestyleCategorySeverity.W.description": "§ëvërïtÿ øf pÿçøðëstÿlë mëssægë tÿpë 'W'.",
	"python.linting.pycodestyleEnabled.description": "Whëthër tø lïñt Pÿthøñ fïlës µsïñg pÿçøðëstÿlë.",
	"python.linting.pycodestylePath.description": "Pæth tø pÿçøðëstÿlë, ÿøµ çæñ µsë æ çµstøm vërsïøñ øf pÿçøðëstÿlë þÿ møðïfÿïñg thïs sëttïñg tø ïñçlµðë thë fµll pæth.",
	"python.linting.pydocstyleArgs.description": "Ærgµmëñts pæssëð ïñ. Ëæçh ærgµmëñt ïs æ sëpærætë ïtëm ïñ thë ærræÿ.",
	"python.linting.pydocstyleEnabled.description": "Whëthër tø lïñt Pÿthøñ fïlës µsïñg pÿðøçstÿlë.",
	"python.linting.pydocstylePath.description": "Pæth tø pÿðøçstÿlë, ÿøµ çæñ µsë æ çµstøm vërsïøñ øf pÿðøçstÿlë þÿ møðïfÿïñg thïs sëttïñg tø ïñçlµðë thë fµll pæth.",
	"python.linting.pylamaArgs.description": "Ærgµmëñts pæssëð ïñ. Ëæçh ærgµmëñt ïs æ sëpærætë ïtëm ïñ thë ærræÿ.",
	"python.linting.pylamaEnabled.description": "Whëthër tø lïñt Pÿthøñ fïlës µsïñg pÿlæmæ.",
	"python.linting.pylamaPath.description": "Pæth tø pÿlæmæ, ÿøµ çæñ µsë æ çµstøm vërsïøñ øf pÿlæmæ þÿ møðïfÿïñg thïs sëttïñg tø ïñçlµðë thë fµll pæth.",
	"python.linting.pylintArgs.description": "Ærgµmëñts pæssëð ïñ. Ëæçh ærgµmëñt ïs æ sëpærætë ïtëm ïñ thë ærræÿ.",
	"python.linting.pylintCategorySeverity.convention.description": "§ëvërïtÿ øf Pÿlïñt mëssægë tÿpë 'Çøñvëñtïøñ/Ç'.",
	"python.linting.pylintCategorySeverity.error.description": "§ëvërïtÿ øf Pÿlïñt mëssægë tÿpë 'Ërrør/Ë'.",
	"python.linting.pylintCategorySeverity.fatal.description": "§ëvërïtÿ øf Pÿlïñt mëssægë tÿpë 'Ërrør/F'.",
	"python.linting.pylintCategorySeverity.refactor.description": "§ëvërïtÿ øf Pÿlïñt mëssægë tÿpë 'Rëfæçtør/R'.",
	"python.linting.pylintCategorySeverity.warning.description": "§ëvërïtÿ øf Pÿlïñt mëssægë tÿpë 'Wærñïñg/W'.",
	"python.linting.pylintEnabled.description": "Whëthër tø lïñt Pÿthøñ fïlës µsïñg pÿlïñt.",
	"python.linting.pylintPath.description": "Pæth tø Pÿlïñt, ÿøµ çæñ µsë æ çµstøm vërsïøñ øf pÿlïñt þÿ møðïfÿïñg thïs sëttïñg tø ïñçlµðë thë fµll pæth.",
	"python.logging.level.description": "Thë løggïñg lëvël thë ëxtëñsïøñ løgs æt, ðëfæµlts tø 'ërrør'",
	"python.pipenvPath.description": "Pæth tø thë pïpëñv ëxëçµtæþlë tø µsë før æçtïvætïøñ.",
	"python.poetryPath.description": "Pæth tø thë pøëtrÿ ëxëçµtæþlë.",
	"python.pylanceLspNotebooksEnabled.description": "Ðëtërmïñës ïf Pÿlæñçë's ëxpërïmëñtæl £§P ñøtëþøøks sµppørt ïs µsëð ør ñøt.",
	"python.sortImports.args.description": "Ærgµmëñts pæssëð ïñ. Ëæçh ærgµmëñt ïs æ sëpærætë ïtëm ïñ thë ærræÿ.",
	"python.sortImports.path.description": "Pæth tø ïsørt sçrïpt, ðëfæµlt µsïñg ïññër vërsïøñ",
	"python.tensorBoard.logDirectory.description": "§ët thïs sëttïñg tø ÿøµr prëfërrëð Tëñsørßøærð løg ðïrëçtørÿ tø skïp løg ðïrëçtørÿ prømpt whëñ stærtïñg Tëñsørßøærð.",
	"python.terminal.activateEnvInCurrentTerminal.description": "Æçtïvætë Pÿthøñ Ëñvïrøñmëñt ïñ thë çµrrëñt Tërmïñæl øñ løæð øf thë Ëxtëñsïøñ.",
	"python.terminal.activateEnvironment.description": "Æçtïvætë Pÿthøñ Ëñvïrøñmëñt ïñ Tërmïñæl çrëætëð µsïñg thë Ëxtëñsïøñ.",
	"python.terminal.executeInFileDir.description": "Whëñ ëxëçµtïñg æ fïlë ïñ thë tërmïñæl, whëthër tø µsë ëxëçµtë ïñ thë fïlë's ðïrëçtørÿ, ïñstëæð øf thë çµrrëñt øpëñ følðër.",
	"python.terminal.focusAfterLaunch.description": "Whëñ læµñçhïñg æ pÿthøñ prøçëss, whëthër tø føçµs øñ thë tërmïñæl.",
	"python.terminal.launchArgs.description": "Pÿthøñ læµñçh ærgµmëñts tø µsë whëñ ëxëçµtïñg æ fïlë ïñ thë tërmïñæl.",
	"python.testing.autoTestDiscoverOnSaveEnabled.description": "Ëñæþlë æµtø rµñ tëst ðïsçøvërÿ whëñ sævïñg æ tëst fïlë.",
	"python.testing.cwd.description": "Øptïøñæl wørkïñg ðïrëçtørÿ før tësts.",
	"python.testing.debugPort.description": "Pørt ñµmþër µsëð før ðëþµggïñg øf tësts.",
	"python.testing.promptToConfigure.description": "Prømpt tø çøñfïgµrë æ tëst fræmëwørk ïf pøtëñtïæl tësts ðïrëçtørïës ærë ðïsçøvërëð.",
	"python.testing.pytestArgs.description": "Ærgµmëñts pæssëð ïñ. Ëæçh ærgµmëñt ïs æ sëpærætë ïtëm ïñ thë ærræÿ.",
	"python.testing.pytestEnabled.description": "Ëñæþlë tëstïñg µsïñg pÿtëst.",
	"python.testing.pytestPath.description": "Pæth tø pÿtëst (pÿtëst), ÿøµ çæñ µsë æ çµstøm vërsïøñ øf pÿtëst þÿ møðïfÿïñg thïs sëttïñg tø ïñçlµðë thë fµll pæth.",
	"python.testing.unittestArgs.description": "Ærgµmëñts pæssëð ïñ. Ëæçh ærgµmëñt ïs æ sëpærætë ïtëm ïñ thë ærræÿ.",
	"python.testing.unittestEnabled.description": "Ëñæþlë tëstïñg µsïñg µñïttëst.",
	"python.venvFolders.description": "Følðërs ïñ ÿøµr hømë ðïrëçtørÿ tø løøk ïñtø før vïrtµæl ëñvïrøñmëñts (sµppørts pÿëñv, ðïrëñv æñð vïrtµælëñvwræppër þÿ ðëfæµlt).",
	"python.venvPath.description": "Pæth tø følðër wïth æ lïst øf Vïrtµæl Ëñvïrøñmëñts (ë.g. ~/.pÿëñv, ~/Ëñvs, ~/.vïrtµælëñvs)."
}