{"python.command.python.sortImports.title":"Ordina importazioni","python.command.python.startREPL.title":"Avviare REPL","python.command.python.createEnvironment.title":"Crea ambiente","python.command.python.createNewFile.title":"Nuovo file Python","python.command.python.createTerminal.title":"Creare terminale","python.command.python.execInTerminal.title":"Eseguire file Python nel terminale","python.command.python.debugInTerminal.title":"Eseguire il debug del file Python","python.command.python.execInTerminalIcon.title":"Eseguire il file Python","python.command.python.setInterpreter.title":"Selezionare interprete","python.command.python.clearWorkspaceInterpreter.title":"Cancellare l'impostazione dell'interprete dell'area di lavoro","python.command.python.viewOutput.title":"Mostrare output","python.command.python.viewLanguageServerOutput.title":"Mostrare output del server di linguaggio","python.command.python.configureTests.title":"Configurare i test","python.command.testing.rerunFailedTests.title":"Ripetere i test non superati","python.command.python.execSelectionInTerminal.title":"Eseguire selezione/riga nel terminale Python","python.command.python.execSelectionInDjangoShell.title":"Eseguire selezione/riga nella shell Django","python.command.python.reportIssue.title":"Segnala problema...","python.command.python.setLinter.title":"Selezionare Linter","python.command.python.enableLinting.title":"Abilitare/Disabilitare linting","python.command.python.runLinting.title":"Eseguire Linting","python.command.python.enableSourceMapSupport.title":"Abilitare il supporto del mapping di origine per il debug delle estensioni","python.command.python.clearCacheAndReload.title":"Cancella la cache e ricarica la finestra","python.command.python.analysis.restartLanguageServer.title":"Riavviare il server di linguaggio","python.command.python.launchTensorBoard.title":"Avviare Tensorboard","python.command.python.refreshTensorBoard.title":"Aggiornare TensorBoard","python.menu.createNewFile.title":"File Python","python.autoComplete.extraPaths.description":"Elenco di percorsi alle librerie e simili che devono essere importati dal motore di completamento automatico. Ad esempio, quando si usa Google App SDK, i percorsi non si trovano nel percorso di sistema, quindi devono essere aggiunti a questo elenco.","python.condaPath.description":"Percorso dell'eseguibile conda da usare per l'attivazione (versione 4.4+).","python.defaultInterpreterPath.description":"Percorso di Python predefinito da usare quando l'estensione viene caricata per la prima volta, non più usato dopo aver selezionato un interprete per l'area di lavoro. Vedi https://aka.ms/AAfekmf per comprendere quando viene usato","python.diagnostics.sourceMapsEnabled.description":"Abilitare source map supporto per analisi dello stack significative nei log degli errori.","python.envFile.description":"Percorso assoluto di un file che contiene le definizioni delle variabili di ambiente.","python.experiments.enabled.description":"Abilita gli esperimenti di test A/B nell'estensione Python. Se abilitata, è possibile che l'utente venga incluso nei miglioramenti e/o nelle funzionalità proposte.","python.experiments.optInto.description":"Elenco di esperimenti a cui acconsentire esplicitamente. Se vuoto, all'utente vengono assegnati i gruppi di esperimenti predefiniti. Per altri dettagli, vedere https://github.com/microsoft/vscode-python/wiki/Experiments.","python.experiments.optOutFrom.description":"Elenco di esperimenti di cui rifiutare esplicitamente l'uso. Se vuoto, all'utente vengono assegnati i gruppi di esperimenti predefiniti. Per altri dettagli, vedere https://github.com/microsoft/vscode-python/wiki/Experiments.","python.formatting.autopep8Args.description":"Argomenti passati. Ogni argomento è un elemento separato nella matrice.","python.formatting.autopep8Path.description":"Percorso di autopep8. È possibile usare una versione personalizzata di autopep8 modificando questa impostazione in modo da includere il percorso completo.","python.formatting.blackArgs.description":"Argomenti passati. Ogni argomento è un elemento separato nella matrice.","python.formatting.blackPath.description":"Percorso nero. È possibile usare una versione personalizzata del nero modificando questa impostazione in modo da includere il percorso completo.","python.formatting.provider.description":"Provider per la formattazione. Le opzioni possibili includono 'autopep8', 'black' e 'yapf'.","python.formatting.yapfArgs.description":"Argomenti passati. Ogni argomento è un elemento separato nella matrice.","python.formatting.yapfPath.description":"Percorso di yapf. È possibile usare una versione personalizzata di yapf modificando questa impostazione in modo da includere il percorso completo.","python.globalModuleInstallation.description":"Indica se installare i moduli Python a livello globale quando non si usa un ambiente.","python.languageServer.description":"Definisce il tipo del server di linguaggio.","python.languageServer.defaultDescription":"Seleziona automaticamente un server di lingua: Pylance se installato e disponibile; in caso contrario, eseguire il fallback a Jedi.","python.languageServer.jediDescription":"Usare Jedi dietro Il protocollo LSP (Language Server Protocol) come server di linguaggio.","python.languageServer.pylanceDescription":"Usare Pylance come server di linguaggio.","python.languageServer.noneDescription":"Disabilita le funzionalità del server di linguaggio.","python.linting.banditArgs.description":"Argomenti passati. Ogni argomento è un elemento separato nella matrice.","python.linting.banditEnabled.description":"Indica se eseguire il lint dei file Python usando il bandito.","python.linting.banditPath.description":"Percorso del bandire, è possibile usare una versione personalizzata di quest'ultima modificando questa impostazione in modo da includere il percorso completo.","python.linting.cwd.description":"Directory di lavoro facoltativa per linter.","python.linting.enabled.description":"Indica se eseguire il lint dei file Python.","python.linting.flake8Args.description":"Argomenti passati. Ogni argomento è un elemento separato nella matrice.","python.linting.flake8CategorySeverity.E.description":"Gravità del tipo di messaggio \"E\" di tipo Flake8.","python.linting.flake8CategorySeverity.F.description":"Gravità del tipo di messaggio \"F\" di tipo Flake8.","python.linting.flake8CategorySeverity.W.description":"Gravità del tipo di messaggio \"W\" di tipo Flake8.","python.linting.flake8Enabled.description":"Indica se eseguire il lint dei file Python usando flake8.","python.linting.flake8Path.description":"Percorso di flake8. È possibile usare una versione personalizzata di flake8 modificando questa impostazione in modo da includere il percorso completo.","python.linting.ignorePatterns.description":"Modelli usati per escludere i file o le cartelle dal linted.","python.interpreter.infoVisibility.description":"Controlla quando visualizzare le informazioni dell'interprete selezionato nella barra di stato.","python.interpreter.infoVisibility.never.description":"Non visualizzare mai le informazioni.","python.interpreter.infoVisibility.onPythonRelated.description":"Visualizza informazioni solo se vengono aperti file correlati a Python.","python.interpreter.infoVisibility.always.description":"Visualizza sempre le informazioni.","python.linting.lintOnSave.description":"Indica se eseguire il lint dei file Python quando vengono salvati.","python.linting.maxNumberOfProblems.description":"Controlla il numero massimo di problemi generati dal server.","python.linting.mypyArgs.description":"Argomenti passati. Ogni argomento è un elemento separato nella matrice.","python.linting.mypyCategorySeverity.error.description":"Gravità del tipo di messaggio Mypy 'Error'.","python.linting.mypyCategorySeverity.note.description":"Gravità del tipo di messaggio Mypy 'Nota'.","python.linting.mypyEnabled.description":"Indica se eseguire il lint dei file Python usando mypy.","python.linting.mypyPath.description":"Percorso di mypy. È possibile usare una versione personalizzata di mypy modificando questa impostazione in modo da includere il percorso completo.","python.linting.prospectorArgs.description":"Argomenti passati. Ogni argomento è un elemento separato nella matrice.","python.linting.prospectorEnabled.description":"Indica se eseguire il lint dei file Python usando il richiedente.","python.linting.prospectorPath.description":"Percorso del richiedente, è possibile usare una versione personalizzata del richiedente modificando questa impostazione in modo da includere il percorso completo.","python.linting.pycodestyleArgs.description":"Argomenti passati. Ogni argomento è un elemento separato nella matrice.","python.linting.pycodestyleCategorySeverity.E.description":"Gravità del tipo di messaggio pycodestyle 'E'.","python.linting.pycodestyleCategorySeverity.W.description":"Gravità del tipo di messaggio pycodestyle 'W'.","python.linting.pycodestyleEnabled.description":"Indica se eseguire il lint dei file Python usando pycodestyle.","python.linting.pycodestylePath.description":"Percorso di pycodestyle. È possibile usare una versione personalizzata di pycodestyle modificando questa impostazione in modo da includere il percorso completo.","python.linting.pydocstyleArgs.description":"Argomenti passati. Ogni argomento è un elemento separato nella matrice.","python.linting.pydocstyleEnabled.description":"Indica se eseguire il lint dei file Python usando pydocstyle.","python.linting.pydocstylePath.description":"Percorso di pydocstyle. È possibile usare una versione personalizzata di pydocstyle modificando questa impostazione in modo da includere il percorso completo.","python.linting.pylamaArgs.description":"Argomenti passati. Ogni argomento è un elemento separato nella matrice.","python.linting.pylamaEnabled.description":"Indica se eseguire il lint dei file Python usando il pylama.","python.linting.pylamaPath.description":"Percorso del pylama. È possibile usare una versione personalizzata di pylama modificando questa impostazione in modo da includere il percorso completo.","python.linting.pylintArgs.description":"Argomenti passati. Ogni argomento è un elemento separato nella matrice.","python.linting.pylintCategorySeverity.convention.description":"Gravità del tipo di messaggio Pylint 'Convention/C'.","python.linting.pylintCategorySeverity.error.description":"Gravità del tipo di messaggio Pylint 'Error/E'.","python.linting.pylintCategorySeverity.fatal.description":"Gravità del tipo di messaggio Pylint 'Error/F'.","python.linting.pylintCategorySeverity.refactor.description":"Gravità del tipo di messaggio Pylint 'Refactor/R'.","python.linting.pylintCategorySeverity.warning.description":"Gravità del tipo di messaggio Pylint 'Warning/W'.","python.linting.pylintEnabled.description":"Indica se eseguire il lint dei file Python usando pylint.","python.linting.pylintPath.description":"Percorso di Pylint. È possibile usare una versione personalizzata di pylint modificando questa impostazione in modo da includere il percorso completo.","python.logging.level.description":"Livello di registrazione a cui l'estensione registra, per impostazione predefinita 'error'","python.pipenvPath.description":"Percorso del file eseguibile pipenv da usare per l'attivazione.","python.poetryPath.description":"Percorso dell'eseguibile anomalo.","python.sortImports.args.description":"Argomenti passati. Ogni argomento è un elemento separato nella matrice.","python.sortImports.path.description":"Percorso dello script isort, impostazione predefinita con la versione interna","python.tensorBoard.logDirectory.description":"Impostare questa impostazione sulla directory di log di TensorBoard preferita per ignorare la richiesta della directory di log all'avvio di TensorBoard.","python.terminal.activateEnvInCurrentTerminal.description":"Attiva l'ambiente Python nel terminale corrente al caricamento dell'estensione.","python.terminal.activateEnvironment.description":"Attiva l'ambiente Python nel terminale creato usando l'estensione.","python.terminal.executeInFileDir.description":"Quando si esegue un file nel terminale, se usare eseguirlo nella directory del file anziché nella cartella aperta corrente.","python.terminal.focusAfterLaunch.description":"Quando si avvia un terminale Python, indica se spostare il cursore sul terminale.","python.terminal.launchArgs.description":"Argomenti di avvio Python da usare durante l'esecuzione di un file nel terminale.","python.testing.autoTestDiscoverOnSaveEnabled.description":"Abilitare l'individuazione dei test di esecuzione automatica quando si salva un file di test.","python.testing.cwd.description":"Directory di lavoro facoltativa per i test.","python.testing.debugPort.description":"Numero di porta utilizzato per il debug dei test.","python.testing.promptToConfigure.description":"Richiedi di configurare un framework di test se vengono individuate directory di test potenziali.","python.testing.pytestArgs.description":"Argomenti passati. Ogni argomento è un elemento separato nella matrice.","python.testing.pytestEnabled.description":"Abilitare il test con pytest.","python.testing.pytestPath.description":"Percorso di pytest (pytest), è possibile usare una versione personalizzata di pytest modificando questa impostazione in modo da includere il percorso completo.","python.testing.unittestArgs.description":"Argomenti passati. Ogni argomento è un elemento separato nella matrice.","python.testing.unittestEnabled.description":"Abilita il test usando unittest.","python.venvFolders.description":"Cartelle nella home directory da cercare per gli ambienti virtuali (supporta pyenv, direnv e virtualenvwrapper per impostazione predefinita).","python.venvPath.description":"Percorso della cartella con un elenco di ambienti virtuali, ad esempio ~/.pyenv, ~/Envs, ~/.virtualenvs.","python.sortImports.args.deprecationMessage":"Questa impostazione verrà rimossa a breve. In alternativa, usa 'isort.args'.","python.sortImports.path.deprecationMessage":"Questa impostazione verrà rimossa a breve. In alternativa, usa 'isort.path'."}
