{
	"python.command.python.sortImports.title": "İçeri Aktarmaları Sırala",
	"python.command.python.startREPL.title": "REPL'i Başlat",
	"python.command.python.createTerminal.title": "Terminal Oluştur",
	"python.command.python.execInTerminal.title": "Python Dosyasını Terminal'de Çalıştır",
	"python.command.python.debugInTerminal.title": "Python Dosyasında Hata Ayıkla",
	"python.command.python.execInTerminalIcon.title": "Python Dosyasını Çalıştır",
	"python.command.python.setInterpreter.title": "Yorumlayıcı Seç",
	"python.command.python.clearWorkspaceInterpreter.title": "Çalışma Alanı Yorumlayıcısı Ayarını Temizle",
	"python.command.python.viewOutput.title": "Çıktıyı Göster",
	"python.command.python.viewLanguageServerOutput.title": "Dil Sunucusu Çıktısını Göster",
	"python.command.python.configureTests.title": "Testleri yapılandır",
	"python.command.testing.rerunFailedTests.title": "Başarısız Testleri Yeniden Çalıştır",
	"python.command.python.execSelectionInTerminal.title": "Seçimi/Satırı Python Terminali'nde Çalıştır",
	"python.command.python.execSelectionInDjangoShell.title": "Django Kabuğunda Seçimi/Satırı Çalıştır",
	"python.command.python.goToPythonObject.title": "Python Nesnesine Git",
	"python.command.python.reportIssue.title": "Sorun Bildir...",
	"python.command.python.setLinter.title": "Linter'ı seç",
	"python.command.python.enableLinting.title": "Linting'i Etkinleştir/Devre Dışı Bırak",
	"python.command.python.runLinting.title": "Linting’i Çalıştır",
	"python.command.python.enableSourceMapSupport.title": "Uzantı Hata Ayıklaması için Kaynak Eşlemesi Desteğini Etkinleştir",
	"python.command.python.clearCacheAndReload.title": "Clear Cache and Reload Window",
	"python.command.python.analysis.restartLanguageServer.title": "Dil Sunucusunu Yeniden Başlat",
	"python.command.python.launchTensorBoard.title": "TensorBoard’u başlat",
	"python.command.python.refreshTensorBoard.title": "TensorBoard'u Yenile",
	"python.menu.createNewFile.title": "Python Dosyası",
	"python.autoComplete.extraPaths.description": "Kitaplıkların ve otomatik tamamlama altyapısı tarafından içeri aktarılmaları gereken benzer yolların listesi. Örneğin, Google App SDK'sını kullanırken yollar sistem yolunda olmadığından bu listeye ekli olmaları gerekir.",
	"python.condaPath.description": "Etkinleştirme için kullanılacak conda yürütülebilir dosyasının yolu (sürüm 4.4+).",
	"python.defaultInterpreterPath.description": "Uzantı ilk kez yüklenirken kullanılacak varsayılan Python yolu, çalışma alanı için bir yorumlayıcı seçildiğinde artık kullanılmaz. Bunun ne zaman kullanıldığını anlamak için bkz. https://aka.ms/AAfekmf",
	"python.diagnostics.sourceMapsEnabled.description": "Hata günlüklerindeki anlamlı yığın izlemeleri için kaynak eşlemesi desteğini etkinleştirin.",
	"python.envFile.description": "Ortam değişkeni tanımlarını içeren bir dosyanın mutlak yolu.",
	"python.experiments.enabled.description": "Python uzantısında A/B test denemelerini etkinleştirir. Etkin olduğunda, önerilen geliştirmelere ve/veya özelliklere dahil edilebilirsiniz.",
	"python.experiments.optInto.description": "Kabul edilecek denemeler listesi. Boşsa, kullanıcıya varsayılan deneme grupları atanır. Daha fazla ayrıntı için bkz. https://github.com/microsoft/vscode-python/wiki/Experiments",
	"python.experiments.optOutFrom.description": "Geri çevrilecek denemeler listesi. Boşsa, kullanıcıya varsayılan deneme grupları atanır. Daha fazla ayrıntı için bkz. https://github.com/microsoft/vscode-python/wiki/Experiments",
	"python.formatting.autopep8Args.description": "Bağımsız değişkenler geçirildi. Her bağımsız değişken dizideki ayrı bir öğedir.",
	"python.formatting.autopep8Path.description": "Autopep8 yolu. Bu ayarı tam yolu içerecek şekilde değiştirerek özel bir autopep8 sürümünü kullanabilirsiniz.",
	"python.formatting.blackArgs.description": "Bağımsız değişkenler geçirildi. Her bağımsız değişken dizideki ayrı bir öğedir.",
	"python.formatting.blackPath.description": "Black yolu. Bu ayarı tam yolu içerecek şekilde değiştirerek özel bir Black sürümünü kullanabilirsiniz.",
	"python.formatting.provider.description": "Biçimlendirme sağlayıcısı. Olası seçenekler şunlardır: 'autopep8', 'black' ve 'yapf'.",
	"python.formatting.yapfArgs.description": "Bağımsız değişkenler geçirildi. Her bağımsız değişken dizideki ayrı bir öğedir.",
	"python.formatting.yapfPath.description": "Yapf yolu. Bu ayarı tam yolu içerecek şekilde değiştirerek özel bir yapf sürümünü kullanabilirsiniz.",
	"python.globalModuleInstallation.description": "Bir ortam kullanmıyorken Python modüllerinin genel ortamda yüklenip yüklenmeyeceğini belirtir.",
	"python.languageServer.description": "Dil sunucusunun türünü belirtir.",
	"python.languageServer.defaultDescription": "Otomatik olarak bir dil sunucusu seç: Yüklü ve kullanılabilirse Pylance, aksi takdirde Jedi'a geri dön.",
	"python.languageServer.jediDescription": "Jedi'ı Dil Sunucusu Protokolü’nün (LSP) arkasında dil sunucusu olarak kullanın.",
	"python.languageServer.pylanceDescription": "Dil sunucusu olarak Pylance kullanın.",
	"python.languageServer.noneDescription": "Dil sunucusu özelliklerini devre dışı bırak.",
	"python.linting.banditArgs.description": "Bağımsız değişkenler geçirildi. Her bağımsız değişken dizideki ayrı bir öğedir.",
	"python.linting.banditEnabled.description": "Python dosyalarına bandit kullanılarak lint işlemi uygulanıp uygulanmayacağını belirtir.",
	"python.linting.banditPath.description": "Bandit yolu. Bu ayarı tam yolu içerecek şekilde değiştirerek özel bir bandit sürümünü kullanabilirsiniz.",
	"python.linting.cwd.description": "Lint araçları için isteğe bağlı çalışma dizini.",
	"python.linting.enabled.description": "Python dosyalarına lint işlemi uygulanıp uygulanmayacağını belirtir.",
	"python.linting.flake8Args.description": "Bağımsız değişkenler geçirildi. Her bağımsız değişken dizideki ayrı bir öğedir.",
	"python.linting.flake8CategorySeverity.E.description": "Flake8 ileti türü 'E'nin önem derecesi.",
	"python.linting.flake8CategorySeverity.F.description": "Flake8 ileti türü 'F'nin önem derecesi.",
	"python.linting.flake8CategorySeverity.W.description": "Flake8 ileti türü 'W'nin önem derecesi.",
	"python.linting.flake8Enabled.description": "Python dosyalarına flake8 kullanılarak lint işlemi uygulanıp uygulanmayacağını belirtir.",
	"python.linting.flake8Path.description": "Flake8 yolu. Bu ayarı tam yolu içerecek şekilde değiştirerek özel bir flake8 sürümünü kullanabilirsiniz.",
	"python.linting.ignorePatterns.description": "Dosyaları veya klasörleri lint işlemi dışında tutan desenler.",
	"python.interpreter.infoVisibility.description": "Seçili yorumlayıcının bilgilerinin ne zaman durum çubuğunda görüntüleneceğini denetler.",
	"python.interpreter.infoVisibility.never.description": "Hiçbir zaman bilgi görüntüleme.",
	"python.interpreter.infoVisibility.onPythonRelated.description": "Bilgileri yalnızca Python ile ilgili dosyalar açılırsa görüntüleyin.",
	"python.interpreter.infoVisibility.always.description": "Bilgileri her zaman görüntüle.",
	"python.linting.lintOnSave.description": "Python dosyaları kaydedildiğinde lint işlemi uygulanıp uygulanmayacağını belirtir.",
	"python.linting.maxNumberOfProblems.description": "Sunucu tarafından üretilen en fazla sorun sayısını kontrol eder.",
	"python.linting.mypyArgs.description": "Bağımsız değişkenler geçirildi. Her bağımsız değişken dizideki ayrı bir öğedir.",
	"python.linting.mypyCategorySeverity.error.description": "Mypy ileti türü 'Hata'nın önem derecesi.",
	"python.linting.mypyCategorySeverity.note.description": "Mypy ileti türü 'Note'un önem derecesi.",
	"python.linting.mypyEnabled.description": "Python dosyalarına mypy kullanılarak lint işlemi uygulanıp uygulanmayacağını belirtir.",
	"python.linting.mypyPath.description": "Mypy yolu. Bu ayarı tam yolu içerecek şekilde değiştirerek özel bir mypy sürümünü kullanabilirsiniz.",
	"python.linting.prospectorArgs.description": "Bağımsız değişkenler geçirildi. Her bağımsız değişken dizideki ayrı bir öğedir.",
	"python.linting.prospectorEnabled.description": "Python dosyalarına prospector kullanılarak lint işlemi uygulanıp uygulanmayacağını belirtir.",
	"python.linting.prospectorPath.description": "Prospector yolu. Bu ayarı tam yolu içerecek şekilde değiştirerek özel bir prospector sürümünü kullanabilirsiniz.",
	"python.linting.pycodestyleArgs.description": "Bağımsız değişkenler geçirildi. Her bağımsız değişken dizideki ayrı bir öğedir.",
	"python.linting.pycodestyleCategorySeverity.E.description": "Pycodestyle ileti türü 'E'nin önem derecesi.",
	"python.linting.pycodestyleCategorySeverity.W.description": "Pycodestyle ileti türü 'W'nin önem derecesi.",
	"python.linting.pycodestyleEnabled.description": "Python dosyalarına pycodestyle kullanılarak lint işlemi uygulanıp uygulanmayacağını belirtir.",
	"python.linting.pycodestylePath.description": "Pycodestyle yolu. Bu ayarı tam yolu içerecek şekilde değiştirerek özel bir pycodestyle sürümünü kullanabilirsiniz.",
	"python.linting.pydocstyleArgs.description": "Bağımsız değişkenler geçirildi. Her bağımsız değişken dizideki ayrı bir öğedir.",
	"python.linting.pydocstyleEnabled.description": "Python dosyalarına pydocstyle kullanılarak lint işlemi uygulanıp uygulanmayacağını belirtir.",
	"python.linting.pydocstylePath.description": "Pydocstyle yolu. Bu ayarı tam yolu içerecek şekilde değiştirerek özel bir pydocstyle sürümünü kullanabilirsiniz.",
	"python.linting.pylamaArgs.description": "Bağımsız değişkenler geçirildi. Her bağımsız değişken dizideki ayrı bir öğedir.",
	"python.linting.pylamaEnabled.description": "Python dosyalarına pylama kullanılarak lint işlemi uygulanıp uygulanmayacağını belirtir.",
	"python.linting.pylamaPath.description": "Pylama yolu. Bu ayarı tam yolu içerecek şekilde değiştirerek özel bir pylama sürümünü kullanabilirsiniz.",
	"python.linting.pylintArgs.description": "Bağımsız değişkenler geçirildi. Her bağımsız değişken dizideki ayrı bir öğedir.",
	"python.linting.pylintCategorySeverity.convention.description": "Pylint ileti türü 'Convention/C'nin önem derecesi.",
	"python.linting.pylintCategorySeverity.error.description": "Pylint ileti türü 'Error/E'nin önem derecesi.",
	"python.linting.pylintCategorySeverity.fatal.description": "Pylint ileti türü 'Error/F'nin önem derecesi.",
	"python.linting.pylintCategorySeverity.refactor.description": "Pylint ileti türü 'Refactor/R'nin önem derecesi.",
	"python.linting.pylintCategorySeverity.warning.description": "Pylint ileti türü 'Warning/W'nin önem derecesi.",
	"python.linting.pylintEnabled.description": "Python dosyalarına pylint kullanılarak lint işlemi uygulanıp uygulanmayacağını belirtir.",
	"python.linting.pylintPath.description": "Pylint yolu. Bu ayarı tam yolu içerecek şekilde değiştirerek özel bir pylint sürümünü kullanabilirsiniz.",
	"python.logging.level.description": "Uzantının günlük kaydı düzeyi, varsayılan olarak 'error' değeri alınır",
	"python.pipenvPath.description": "Etkinleştirme için kullanılacak pipenv yürütülebilir dosyasının yolu.",
	"python.poetryPath.description": "Poetry yürütülebilir dosyasının yolu.",
	"python.pylanceLspNotebooksEnabled.description": "Pylance'ın deneysel LSP not defterleri desteğinin kullanılıp kullanılmadığını belirtir.",
	"python.sortImports.args.description": "Bağımsız değişkenler geçirildi. Her bağımsız değişken dizideki ayrı bir öğedir.",
	"python.sortImports.path.description": "Isort betiğinin yolu, iç sürüm kullanılarak varsayılan",
	"python.tensorBoard.logDirectory.description": "TensorBoard başlatılırken günlük dizini istemini atlamak için bu ayarı tercih ettiğiniz TensorBoard günlük dizinine ayarlayın.",
	"python.terminal.activateEnvInCurrentTerminal.description": "Uzantı yüklenirken geçerli Terminal'de Python Ortamını etkinleştirin.",
	"python.terminal.activateEnvironment.description": "Uzantı kullanılarak oluşturulan Terminal'de Python Ortamını etkinleştirin.",
	"python.terminal.executeInFileDir.description": "Terminalde bir dosya yürütülürken, bu dosyanın geçerli açık klasör yerine kendi dizininde yürütülüp yürütülmeyeceğini belirtir.",
	"python.terminal.focusAfterLaunch.description": "Python işlemi başlatılırken terminale odaklanılıp odaklanılmayacağını belirtir.",
	"python.terminal.launchArgs.description": "Terminalde bir dosya yürütülürken kullanılacak Python başlatma bağımsız değişkenleri.",
	"python.testing.autoTestDiscoverOnSaveEnabled.description": "Test dosyasını kaydederken test bulmayı otomatik çalıştırmayı etkinleştirin.",
	"python.testing.cwd.description": "Testler için isteğe bağlı çalışma dizini.",
	"python.testing.debugPort.description": "Testlerde hata ayıklama için kullanılan bağlantı noktası numarası.",
	"python.testing.promptToConfigure.description": "Olası test dizinleri keşfedilirse test çerçevesi yapılandırması için sor.",
	"python.testing.pytestArgs.description": "Bağımsız değişkenler geçirildi. Her bağımsız değişken dizideki ayrı bir öğedir.",
	"python.testing.pytestEnabled.description": "Pytest kullanarak test etmeyi etkinleştirin.",
	"python.testing.pytestPath.description": "Pytest yolu (pytest). Bu ayarı tam yolu içerecek şekilde değiştirerek özel bir pytest sürümünü kullanabilirsiniz.",
	"python.testing.unittestArgs.description": "Bağımsız değişkenler geçirildi. Her bağımsız değişken dizideki ayrı bir öğedir.",
	"python.testing.unittestEnabled.description": "Unittest kullanarak test etmeyi etkinleştirin.",
	"python.venvFolders.description": "Giriş dizininizde sanal ortamlar için aranacak klasörler (varsayılan olarak pyenv, direnv ve virtualenvwrapper'ı destekler).",
	"python.venvPath.description": "Sanal Ortamlar listesini içeren klasörün yolu (ör. ~/.pyenv, ~/Envs, ~/.virtualenvs)."
}