{"python.command.python.sortImports.title":"Seřadit importy","python.command.python.startREPL.title":"Spustit REPL","python.command.python.createEnvironment.title":"Vytvořit prostředí","python.command.python.createNewFile.title":"Nový soubor Python","python.command.python.createTerminal.title":"Vytvořit terminál","python.command.python.execInTerminal.title":"Spustit soubor Python v terminálu","python.command.python.debugInTerminal.title":"Ladit soubor Python","python.command.python.execInTerminalIcon.title":"Spustit soubor Python","python.command.python.setInterpreter.title":"Vybrat interpret","python.command.python.clearWorkspaceInterpreter.title":"Vymazat nastavení interpretu pracovního prostoru","python.command.python.viewOutput.title":"Zobrazit výstup","python.command.python.viewLanguageServerOutput.title":"Zobrazit výstup jazykového serveru","python.command.python.configureTests.title":"Nakonfigurovat testy","python.command.testing.rerunFailedTests.title":"Znovu spustit neúspěšné testy","python.command.python.execSelectionInTerminal.title":"Spustit Výběr/Řádek v terminálu Python","python.command.python.execSelectionInDjangoShell.title":"Spustit Výběr/Řádek v prostředí Django","python.command.python.reportIssue.title":"Nahlásit problém","python.command.python.setLinter.title":"Vybrat Linter","python.command.python.enableLinting.title":"Povolit/Zakázat lintování","python.command.python.runLinting.title":"Spustit Lintování","python.command.python.enableSourceMapSupport.title":"Povolit podporu sourcemap pro ladění rozšíření","python.command.python.clearCacheAndReload.title":"Vymazat okno Mezipaměti a Znovu načíst","python.command.python.analysis.restartLanguageServer.title":"Restartovat jazykový server","python.command.python.launchTensorBoard.title":"Spustit Tensorboard","python.command.python.refreshTensorBoard.title":"Aktualizovat TensorBoard","python.menu.createNewFile.title":"Soubor Python","python.autoComplete.extraPaths.description":"Seznam cest ke knihovnám a podobně, které je třeba importovat modulem automatického dokončování Například při používání sady Google App SDK nejsou cesty v systémové cestě, takže je nutné je přidat do tohoto seznamu.","python.condaPath.description":"Cesta ke spustitelnému souboru conda, které se má použít pro aktivaci (verze 4.4+).","python.defaultInterpreterPath.description":"Cesta k výchozímu Python, který se má použít při prvním načtení rozšíření, se už nepoužívá, jakmile se pro pracovní prostor vybere interpret. Informace o tom, kdy se používá, najdete v https://aka.ms/AAfekmf","python.diagnostics.sourceMapsEnabled.description":"Povolit podporu sourcemap pro smysluplná trasování zásobníku v protokolech chyb.","python.envFile.description":"Absolutní cesta k souboru, který obsahuje definice proměnných prostředí","python.experiments.enabled.description":"Povolí experimenty testů A/B v rozšíření Python. Pokud jsou povolené, můžete být zahrnuti do navrhovaných vylepšení a/nebo funkcí.","python.experiments.optInto.description":"Seznam experimentů, ke kterým se lze přihlásit. Pokud je prázdný, je uživatel přiřazen k výchozí skupinám experimentů. Další podrobnosti najdete na webu https://github.com/microsoft/vscode-python/wiki/Experiments.","python.experiments.optOutFrom.description":"Seznam experimentů, ze kterých se lze odhlásit. Pokud je prázdný, je uživatel přiřazen k výchozí skupinám experimentů. Další podrobnosti najdete na webu https://github.com/microsoft/vscode-python/wiki/Experiments.","python.formatting.autopep8Args.description":"Argumenty se přidaly. Každý argument je samostatnou položkou v poli.","python.formatting.autopep8Path.description":"Cesta k autopep8. Můžete použít vlastní verzi autopep8 upravením tohoto nastavení tak, aby zahrnovalo celou cestu.","python.formatting.blackArgs.description":"Argumenty se přidaly. Každý argument je samostatnou položkou v poli.","python.formatting.blackPath.description":"Cesta k Black. Můžete použít vlastní verzi Black upravením tohoto nastavení tak, aby zahrnovalo celou cestu.","python.formatting.provider.description":"Poskytovatel formátování. Možnosti zahrnují „autopep8“, „black“ a „yapf“.","python.formatting.yapfArgs.description":"Argumenty se přidaly. Každý argument je samostatnou položkou v poli.","python.formatting.yapfPath.description":"Cesta k yapf. Můžete použít vlastní verzi yapf upravením tohoto nastavení tak, aby zahrnovalo celou cestu.","python.globalModuleInstallation.description":"Jestli se mají soubory Python instalovat globálně, když se nepoužívá prostředí.","python.languageServer.description":"Definuje typ jazykového serveru.","python.languageServer.defaultDescription":"Automaticky vybrat jazykový server: Pylance, pokud je nainstalované a k dispozici. Pokud ne, použít Jedi.","python.languageServer.jediDescription":"Jako jazykový server použít Jedi za protokolem Language Server Protocol (LSP).","python.languageServer.pylanceDescription":"Použít pylance jako jazykový server.","python.languageServer.noneDescription":"Zakázat možnosti jazykového serveru.","python.linting.banditArgs.description":"Argumenty se přidaly. Každý argument je samostatnou položkou v poli.","python.linting.banditEnabled.description":"Jestli se mají soubory Python lintovat pomocí nástroje bandit.","python.linting.banditPath.description":"Cesta k nástroji bandit. Můžete použít vlastní verzi nástroje bandit upravením tohoto nastavení tak, aby zahrnovalo celou cestu.","python.linting.cwd.description":"Volitelný pracovní adresář pro lintery.","python.linting.enabled.description":"Jestli se mají soubory Python lintovat.","python.linting.flake8Args.description":"Argumenty se přidaly. Každý argument je samostatnou položkou v poli.","python.linting.flake8CategorySeverity.E.description":"Závažnost „E“ typu zprávy Flake8.","python.linting.flake8CategorySeverity.F.description":"Závažnost „F“ typu zprávy Flake8.","python.linting.flake8CategorySeverity.W.description":"Závažnost „W“ typu zprávy Flake8.","python.linting.flake8Enabled.description":"Jestli se mají soubory Python lintovat pomocí flake8.","python.linting.flake8Path.description":"Cesta k flake8. Můžete použít vlastní verzi flake8 upravením tohoto nastavení tak, aby zahrnovalo celou cestu.","python.linting.ignorePatterns.description":"Vzory používané k vyloučení souborů nebo složek z lintování.","python.interpreter.infoVisibility.description":"Určuje, kdy se mají na stavovém řádku zobrazit informace o vybraném interpretu.","python.interpreter.infoVisibility.never.description":"Nikdy nezobrazovat informace.","python.interpreter.infoVisibility.onPythonRelated.description":"Informace se zobrazí pouze v případě, že jsou otevřeny soubory související s Pythonem.","python.interpreter.infoVisibility.always.description":"Vždy zobrazovat informace.","python.linting.lintOnSave.description":"Jestli se mají soubory Python lintovat při uložení.","python.linting.maxNumberOfProblems.description":"Řídí maximální počet problém, které vytváří server.","python.linting.mypyArgs.description":"Argumenty se přidaly. Každý argument je samostatnou položkou v poli.","python.linting.mypyCategorySeverity.error.description":"Závažnost „Error“ typu zprávy mypy.","python.linting.mypyCategorySeverity.note.description":"Závažnost „Note“ typu zprávy Mypy.","python.linting.mypyEnabled.description":"Jestli se mají soubory Python lintovat pomocí mypy.","python.linting.mypyPath.description":"Cesta k mypy. Můžete použít vlastní verzi mypy upravením tohoto nastavení tak, aby zahrnovalo celou cestu.","python.linting.prospectorArgs.description":"Argumenty se přidaly. Každý argument je samostatnou položkou v poli.","python.linting.prospectorEnabled.description":"Jestli se mají soubory Python lintovat pomocí prospektoru.","python.linting.prospectorPath.description":"Cesta k Prospektoru. Můžete použít vlastní verzi prospektoru upravením tohoto nastavení tak, aby zahrnovalo celou cestu.","python.linting.pycodestyleArgs.description":"Argumenty se přidaly. Každý argument je samostatnou položkou v poli.","python.linting.pycodestyleCategorySeverity.E.description":"Závažnost „E“ typu zprávy pycodestyle.","python.linting.pycodestyleCategorySeverity.W.description":"Závažnost „W“ typu zprávy pycodestyle.","python.linting.pycodestyleEnabled.description":"Jestli se mají soubory Python lintovat pomocí pycodestyle.","python.linting.pycodestylePath.description":"Cesta k pycodestyle. Můžete použít vlastní verzi pycodestyle upravením tohoto nastavení tak, aby zahrnovalo celou cestu.","python.linting.pydocstyleArgs.description":"Argumenty se přidaly. Každý argument je samostatnou položkou v poli.","python.linting.pydocstyleEnabled.description":"Jestli se mají soubory Python lintovat pomocí pydocstyle.","python.linting.pydocstylePath.description":"Cesta k pydocstyle. Můžete použít vlastní verzi pydocstyle upravením tohoto nastavení tak, aby zahrnovalo celou cestu.","python.linting.pylamaArgs.description":"Argumenty se přidaly. Každý argument je samostatnou položkou v poli.","python.linting.pylamaEnabled.description":"Jestli se mají soubory Python lintovat pomocí pylama.","python.linting.pylamaPath.description":"Cesta k pylama. Můžete použít vlastní verzi pylama upravením tohoto nastavení tak, aby zahrnovalo celou cestu.","python.linting.pylintArgs.description":"Argumenty se přidaly. Každý argument je samostatnou položkou v poli.","python.linting.pylintCategorySeverity.convention.description":"Závažnost „Convention/C“ typu zprávy Pylint.","python.linting.pylintCategorySeverity.error.description":"Závažnost „Error/E“ typu zprávy pycodestyle.","python.linting.pylintCategorySeverity.fatal.description":"Závažnost „Error/F“ typu zprávy Pylint.","python.linting.pylintCategorySeverity.refactor.description":"Závažnost „Refactor/R“ typu zprávy Pylint.","python.linting.pylintCategorySeverity.warning.description":"Závažnost „Warning/W“ typu zprávy Pylint.","python.linting.pylintEnabled.description":"Jestli se mají soubory Python lintovat pomocí pylint.","python.linting.pylintPath.description":"Cesta k pylint. Můžete použít vlastní verzi pylint upravením tohoto nastavení tak, aby zahrnovalo celou cestu.","python.logging.level.description":"Úroveň protokolování protokolů rozšíření se nastavuje na výchozí „chyba“","python.pipenvPath.description":"Cesta ke spustitelnému souboru pipenv, který se má použít pro aktivaci.","python.poetryPath.description":"Cesta ke spustitelnému souboru typu poetry.","python.sortImports.args.description":"Argumenty se přidaly. Každý argument je samostatnou položkou v poli.","python.sortImports.path.description":"Cesta ke skriptu isort, výchozí používá vnitřní verzi","python.tensorBoard.logDirectory.description":"Nastavte toto nastavení na vámi upřednostňovaný adresář protokolu TensorBoard, abyste při spouštění TensorBoard přeskočili výzvu adresáře protokolu¨.","python.terminal.activateEnvInCurrentTerminal.description":"Aktivovat Prostředí Python u aktuálního Terminálu při načtení Rozšíření.","python.terminal.activateEnvironment.description":"Aktivovat Prostředí Python v Terminálu vytvořeném pomocí Rozšíření.","python.terminal.executeInFileDir.description":"Při provádění souboru v terminálu se určuje, jestli se má místo aktuální otevřené složky použít příkaz execute v adresáři souboru.","python.terminal.focusAfterLaunch.description":"Jestli se má kurzor při spouštění terminálu Pythonu umístit do terminálu.","python.terminal.launchArgs.description":"Argumenty spuštění Python, které se mají použít při spouštění souboru v terminálu.","python.testing.autoTestDiscoverOnSaveEnabled.description":"Povolit zjišťování testů automatického spuštění při ukládání testovacího souboru.","python.testing.cwd.description":"Volitelný pracovní adresář pro testy.","python.testing.debugPort.description":"Číslo portu, který se používá pro ladění testů.","python.testing.promptToConfigure.description":"Výzva k nakonfigurování architektury testu, pokud dojde k odhalení potenciálních adresářů pro testování.","python.testing.pytestArgs.description":"Argumenty se přidaly. Každý argument je samostatnou položkou v poli.","python.testing.pytestEnabled.description":"Povolit testování pomocé pytest.","python.testing.pytestPath.description":"Cesta k pytest (pytest). Můžete použít vlastní verzi pytest upravením tohoto nastavení tak, aby zahrnovalo celou cestu.","python.testing.unittestArgs.description":"Argumenty se přidaly. Každý argument je samostatnou položkou v poli.","python.testing.unittestEnabled.description":"Povolit testování pomocí unittestu.","python.venvFolders.description":"Složky v domovském adresáři, ve kterých se mají hledat virtuální prostředí (ve výchozím nastavení podporují pyenv, direnv a virtualenvwrapper)","python.venvPath.description":"Cesta ke složce se seznamem Virtuálních prostředí (např. ~/.pyenv, ~/Envs, ~/.virtualenvs).","python.sortImports.args.deprecationMessage":"Toto nastavení bude brzy odebráno. Místo toho použijte isort.args.","python.sortImports.path.deprecationMessage":"Toto nastavení bude brzy odebráno. Místo toho použijte isort.path."}
