{"python.command.python.sortImports.title":"Importe sortieren","python.command.python.startREPL.title":"ERSATZ starten","python.command.python.createEnvironment.title":"Umgebung erstellen","python.command.python.createNewFile.title":"Neue Python-Datei","python.command.python.createTerminal.title":"Terminal erstellen","python.command.python.execInTerminal.title":"Führen Sie die Python-Datei im Terminal aus","python.command.python.debugInTerminal.title":"Python-Datei debuggen","python.command.python.execInTerminalIcon.title":"Führen Sie die Python-Datei aus","python.command.python.setInterpreter.title":"Dolmetscher auswählen","python.command.python.clearWorkspaceInterpreter.title":"Löschen Sie die Workspace Interpreter-Einstellung","python.command.python.viewOutput.title":"Ausgabe Anzeigen","python.command.python.viewLanguageServerOutput.title":"Ausgabe des Sprachservers anzeigen","python.command.python.configureTests.title":"Tests konfigurieren","python.command.testing.rerunFailedTests.title":"Fehlerhafte Tests erneut ausführen","python.command.python.execSelectionInTerminal.title":"Führen Sie Selection/Line im Python-Terminal aus","python.command.python.execSelectionInDjangoShell.title":"Führen Sie Selection/Line in Django Shell aus","python.command.python.reportIssue.title":"Problem melden...","python.command.python.setLinter.title":"Linter auswählen","python.command.python.enableLinting.title":"Linting aktivieren/deaktivieren","python.command.python.runLinting.title":"Führen Sie Linting aus","python.command.python.enableSourceMapSupport.title":"Aktivieren Sie die Quellzuordnungsunterstützung für das Debuggen von Erweiterungen","python.command.python.clearCacheAndReload.title":"Fenster \"Cache löschen und neu laden\"","python.command.python.analysis.restartLanguageServer.title":"Sprachserver neu starten","python.command.python.launchTensorBoard.title":"Starten Sie TensorBoard","python.command.python.refreshTensorBoard.title":"Aktualisieren Sie TensorBoard","python.menu.createNewFile.title":"Python-Datei","python.autoComplete.extraPaths.description":"Liste der Pfade zu Bibliotheken und ähnlichem, die von der Engine für die automatische Vervollständigung importiert werden müssen. Wenn z. B. das Google App SDK verwendet wird, befinden sich die Pfade nicht im Systempfad und müssen daher dieser Liste hinzugefügt werden.","python.condaPath.description":"Pfad zur ausführbaren Conda-Datei, die für die Aktivierung verwendet werden soll (Version 4.4 und höher).","python.defaultInterpreterPath.description":"Pfad zum Standard-Python, das verwendet wird, wenn die Erweiterung zum ersten Mal geladen wird; wird nicht mehr verwendet, sobald ein Interpreter für den Arbeitsbereich ausgewählt wurde. Siehe https://aka.ms/AAfekmf, um zu erfahren, wann dies verwendet wird.","python.diagnostics.sourceMapsEnabled.description":"Quellzuordnungsunterstützung für aussagekräftige Stapelüberwachungen in Fehlerprotokollen.","python.envFile.description":"Absoluter Pfad zu einer Datei mit Umgebungsvariablendefinitionen.","python.experiments.enabled.description":"Aktiviert A/B-Testexperimente in der Python-Erweiterung. Falls aktiviert, werden Sie möglicherweise in vorgeschlagene Verbesserungen und/oder Funktionen einbezogen.","python.experiments.optInto.description":"Liste der Experimente, für die die Anmeldung erfolgen soll. Wenn leer, wird dem Benutzer die Standardexperimentgruppe zugewiesen. Weitere Informationen finden Sie unter https://github.com/microsoft/vscode-python/wiki/Experiments.","python.experiments.optOutFrom.description":"Liste der Experimente, für die die Abmeldung erfolgen soll. Wenn leer, wird dem Benutzer die Standardexperimentgruppe zugewiesen. Weitere Informationen finden Sie unter https://github.com/microsoft/vscode-python/wiki/Experiments.","python.formatting.autopep8Args.description":"Übergebene Argumente. Jedes Argument ist ein separates Element im Array.","python.formatting.autopep8Path.description":"Pfad zu autopep8. Sie können eine benutzerdefinierte Version von autopep8 verwenden, indem Sie diese Einstellung ändern, um den vollständigen Pfad einzuschließen.","python.formatting.blackArgs.description":"Übergebene Argumente. Jedes Argument ist ein separates Element im Array.","python.formatting.blackPath.description":"Pfad zu Black. Sie können eine benutzerdefinierte Version von Black verwenden, indem Sie diese Einstellung ändern, um den vollständigen Pfad einzuschließen.","python.formatting.provider.description":"Anbieter für die Formatierung. Mögliche Optionen sind „autopep8“, „black“ und „yapf“.","python.formatting.yapfArgs.description":"Übergebene Argumente. Jedes Argument ist ein separates Element im Array.","python.formatting.yapfPath.description":"Pfad zu yapf. Sie können eine benutzerdefinierte Version von yapf verwenden, indem Sie diese Einstellung ändern, um den vollständigen Pfad einzuschließen.","python.globalModuleInstallation.description":"Gibt an, ob Python-Module global installiert werden sollen, wenn keine Umgebung verwendet wird.","python.languageServer.description":"Definiert den Typ des Sprachservers.","python.languageServer.defaultDescription":"Automatisch einen Sprachserver auswählen: Pylance, falls installiert und verfügbar, andernfalls Fallback auf Jedi.","python.languageServer.jediDescription":"Jedi hinter dem Sprachserverprotokoll (LSP) als Sprachserver verwenden.","python.languageServer.pylanceDescription":"Pylance als Sprachserver verwenden.","python.languageServer.noneDescription":"Sprachserverfunktionen deaktivieren.","python.linting.banditArgs.description":"Übergebene Argumente. Jedes Argument ist ein separates Element im Array.","python.linting.banditEnabled.description":"Gibt an, ob Python-Dateien mithilfe von bandit gelintet werden sollen.","python.linting.banditPath.description":"Pfad zu bandit. Sie können eine benutzerdefinierte Version von bandit verwenden, indem Sie diese Einstellung ändern, um den vollständigen Pfad einzuschließen.","python.linting.cwd.description":"Optionales Arbeitsverzeichnis für Linter.","python.linting.enabled.description":"Gibt an, ob Python-Dateien gelintet werden sollen.","python.linting.flake8Args.description":"Übergebene Argumente. Jedes Argument ist ein separates Element im Array.","python.linting.flake8CategorySeverity.E.description":"Schweregrad des Flake8-Nachrichtentyps „E“.","python.linting.flake8CategorySeverity.F.description":"Schweregrad des Flake8-Nachrichtentyps „F“.","python.linting.flake8CategorySeverity.W.description":"Schweregrad des Flake8-Nachrichtentyps „W“.","python.linting.flake8Enabled.description":"Gibt an, ob Python-Dateien mithilfe von flake8 gelintet werden sollen.","python.linting.flake8Path.description":"Pfad zu flake8. Sie können eine benutzerdefinierte Version von flake8 verwenden, indem Sie diese Einstellung ändern, um den vollständigen Pfad einzuschließen.","python.linting.ignorePatterns.description":"Muster, die verwendet werden, um Dateien oder Ordner von der Lint-Ausführung auszuschließen.","python.interpreter.infoVisibility.description":"Kontrolliert, wann Informationen des ausgewählten Interpreters in der Statusleiste angezeigt werden.","python.interpreter.infoVisibility.never.description":"Niemals Informationen anzeigen.","python.interpreter.infoVisibility.onPythonRelated.description":"Informationen nur anzeigen, wenn Python-bezogene Dateien geöffnet werden.","python.interpreter.infoVisibility.always.description":"Immer Informationen anzeigen.","python.linting.lintOnSave.description":"Gibt an, ob Python-Dateien beim Speichern gelintet werden sollen.","python.linting.maxNumberOfProblems.description":"Steuert die maximale Anzahl der vom Server erzeugten Problemen.","python.linting.mypyArgs.description":"Übergebene Argumente. Jedes Argument ist ein separates Element im Array.","python.linting.mypyCategorySeverity.error.description":"Schweregrad des Mypy-Nachrichtentyps „Error“.","python.linting.mypyCategorySeverity.note.description":"Schweregrad des Mypy-Nachrichtentyps „Note“.","python.linting.mypyEnabled.description":"Gibt an, ob Python-Dateien mithilfe von mypy gelintet werden sollen.","python.linting.mypyPath.description":"Pfad zu mypy. Sie können eine benutzerdefinierte Version von mypy verwenden, indem Sie diese Einstellung ändern, um den vollständigen Pfad einzuschließen.","python.linting.prospectorArgs.description":"Übergebene Argumente. Jedes Argument ist ein separates Element im Array.","python.linting.prospectorEnabled.description":"Gibt an, ob Python-Dateien mithilfe von prospector gelintet werden sollen.","python.linting.prospectorPath.description":"Pfad zu prospector. Sie können eine benutzerdefinierte Version von prospector verwenden, indem Sie diese Einstellung ändern, um den vollständigen Pfad einzuschließen.","python.linting.pycodestyleArgs.description":"Übergebene Argumente. Jedes Argument ist ein separates Element im Array.","python.linting.pycodestyleCategorySeverity.E.description":"Schweregrad des pycodestyle-Nachrichtentyps „E“.","python.linting.pycodestyleCategorySeverity.W.description":"Schweregrad des pycodestyle-Nachrichtentyps „W“.","python.linting.pycodestyleEnabled.description":"Gibt an, ob Python-Dateien mithilfe von pycodestyle gelintet werden sollen.","python.linting.pycodestylePath.description":"Pfad zu pycodestyle. Sie können eine benutzerdefinierte Version von pycodestyle verwenden, indem Sie diese Einstellung ändern, um den vollständigen Pfad einzuschließen.","python.linting.pydocstyleArgs.description":"Übergebene Argumente. Jedes Argument ist ein separates Element im Array.","python.linting.pydocstyleEnabled.description":"Gibt an, ob Python-Dateien mithilfe von pydocstyle gelintet werden sollen.","python.linting.pydocstylePath.description":"Pfad zu pydocstyle. Sie können eine benutzerdefinierte Version von pydocstyle verwenden, indem Sie diese Einstellung ändern, um den vollständigen Pfad einzuschließen.","python.linting.pylamaArgs.description":"Übergebene Argumente. Jedes Argument ist ein separates Element im Array.","python.linting.pylamaEnabled.description":"Gibt an, ob Python-Dateien mithilfe von pylama gelintet werden sollen.","python.linting.pylamaPath.description":"Pfad zu pylama. Sie können eine benutzerdefinierte Version von pylama verwenden, indem Sie diese Einstellung ändern, um den vollständigen Pfad einzuschließen.","python.linting.pylintArgs.description":"Übergebene Argumente. Jedes Argument ist ein separates Element im Array.","python.linting.pylintCategorySeverity.convention.description":"Schweregrad des Pylint-Nachrichtentyps „Convention/C“.","python.linting.pylintCategorySeverity.error.description":"Schweregrad des Pylint-Nachrichtentyps „Error/E“.","python.linting.pylintCategorySeverity.fatal.description":"Schweregrad des Pylint-Nachrichtentyps „Error/F“.","python.linting.pylintCategorySeverity.refactor.description":"Schweregrad des Pylint-Nachrichtentyps „Refactor/R“.","python.linting.pylintCategorySeverity.warning.description":"Schweregrad des Pylint-Nachrichtentyps „Warning/W“.","python.linting.pylintEnabled.description":"Gibt an, ob Python-Dateien mithilfe von pylint gelintet werden sollen.","python.linting.pylintPath.description":"Pfad zu pylint. Sie können eine benutzerdefinierte Version von pylint verwenden, indem Sie diese Einstellung ändern, um den vollständigen Pfad einzuschließen.","python.logging.level.description":"Der Protokolliergrad, auf dem die Erweiterung protokolliert wird. Der Standardwert ist „error“.","python.pipenvPath.description":"Pfad zur ausführbaren Pipenv-Datei, die für die Aktivierung verwendet werden soll.","python.poetryPath.description":"Pfad zur ausführbaren Poetry-Datei.","python.sortImports.args.description":"Übergebene Argumente. Jedes Argument ist ein separates Element im Array.","python.sortImports.path.description":"Pfad zu isort script, standardmäßig mit innerer Version","python.tensorBoard.logDirectory.description":"Legen Sie diese Einstellung auf Ihr bevorzugtes TensorBoard-Protokollverzeichnis fest, um die Aufforderung für das Protokollverzeichnis beim Starten von TensorBoard zu überspringen.","python.terminal.activateEnvInCurrentTerminal.description":"Python-Umgebung im aktuellen Terminal beim Laden der Erweiterung aktivieren.","python.terminal.activateEnvironment.description":"Python-Umgebung im Terminal aktivieren, das mit der Erweiterung erstellt wurde.","python.terminal.executeInFileDir.description":"Gibt beim Ausführen einer Datei im Terminal an, ob die Ausführung im Verzeichnis der Datei anstelle des aktuell geöffneten Ordners erfolgen soll.","python.terminal.focusAfterLaunch.description":"Gibt beim Starten eines Python-Terminals an, ob der Cursor auf dem Terminal fokussiert werden soll.","python.terminal.launchArgs.description":"Python-Startargumente, die beim Ausführen einer Datei im Terminal verwendet werden sollen.","python.testing.autoTestDiscoverOnSaveEnabled.description":"Automatische Testermittlung beim Speichern einer Testdatei aktivieren.","python.testing.cwd.description":"Optionales Arbeitsverzeichnis für Tests.","python.testing.debugPort.description":"Portnummer, die zum Debuggen von Tests verwendet wird.","python.testing.promptToConfigure.description":"Aufforderung zum Konfigurieren eines Testframeworks, wenn potenzielle Testverzeichnisse ermittelt werden.","python.testing.pytestArgs.description":"Übergebene Argumente. Jedes Argument ist ein separates Element im Array.","python.testing.pytestEnabled.description":"Tests mit pytest aktivieren.","python.testing.pytestPath.description":"Pfad zu pytest (pytest). Sie können eine benutzerdefinierte Version von pytest verwenden, indem Sie diese Einstellung ändern, um den vollständigen Pfad einzuschließen.","python.testing.unittestArgs.description":"Übergebene Argumente. Jedes Argument ist ein separates Element im Array.","python.testing.unittestEnabled.description":"Tests mithilfe von unittest aktivieren.","python.venvFolders.description":"Ordner in Ihrem Basisverzeichnis für die Suche nach virtuellen Umgebungen (unterstützt standardmäßig pyenv, direnv und virtualenvwrapper).","python.venvPath.description":"Pfad zum Ordner mit einer Liste virtueller Umgebungen (z. B. ~/.pyenv, ~/Envs, ~/.virtualenvs).","python.sortImports.args.deprecationMessage":"Diese Einstellung wird in Kürze entfernt. Verwenden Sie stattdessen „isort.args“.","python.sortImports.path.deprecationMessage":"Diese Einstellung wird in Kürze entfernt. Verwenden Sie stattdessen „isort.path“."}
