{
	"products.installingModule": "{0}을(를) 설치하는 중",
	"capabilities.untrustedWorkspace.description": "신뢰할 수 없는 작업 영역에서는 대화형 창 및 전자 필기장의 셀 실행이 지원되지 않습니다.",
	"contributes.walkthroughs.jupyterWelcome.title": "Jupyter Notebooks 시작",
	"contributes.walkthroughs.jupyterWelcome.description": "Jupyter 확장에서 제공하는 모든 강력한 도구와 기능을 사용하여 Jupyter 프로젝트를 설정하는 첫 번째 단계입니다.",
	"contributes.walkthroughs.jupyterWelcome.steps.ipynb.newUntitledIpynb.title": "Jupyter Notebook 만들기 또는 열기",
	"contributes.walkthroughs.jupyterWelcome.steps.ipynb.newUntitledIpynb.description": "파일 탐색기를 마우스 오른쪽 단추로 클릭하고 확장 이름이 .ipynb인 새 파일을 만듭니다. 또는 [명령 팔레트](command:workbench.action.showCommands)을 열고 명령 \r\n``만들기: 새 Jupyter Notebook``을 실행합니다.\r\n[새 Jupyter Notebook 만들기](command:toSide:ipynb.newUntitledIpynb)\r\n 기존 프로젝트가 있는 경우 [폴더 열기](command:toSide:workbench.action.files.openFolder)를 수행하고/거나 GitHub에서 프로젝트를 복제할 수도 있습니다. [Git 리포지토리 복제](command:toSide:git.clone).",
	"contributes.walkthroughs.jupyterWelcome.steps.ipynb.newUntitledIpynb.media.altText": "새 Jupyter Notebook 만들기",
	"contributes.walkthroughs.jupyterWelcome.steps.jupyter.selectKernel.title": "Jupyter 커널 선택",
	"contributes.walkthroughs.jupyterWelcome.steps.jupyter.selectKernel.description": "Notebook의 오른쪽 위에 있는 커널 선택을 클릭하고 커널을 실행할 환경을 선택합니다. 또는 Notebook을 열고 포커스가 있는 상태에서 [명령 팔레트](command:workbench.action.showCommands)를 열고 \r\n``Notebook: Select Notebook Kernel`` 명령을 실행합니다. \r\n[명령 팔레트를 열어 Jupyter 커널 선택](command:workbench.action.showCommands)",
	"contributes.walkthroughs.jupyterWelcome.steps.jupyter.selectKernel.media.altText": "Notebook 커널 선택 또는 변경",
	"contributes.walkthroughs.jupyterWelcome.steps.jupyter.exploreAndDebug.title": "데이터 탐색 및 디버그",
	"contributes.walkthroughs.jupyterWelcome.steps.jupyter.exploreAndDebug.description": "📅[데이터 뷰어](https://code.visualstudio.com/docs/datascience/data-science-tutorial#_prepare-the-data)를 사용하여 데이터 행을 보고 정렬하고 필터링할 수 있습니다. 데이터를 로드한 후 전자 필기장 오른쪽 위에 있는 \"변수\"를 클릭하고 데이터 테이블 왼쪽의 데이터 뷰어 아이콘을 클릭합니다. \r\n \r\n[데이터 뷰어에 대해 알아보기](https://code.visualstudio.com/docs/datascience/data-science-tutorial#_prepare-the-data)\r\n \r\n📒 [줄별로 실행](https://code.visualstudio.com/docs/datascience/jupyter-notebooks#_run-by-line) 모드를 사용하여 한 번에 한 줄씩 셀을 실행하려면 Notebook을 디버그합니다. 셀에서 [줄별로 실행] 아이콘을 클릭하거나(선이 있는 재생 단추) F10을 누르세요. \r\n \r\n[줄별로 실행에 대해 알아보기](https://code.visualstudio.com/docs/datascience/jupyter-notebooks#_run-by-line)",
	"contributes.walkthroughs.jupyterWelcome.steps.jupyter.exploreAndDebug.media.altText": "데이터 뷰어 열기",
	"contributes.walkthroughs.jupyterWelcome.steps.jupyter.dataScienceLearnMore.title": "더 알아보기",
	"contributes.walkthroughs.jupyterWelcome.steps.jupyter.dataScienceLearnMore.description": "🎨 [명령 팔레트](command:workbench.action.showCommands)에서 \"Jupyter\"를 찾아 Jupyter 확장이 제공하는 모든 기능을 살펴보세요. \r\n 📈 [Python](command:workbench.action.openWalkthrough?%7B%22category%22%3A%22ms-python.python%23pythonDataScienceWelcome%22%2C%22step%22%3A%22ms-python.python%23python.createNewNotebook%22%7D)에서 데이터 과학 시작에 대해 자세히 알아보세요 을 설치하여 Python Extension ([search Python extension](command:workbench.extensions.search?\"ms-python.python\")). \r\n 📃 [자습서](https://code.visualstudio.com/docs/datascience/jupyter-notebooks)에서 더 많은 기능을 알아보세요.  \r\n[자세한 정보](https://aka.ms/AAdar6q)",
	"contributes.walkthroughs.jupyterWelcome.steps.jupyter.dataScienceLearnMore.media.altText": "설명서 페이지 및 메일 그룹 리소스를 나타내는 이미지입니다.",
	"jupyter.command.dataScience.clearCache.title": "캐시 지우기",
	"jupyter.command.jupyter.replayPylanceLog.title": "Pylance 로그 재생",
	"jupyter.command.jupyter.replayPylanceLogStep.title": "단계 Pylance 로그",
	"jupyter.command.jupyter.exportAsPythonScript.title": "Python 스크립트로 내보내기",
	"jupyter.command.jupyter.exportToHTML.title": "HTML로 내보내기",
	"jupyter.command.jupyter.exportToPDF.title": "PDF로 내보내기",
	"jupyter.command.jupyter.debug.title": "디버그",
	"jupyter.command.jupyter.filterKernels.title": "커널 필터링",
	"jupyter.command.jupyter.runByLine.title": "라인별로 실행",
	"jupyter.command.jupyter.debugCell.title": "디버그 셀",
	"jupyter.command.jupyter.runByLineNext.title": "다음 줄 실행",
	"jupyter.command.jupyter.runByLineStop.title": "계속 실행",
	"DataScience.checkingIfImportIsSupported": "\"import\"가 지원되는지 확인하는 중",
	"DataScience.validatingKernelDependencies": "kernel 종속성 검증",
	"DataScience.installingMissingDependencies": "누락된 종속성 설치",
	"DataScience.exportNotebookToPython": "Notebook을 Python으로 내보내기",
	"DataScience.performingExport": "내보내기 수행",
	"DataScience.convertingToPDF": "PDF로 변환하는 중",
	"DataScience.exportHTMLQuickPickLabel": "HTML",
	"DataScience.exportPDFQuickPickLabel": "PDF",
	"DataScience.openExportedFileMessage": "내보낸 파일을 여시겠습니까?",
	"DataScience.openExportFileYes": "예",
	"DataScience.openExportFileNo": "아니요",
	"DataScience.failedExportMessage": "내보내기에 실패했습니다.",
	"DataScience.validationErrorMessageForRemoteUrlProtocolNeedsToBeHttpOrHttps": "http여야 합니다.",
	"DataScience.exportFailedGeneralMessage": "자세한 내용은 'Jupyter' [출력](command:jupyter.viewOutput) 패널을 확인하세요.",
	"DataScience.exportToPDFDependencyMessage": "xelatex(TeX)를 설치하지 않은 경우 PDF로 내보내기 전에 설치해야 합니다. 자세한 지침은 https://nbconvert.readthedocs.io/en/latest/install.html#installing-tex로 이동하세요.\r\n xelatex(TeX) 설치를 방지하려면 HTML로 내보내고 브라우저의 \"PDF로 인쇄\" 기능을 사용해 보세요.",
	"DataScience.insecureSessionMessage": "토큰 없이 HTTP를 통해 연결하는 것은 안전하지 않은 연결일 수 있습니다. 안전하지 않을 수 있는 서버에 연결하시겠습니까?",
	"DataScience.insecureSessionDenied": "안전하지 않은 서버에 대한 연결이 거부되었습니다.",
	"DataScience.pythonNotInstalled": "Python이 설치되어 있지 않습니다. \r\n이 전자 필기장의 셀을 실행하려면 Python을 다운로드하고 설치하세요.",
	"DataScience.installKernel": "Jupyter Kernel '{0}'을(를) 찾을 수 없으며 이 전자 필기장에서 셀을 실행하려면 설치해야 합니다.",
	"DataScience.customizeLayout": "레이아웃 사용자 지정",
	"DataScience.warnWhenSelectingKernelWithUnSupportedPythonVersion": "선택한 kernel과 연결된 Python 버전은 더 이상 지원되지 않습니다. 다른 kernel을 선택하는 것을 고려하세요.",
	"DataScience.activatingPythonEnvironment": "Python 환경 '{0}' 활성화하는 중",
	"jupyter.kernel.percentPipCondaInstallInsteadOfBang": "'!{0} install' 대신 '%{0} install' 사용",
	"jupyter.kernel.pipCondaInstallHoverWarning": "'!{0} install'은 패키지를 잘못된 환경에 설치할 수 있습니다. [추가 정보]({1})",
	"jupyter.kernel.replacePipCondaInstallCodeAction": "'%{0} install'로 대체",
	"jupyter.kernel.filter.placeholder": "kernel 선택기에서 사용할 수 있는 kernel을 선택합니다.",
	"jupyter.kernel.category.jupyterSession": "(원격) Jupyter 세션",
	"jupyter.kernel.category.jupyterKernel": "Jupyter Kernel",
	"jupyter.kernel.category.jupyterRemoteKernel": "(원격) Jupyter Kernel",
	"jupyter.kernel.category.conda": "Conda Env",
	"jupyter.kernel.category.poetry": "Poetry 환경",
	"jupyter.kernel.category.pipenv": "Pipenv 환경",
	"jupyter.kernel.category.pyenv": "PyEnv 환경",
	"jupyter.kernel.category.global": "글로벌 환경",
	"jupyter.kernel.category.virtual": "가상 환경",
	"jupyter.command.jupyter.viewLanguageServerOutput.title": "언어 서버 출력 표시",
	"jupyter.command.jupyter.selectAndRunTestMethod.title": "테스트 방법 실행 ...",
	"jupyter.command.jupyter.selectAndDebugTestMethod.title": "디버그 테스트 방법...",
	"jupyter.command.jupyter.selectAndRunTestFile.title": "테스트 파일 실행...",
	"jupyter.command.jupyter.runCurrentTestFile.title": "현재 테스트 파일 실행",
	"jupyter.command.jupyter.runFailedTests.title": "실패한 테스트 실행",
	"jupyter.command.jupyter.discoverTests.title": "테스트 검색",
	"jupyter.command.jupyter.discoveringTests.title": "검색 중...",
	"jupyter.command.jupyter.stopTests.title": "중지",
	"jupyter.command.jupyter.configureTests.title": "테스트 구성",
	"jupyter.command.jupyter.execSelectionInTerminal.title": "Python 터미널에서 선택/줄 실행",
	"jupyter.command.jupyter.execSelectionInDjangoShell.title": "Django Shell에서 선택/줄 실행",
	"jupyter.command.jupyter.goToPythonObject.title": "Python 개체로 이동",
	"jupyter.command.jupyter.setLinter.title": "Linter 선택",
	"jupyter.command.jupyter.enableLinting.title": "린팅 활성화",
	"jupyter.command.jupyter.runLinting.title": "린팅 실행",
	"jupyter.command.jupyter.runFileInteractive.title": "대화형 창에서 현재 파일 실행",
	"jupyter.command.jupyter.debugFileInteractive.title": "대화형 창에서 현재 파일 디버그",
	"jupyter.command.jupyter.runallcells.title": "모든 셀 실행",
	"jupyter.command.jupyter.notebookeditor.expandallcells.title": "모든 Notebook 셀 확장",
	"jupyter.command.jupyter.notebookeditor.collapseallcells.title": "모든 Notebook 셀 축소",
	"jupyter.command.jupyter.runallcellsabove.title": "위에서 실행",
	"jupyter.command.jupyter.runcellandallbelow.title": "아래에서 실행",
	"jupyter.command.jupyter.runallcellsabove.palette.title": "현재 셀 위에서 셀 실행",
	"jupyter.command.jupyter.runcurrentcellandallbelow.palette.title": "현재 셀 이하 실행",
	"jupyter.command.jupyter.debugcurrentcell.palette.title": "현재 셀 디버그",
	"jupyter.command.jupyter.debugcell.title": "디버그 셀",
	"jupyter.command.jupyter.debugstepover.title": "한 단계 실행",
	"jupyter.command.jupyter.debugcontinue.title": "계속",
	"jupyter.command.jupyter.debugstop.title": "중지",
	"jupyter.command.jupyter.runtoline.title": "대화형 창에서 라인까지 실행",
	"jupyter.command.jupyter.runfromline.title": "대화형 창의 줄에서 실행",
	"jupyter.command.jupyter.runcurrentcell.title": "현재 셀 실행",
	"jupyter.command.jupyter.runcurrentcelladvance.title": "현재 셀 실행 및 진행",
	"jupyter.command.jupyter.execSelectionInteractive.title": "대화형 창에서 선택/행 실행",
	"jupyter.command.jupyter.runcell.title": "셀 실행",
	"jupyter.command.jupyter.insertCellBelowPosition.title": "위치 아래에 셀 삽입",
	"jupyter.command.jupyter.insertCellBelow.title": "아래에 셀 삽입",
	"jupyter.command.jupyter.insertCellAbove.title": "위에 셀 삽입",
	"jupyter.command.jupyter.deleteCells.title": "선택한 셀 삭제",
	"jupyter.command.jupyter.selectCell.title": "셀 선택",
	"jupyter.command.jupyter.selectCellContents.title": "셀 내용 선택",
	"jupyter.command.jupyter.extendSelectionByCellAbove.title": "위의 셀로 선택 확장",
	"jupyter.command.jupyter.extendSelectionByCellBelow.title": "아래 셀로 선택 확장",
	"jupyter.command.jupyter.moveCellsUp.title": "선택한 셀을 위로 이동",
	"jupyter.command.jupyter.moveCellsDown.title": "선택한 셀을 아래로 이동",
	"jupyter.command.jupyter.changeCellToMarkdown.title": "셀을 Markdown으로 변경",
	"jupyter.command.jupyter.changeCellToCode.title": "셀을 코드로 변경",
	"jupyter.command.jupyter.gotoNextCellInFile.title": "다음 셀로 이동",
	"jupyter.command.jupyter.gotoPrevCellInFile.title": "이전 셀로 이동",
	"jupyter.command.jupyter.showhistorypane.title": "대화형 창 표시",
	"jupyter.command.jupyter.createnewinteractive.title": "대화형 창 만들기",
	"jupyter.command.jupyter.selectjupyteruri.title": "연결을 위한 Jupyter 서버 지정",
	"DataScience.jupyterNativeNotebookUriStatusLabelForLocal": "Jupyter 서버: 로컬",
	"DataScience.jupyterNativeNotebookUriStatusLabelForRemote": "Jupyter 서버: 원격",
	"jupyter.command.jupyter.selectjupytercommandline.title": "Jupyter 명령줄 인수 지정",
	"jupyter.command.jupyter.importnotebook.title": "Jupyter Notebook 가져오기",
	"jupyter.command.jupyter.importnotebookfile.title": "Python 스크립트로 변환",
	"jupyter.command.jupyter.exportoutputasnotebook.title": "대화형 창을 Jupyter Notebook으로 내보내기",
	"jupyter.command.jupyter.exportfileasnotebook.title": "현재 Python 파일을 Jupyter Notebook으로 내보내기",
	"jupyter.command.jupyter.exportfileandoutputasnotebook.title": "현재 Python 파일 및 출력을 Jupyter Notebook으로 내보내기",
	"jupyter.command.jupyter.undocells.title": "마지막 대화형 작업 실행 취소",
	"jupyter.command.jupyter.redocells.title": "마지막 대화식 작업 다시 실행",
	"jupyter.command.jupyter.removeallcells.title": "모든 대화형 셀 삭제",
	"jupyter.command.jupyter.notebookeditor.removeallcells.title": "모든 Notebook 편집기 셀 삭제",
	"jupyter.command.jupyter.notebookeditor.addcellbelow.title": "Notebook 파일에 빈 셀 추가",
	"jupyter.command.jupyter.notebookeditor.keybind.undo.title": "실행 취소",
	"jupyter.command.jupyter.notebookeditor.keybind.save.title": "저장",
	"jupyter.command.jupyter.interruptkernel.title": "인터럽트 Kernel",
	"jupyter.command.jupyter.interruptkernel.shorttitle": "중단",
	"DataScience.restartKernel": "Kernel 다시 시작",
	"jupyter.command.jupyter.restartkernel.title": "Kernel 다시 시작",
	"jupyter.command.jupyter.restartkernel.shorttitle": "재시작",
	"jupyter.command.jupyter.expandallcells.title": "모든 대화형 셀 확장",
	"jupyter.command.jupyter.collapseallcells.title": "모든 대화형 셀 축소",
	"jupyter.command.jupyter.expandallcells.shorttitle": "확장",
	"jupyter.command.jupyter.collapseallcells.shorttitle": "축소",
	"jupyter.command.jupyter.addcellbelow.title": "파일에 빈 셀 추가",
	"jupyter.command.jupyter.createnewnotebook.title": "새 Jupyter Notebook 만들기",
	"jupyter.command.jupyter.scrolltocell.title": "셀을 보기로 스크롤",
	"jupyter.command.jupyter.selectJupyterInterpreter.title": "Jupyter 서버를 시작하려면 인터프리터를 선택하세요.",
	"jupyter.command.jupyter.enableDebugLogging.title": "디버그 로깅 활성화",
	"jupyter.command.jupyter.resetLoggingLevel.title": "로깅 수준 재설정",
	"jupyter.command.jupyter.showDataViewer.title": "데이터 뷰어에서 값 보기",
	"jupyter.command.jupyter.viewOutput.title": "출력 표시",
	"DataScience.viewJupyterLogForFurtherInfo": "자세한 내용은 Jupyter [로그](command:jupyter.viewOutput)를 참조하세요.",
	"jupyter.showJupyterLogs": "Jupyter 로그 표시",
	"jupyter.command.jupyter.clearSavedJupyterUris.title": "Jupyter 원격 서버 목록 지우기",
	"jupyter.command.jupyter.openVariableView.title": "변수 보기 열기",
	"jupyter.command.jupyter.openVariableView.shorttitle": "변수",
	"jupyter.command.jupyter.openOutlineView.title": "목차 표시(개요 보기)",
	"jupyter.command.jupyter.openOutlineView.shorttitle": "개요",
	"DataScience.currentlySelectedJupyterInterpreterForPlaceholder": "현재: {0}",
	"jupyter.command.jupyter.analysis.clearCache.title": "모듈 분석 캐시 지우기",
	"jupyter.command.jupyter.analysis.restartLanguageServer.title": "언어 서버 다시 시작",
	"jupyter.commandPalette.jupyter.replayPylanceLog.title": "Pylance 로그 재생",
	"jupyter.notebookRenderer.IPyWidget.displayName": "Jupyter IPyWidget 렌더러",
	"jupyter.notebookRenderer.Error.displayName": "Jupyter 오류 렌더러",
	"jupyter.debuggers.kernel": "Python 커널 디버그 어댑터",
	"jupyter.debuggers.interactive": "Python 대화형 창",
	"jupyter.configuration.jupyter.experiments.enabled.description": "A/B 테스트를 사용하거나 사용하지 않도록 설정합니다.",
	"jupyter.configuration.jupyter.showVariableViewWhenDebugging.description": "실행 기준 세션을 시작할 때 변수 뷰를 표시합니다.",
	"jupyter.configuration.jupyter.logging.level.description": "확장 로그의 로깅 수준입니다.",
	"jupyter.configuration.jupyter.experiments.optInto.markdownDescription": "옵트인할 실험 목록입니다. 비어 있으면 사용자에게 기본 실험 그룹이 할당됩니다. [자세한 정보](https://github.com/microsoft/vscode-jupyter/wiki/Experiments).",
	"jupyter.configuration.jupyter.experiments.optOutFrom.markdownDescription": "옵트아웃할 실험 목록입니다. 비어 있으면 사용자에게 기본 실험 그룹이 할당됩니다. [자세한 정보](https://github.com/microsoft/vscode-jupyter/wiki/Experiments).",
	"jupyter.configuration.jupyter.enableKeyboardShortcuts.deprecationMessage": "이 설정은 Jupyter 바로 가기 키가 ms-toolsai.jupyter-keymap 확장으로 이동되어 더 이상 사용되지 않습니다. Jupyter 바로 가기 키를 사용하지 않도록 설정하려면 대신 해당 확장을 제거하거나 사용하지 않도록 설정하세요.",
	"jupyter.configuration.jupyter.enableKeyboardShortcuts.description": "Notebook에 Jupyter 스타일 바로 가기 키를 사용하도록 설정합니다.",
	"jupyter.configuration.jupyter.allowImportFromNotebook.deprecationMessage": "이 설정은 더 이상 사용되지 않으며 다음 릴리스에서 제거될 예정입니다.",
	"jupyter.configuration.jupyter.allowImportFromNotebook.description": "사용자가 jupyter Notebook을 열 때마다 Python 파일로 가져올 수 있습니다.",
	"jupyter.configuration.jupyter.widgetScriptSources.items.enumDescriptions.0": "https://www.jsdelivr.com/에서 위젯(javascript) 스크립트를 로드합니다.",
	"jupyter.configuration.jupyter.widgetScriptSources.items.enumDescriptions.1": "https://unpkg.com/에서 위젯(javascript) 스크립트를 로드합니다.",
	"jupyter.configuration.jupyter.widgetScriptSources.markdownDescription": "위젯에 대한 스크립트 파일이 다운로드되는 원본의 위치 및 순서를 정의합니다(예: ipywidgest, bqplot, beakerx, ipyleaflet 등). 위젯을 선택하지 않으면 위젯이 제대로 렌더링되거나 작동하지 않을 수 있습니다. 자세한 내용은 [여기](https://aka.ms/PVSCIPyWidgets)를 참조하세요. 업데이트되면 커널을 다시 시작해야 합니다.",
	"jupyter.configuration.jupyter.askForLargeDataFrames.description": "매우 큰 데이터 프레임을 열기 전에 사용자에게 경고합니다.",
	"jupyter.configuration.jupyter.askForKernelRestart.description": "커널을 다시 시작하기 전에 사용자에게 경고합니다.",
	"jupyter.configuration.jupyter.exportWithOutputEnabled.description": "Python 파일을 jupyter Notebook으로 내보내고 실행 시 모든 셀을 실행합니다.",
	"jupyter.configuration.jupyter.jupyterLaunchTimeout.description": "Jupyter Notebook 서버가 시작될 때까지 기다리는 시간(밀리초)입니다.",
	"jupyter.configuration.jupyter.jupyterLaunchRetries.description": "Jupyter Notebook 연결을 시도하는 횟수",
	"jupyter.configuration.jupyter.jupyterCommandLineArguments.description": "Notebook 편집기 또는 대화형 창 Jupyter 서버가 시작되면 이러한 인수가 해당 서버에 전달됩니다. 기본적으로 이 목록은 Jupyter 확장에 의해 생성됩니다.",
	"jupyter.configuration.jupyter.notebookFileRoot.description": "Notebook 및 대화형 창 실행하기 위한 루트 디렉터리를 설정합니다.",
	"jupyter.configuration.jupyter.searchForJupyter.deprecationMessage": "이 설정은 더 이상 사용되지 않으며 다음 릴리스에서 제거될 예정입니다.",
	"jupyter.configuration.jupyter.searchForJupyter.description": "대화형 창을 시작할 때 설치된 모든 Python 인터프리터에서 Jupyter 설치를 검색합니다.",
	"jupyter.configuration.jupyter.useDefaultConfigForJupyter.description": "Jupyter를 로컬로 실행하는 경우 대화형 창에 대한 기본 빈 Jupyter 구성을 만듭니다.",
	"jupyter.configuration.jupyter.jupyterInterruptTimeout.description": "Jupyter 커널을 다시 시작하도록 요청하기 전에 인터럽트를 기다리는 시간(밀리초)입니다.",
	"jupyter.configuration.jupyter.allowInput.deprecationMessage": "이 설정은 더 이상 사용되지 않으며 다음 릴리스에서 제거될 예정입니다.",
	"jupyter.configuration.jupyter.allowInput.description": "python 코드를 대화형 창에 직접 입력할 수 있습니다.",
	"jupyter.configuration.jupyter.showCellInputCode.deprecationMessage": "이 설정은 더 이상 사용되지 않으며 다음 릴리스에서 제거될 예정입니다.",
	"jupyter.configuration.jupyter.showCellInputCode.description": "셀 입력 코드를 표시합니다.",
	"jupyter.configuration.jupyter.collapseCellInputCodeByDefault.description": "기본적으로 셀 입력 코드를 축소합니다.",
	"jupyter.configuration.jupyter.collapseCellInputCodeByDefault.markdownDeprecationMessage": "이 설정은 더 이상 사용되지 않습니다. 대신 `#interactiveWindow.collapseCellInputCode#`을 사용하세요.",
	"jupyter.configuration.jupyter.maxOutputSize.deprecationMessage": "이 설정은 더 이상 사용되지 않으며 다음 릴리스에서 제거될 예정입니다.",
	"jupyter.configuration.jupyter.maxOutputSize.description": "스크롤 막대가 나타나기 전에 Notebook 편집기에서 텍스트 출력의 최대 크기(픽셀)입니다. 먼저 설정에서 셀 출력에 대해 스크롤을 사용하도록 설정합니다.",
	"jupyter.configuration.jupyter.alwaysScrollOnNewCell.description": "대화형 창을 자동으로 스크롤하여 실행된 마지막 문의 출력을 표시합니다. false이면 대화형 창은 이전 셀의 아래쪽이 표시되는 경우에만 자동으로 스크롤됩니다.",
	"jupyter.configuration.jupyter.alwaysScrollOnNewCell.deprecationMessage": "이 설정은 사용되지 않습니다. 대신 'interactiveWindow.alwaysScrollOnNewCell' 설정을 사용하세요.",
	"jupyter.configuration.jupyter.enableScrollingForCellOutputs.deprecationMessage": "이 설정은 더 이상 사용되지 않으며 다음 릴리스에서 제거될 예정입니다.",
	"jupyter.configuration.jupyter.enableScrollingForCellOutputs.description": "Notebook 편집기에서 큰 셀 출력을 스크롤할 수 있습니다. 이 설정은 대화형 창에 적용되지 않습니다.",
	"jupyter.configuration.jupyter.sendSelectionToInteractiveWindow.description": "Shift+Enter를 누르면 Python 파일에서 선택한 코드를 Python 터미널이 아닌 Jupyter 대화형 창으로 보냅니다.",
	"jupyter.configuration.jupyter.variableExplorerExclude.description": "대화형 변수 탐색기에 표시되지 않도록 제외할 형식",
	"jupyter.configuration.jupyter.codeRegularExpression.description": "코드 셀을 식별하는 데 사용되는 정규식입니다. 다음 일치까지의 모든 코드는 이 셀의 일부로 간주됩니다.",
	"jupyter.configuration.jupyter.defaultCellMarker.description": "python 파일에서 셀을 구분하는 데 사용되는 셀 표식입니다.",
	"jupyter.configuration.jupyter.markdownRegularExpression.description": "markdown 셀을 식별하는 데 사용되는 정규식입니다. 이 식 뒤의 모든 주석은 markdown의 일부로 간주됩니다.",
	"jupyter.configuration.jupyter.allowLiveShare.deprecationMessage": "이 설정은 대화형 창에 대한 Live Share 지원이 Jupyter 확장에 더 이상 존재하지 않으므로 더 이상 사용되지 않습니다.",
	"jupyter.configuration.jupyter.allowLiveShare.description": "Live Share 세션 중에 대화형 창을 공유하도록 허용",
	"jupyter.configuration.jupyter.ignoreVscodeTheme.deprecationMessage": "이 설정은 더 이상 사용되지 않으며 다음 릴리스에서 제거될 예정입니다.",
	"jupyter.configuration.jupyter.ignoreVscodeTheme.description": "대화형 창 VS Code 테마를 사용하지 마세요(VS Code 다시 로드해야 함). 이렇게 하면 대화형 창 'Light +(기본 조명)'을 사용하도록 설정하고 matplotlib 기본값을 사용하지 않도록 설정합니다.",
	"jupyter.configuration.jupyter.themeMatplotlibPlots.description": "대화형 창 및 Notebook 편집기 테마에서 matplotlib 출력은 VS Code 편집기 테마와 일치합니다.",
	"jupyter.configuration.jupyter.liveShareConnectionTimeout.deprecationMessage": "이 설정은 더 이상 사용되지 않으며 다음 릴리스에서 제거될 예정입니다.",
	"jupyter.configuration.jupyter.liveShareConnectionTimeout.description": "게스트 연결이 Python 확장이 설치되어 있는지 확인하기 위해 대기하는 시간입니다.",
	"jupyter.configuration.jupyter.decorateCells.description": "현재 활성 셀 뒤에 강조 표시를 그립니다.",
	"jupyter.configuration.jupyter.enableCellCodeLens.description": "Python 파일에서 '셀'에 대한 코드 렌즈를 사용하도록 설정합니다.",
	"jupyter.configuration.jupyter.enableAutoMoveToNextCell.description": "'셀 실행' 코드 렌즈를 클릭할 때 다음 셀로 이동할 수 있습니다.",
	"jupyter.configuration.jupyter.allowUnauthorizedRemoteConnection.description": "유효한 인증서가 없는 https Jupyter 서버에 대화형 창 연결할 수 있습니다. 이는 보안 위험이 될 수 있으므로 알려진 서버와 신뢰할 수 있는 서버에만 사하세요.",
	"jupyter.configuration.jupyter.generateSVGPlots.description": "Notebook 플롯에 대한 SVG 출력을 생성합니다. 이렇게 하면 생성 속도 및 파일 크기로 플롯 뷰어에 더 잘 표시할 수 있습니다.",
	"jupyter.configuration.jupyter.codeLenses.description": "셀 위에 코드 렌즈로 배치할 명령 집합입니다.",
	"jupyter.configuration.jupyter.debugCodeLenses.description": "디버깅하는 동안 셀 위에 코드 렌즈로 배치할 디버그 명령 집합입니다.",
	"jupyter.configuration.jupyter.debugpyDistPath.description": "셀 디버깅을 위한 debugpy 비트의 경로입니다.",
	"jupyter.configuration.jupyter.stopOnFirstLineWhileDebugging.description": "셀을 디버깅할 때 첫 번째 줄에서 중지합니다.",
	"jupyter.configuration.jupyter.remoteDebuggerPort.description": "셀을 디버깅할 때 원격 상자에서 이 포트를 엽니다. -1을 지정하면 8889에서 9000 사이의 임의 포트가 시도됩니다.",
	"jupyter.configuration.jupyter.disableJupyterAutoStart.description": "true이면 Jupyter가 자동으로 시작되지 않도록 설정합니다. 대신 셀을 실행하여 Jupyter를 시작해야 합니다.",
	"jupyter.configuration.jupyter.textOutputLimit.deprecationMessage": "이 설정은 `notebook.output.textLineLimit`를 위해 사용되지 않습니다. 이 설정은 향후 릴리스에서 제거될 예정입니다.",
	"jupyter.configuration.jupyter.textOutputLimit.description": "대화형 셀 텍스트 출력의 텍스트 양을 이 값으로 제한합니다. 문자의 양을 허용하려면 0입니다.",
	"jupyter.configuration.jupyter.colorizeInputBox.deprecationMessage": "이 설정은 더 이상 사용되지 않으며 향후 릴리스에서 제거될 예정입니다.",
	"jupyter.configuration.jupyter.colorizeInputBox.description": "테마의 피킹 색을 입력 상자의 배경으로 사용할지 여부입니다.",
	"jupyter.configuration.jupyter.stopOnError.description": "셀에서 예외가 발생하면 셀 실행을 중지합니다.",
	"jupyter.configuration.jupyter.addGotoCodeLenses.description": "셀을 실행한 후 셀에 'Goto' 코드 렌즈를 추가합니다. 모든 코드 렌즈를 사용하지 않도록 설정하면 이 코드 렌즈도 사용하지 않도록 설정됩니다.",
	"jupyter.configuration.jupyter.variableQueries.markdownDescription": "Jupyter 커널에서 활성 변수 목록을 반환하기 위한 매핑을 쿼리할 언어입니다. 대화형 창과 전자 필기장 모두의 변수 탐색기에서 사용됩니다. 예제:\r\n```\r\n[\r\n  {\r\n    \"language\": \"python\",\r\n    \"query\": \"%who_ls\",\r\n    \"parseExpr\": \"'(\\\\w+)'\"\r\n  }\r\n]\r\n```",
	"jupyter.configuration.jupyter.kernels.filter.items.markdownDescription": "커널 사양 또는 Python 환경에 대한 정규화된 경로입니다. \r\n예: `~/miniconda3/envs/sample/bin/python`입니다.",
	"jupyter.configuration.jupyter.kernels.filter.markdownDescription": "커널 선택기에서 제외할 Jupyter 커널 및/또는 Python 환경 목록입니다.",
	"jupyter.configuration.jupyter.interactiveWindowMode.description": "대화형 창의 동작입니다. 'perFile'은 셀을 실행하는 모든 파일에 대해 새 대화형 창을 만듭니다. 'single'은 단일 창을 허용합니다. 'multiple'를 사용하면 다중 항목을 만들 수 있습니다.",
	"jupyter.configuration.jupyter.magicCommandsAsComments.description": "코드 셀을 구문 분석할 때 주석 처리 셸 할당(#!), 선 매직(#!%) 및 셀 매직(#!%%)을 제거합니다.",
	"jupyter.configuration.jupyter.pythonExportMethod.description": "Notebook을 Python 파일로 내보낼 때 사용할 메서드입니다. 'direct'는 코드를 있는 그대로 직접 복사합니다. 'commentMagics'는 선 매직(%), 셀 매직(%%) 및 셸 명령(!)으로 시작하는 줄을 주석 처리합니다. 'nbconvert'는 iPython 구문을 Python 구문으로 변환할 수 있는 변환에 대해 이 값을 사용하여 설치합니다.",
	"jupyter.configuration.jupyter.runStartupCommands.description": "일련의 Python 명령 또는 iPython 매직 명령입니다. 문자열 배열 또는 명령이 '\\n'으로 구분된 단일 문자열일 수 있습니다. 대화형 창이 로드될 때마다 명령이 자동으로 실행됩니다. 예를 들어 대화형 세션을 다시 시작하지 않고도 가져온 파일에 대한 변경 내용을 자동으로 다시 로드하려면 이 항목을 %load_ext autoreload\\n%autoreload 2'로 설정합니다.",
	"jupyter.configuration.jupyter.debugJustMyCode.description": "디버깅할 때 내 코드만 디버그합니다.",
	"jupyter.configuration.jupyter.showOutlineButtonInNotebookToolbar.description": "Jupyter Notebook 도구 모음에 개요 단추를 표시합니다.",
	"jupyter.configuration.jupyter.newCellOnRunLast.description": "현재 마지막 셀을 실행할 때 대화형 창 파일에 빈 셀을 새로 추가합니다.",
	"jupyter.configuration.jupyter.pylanceHandlesNotebooks.description": "Pylance가 Notebook Concat 문서 만들기를 관리하는지 여부를 결정합니다.",
	"jupyter.configuration.jupyter.pythonCompletionTriggerCharacters.description": "Python Jupyter 커널에서 자동 완성을 트리거하는 문자입니다.",
	"jupyter.configuration.jupyter.logKernelOutputSeparately.description": "커널/jupyter 서버 콘솔 출력에 대한 별도의 출력 패널을 만듭니다.",
	"jupyter.configuration.jupyter.excludeUserSitePackages.description": "시작하기 전에 커널에 PYTHONNOUSERSITE를 추가합니다. 이렇게 하면 전역/사용자 사이트 패키지가 커널의 PYTHONPATH에서 사용되지 않습니다.",
	"jupyter.configuration.jupyter.enableExtendedKernelCompletions.markdownDescription": "Jupyter 커널을 실행할 때 확장된 IntelliSense 완성에 대해 Jedi 지원을 사용하도록 설정합니다(이 [설정](https://ipython.readthedocs.io/en/stable/config/options/terminal.html?highlight=use_jedi#configtrait-Completer.use_jedi)를 참조하세요). 이 경우 Notebook 셀 실행 성능에 큰 영향을 미칠 수 있습니다. 주의해서 사용하세요.",
	"jupyter.configuration.jupyter.showOnlyOneTypeOfKernel.markdownDescription": "커널 선택기에서 한 가지 유형의 커널만 표시합니다. 이렇게 하면 로컬 커널 및 원격 커널이 커널 선택기에서 동시에 표시되지 않습니다.",
	"Pylance.proposePylanceMessage": "더 빠르고 기능이 풍부한 Microsoft의 Python용 언어 서버 Pylance를 사용해 보세요! 지금 확장을 설치하세요.",
	"Pylance.tryItNow": "지금 시도",
	"Pylance.remindMeLater": "나중에 알림",
	"Pylance.installPylanceMessage": "Pylance 확장 프로그램이 설치되어 있지 않습니다. 예를 클릭하여 Pylance 설치 페이지를 엽니다.",
	"Pylance.pylanceNotInstalledMessage": "Pylance 확장이 설치되어 있지 않습니다.",
	"Pylance.pylanceInstalledReloadPromptMessage": "이제 Pylance 확장이 설치됩니다. 활성화하기 위해 창을 다시 로드하시겠어요?",
	"DataScience.unknownMimeTypeFormat": "Mime 유형 {0}은(는) 현재 지원되지 않습니다.",
	"DataScience.historyTitle": "대화형",
	"DataScience.dataExplorerTitle": "데이터 뷰어",
	"DataScience.badWebPanelFormatString": "<html><body><h1>{0}은(는) 올바른 파일 이름이 아닙니다</h1></body></html>",
	"DataScience.sessionDisposed": "코드를 실행할 수 없으며 세션이 삭제되었습니다.",
	"DataScience.rawKernelProcessNotStarted": "원시 kernel 프로세스를 시작할 수 없습니다.",
	"DataScience.rawKernelProcessExitBeforeConnect": "연결하기 전에 원시 kernel 프로세스가 종료되었습니다.",
	"DataScience.passwordFailure": "암호로 보호된 서버에 연결하지 못했습니다. 비밀번호가 올바른지 확인하세요.",
	"DataScience.exportDialogTitle": "Jupyter Notebook으로 내보내기",
	"DataScience.exportDialogFilter": "Jupyter Notebooks",
	"DataScience.exportDialogComplete": "{0}에 작성된 Notebook",
	"DataScience.exportDialogFailed": "전자 필기장을 내보내지 못했습니다. {0}",
	"DataScience.exportOpenQuestion1": "편집기에서 열기",
	"DataScience.notebookExport": "내보내기",
	"DataScience.exportAsNotebook.shorttitle": "저장",
	"DataScience.exportAs": "다른 이름으로 내보내기",
	"DataScience.notebookExportAs": "다른 이름으로 내보내기",
	"DataScience.notebookExportAs.shorttitle": "내보내기",
	"DataScience.exportAsQuickPickPlaceholder": "다른 이름으로 내보내기...",
	"DataScience.exportPythonQuickPickLabel": "Python 스크립트",
	"DataScience.collapseInputTooltip": "입력 블록 축소",
	"DataScience.collapseVariableExplorerTooltip": "Hide variables active in Jupyter kernel",
	"DataScience.collapseVariableExplorerLabel": "변수",
	"DataScience.expandVariableExplorerTooltip": "Jupyter kernel에서 활성 변수 표시",
	"DataScience.close": "닫기",
	"DataScience.interactiveCopyCell": "셀 복사",
	"DataScience.runInDedicatedExtensionHost": "전용 확장 호스트에서 실행",
	"DataScience.variableLoadingValue": "로드 중...",
	"DataScience.importDialogTitle": "Jupyter Notebook 가져오기",
	"DataScience.importDialogFilter": "Jupyter Notebooks",
	"DataScience.notebookCheckForImportYes": "가져오기",
	"DataScience.reloadRequired": "새 설정을 적용하려면 창을 다시 로드하세요.",
	"DataScience.notebookCheckForImportNo": "나중에",
	"DataScience.notebookCheckForImportDontAskAgain": "다시 묻지 않음",
	"DataScience.notebookCheckForImportTitle": "Jupyter Notebook을 Python 코드로 가져오시겠습니까?",
	"DataScience.jupyterNotSupported": "Jupyter를 시작할 수 없습니다. Jupyter를 찾는 중 오류: {0}",
	"DataScience.jupyterNotSupportedBecauseOfEnvironment": "Jupyter를 실행하기 위한 {0} 활성화가 {1}과(와) 함께 실패했습니다.",
	"DataScience.jupyterNbConvertNotSupported": "전자 필기장을 가져오려면 Jupyter nbconvert가 설치되어 있어야 합니다.",
	"DataScience.removeRemoteJupyterConnectionButtonText": "연결 잊기",
	"DataScience.changeRemoteJupyterConnectionButtonText": "연결 관리",
	"DataScience.jupyterLaunchNoURL": "시작된 Jupyter 전자 필기장 서버의 URL을 찾지 못했습니다.",
	"DataScience.jupyterLaunchTimedOut": "Jupyter 전자 필기장 서버가 제 시간에 시작하지 못했습니다.",
	"DataScience.jupyterSelfCertFail": "{0} 서버에서 사용하는 보안 인증서는 신뢰할 수 있는 인증 기관에서 발급하지 않았습니다.\r\n이는 정보를 도용하려는 시도를 나타낼 수 있습니다.\r\n 승인되지 않은 원격 연결 허용을 사용하시겠습니까? 연결할 수 있도록 이 작업 영역을 설정하시겠습니까?",
	"DataScience.jupyterExpiredCertFail": "{0} 서버에서 사용하는 보안 인증서가 만료되었습니다.\r\n이는 정보를 도용하려는 시도를 나타낼 수 있습니다.\r\n허용하려면 이 작업 영역에 대해 승인되지 않은 원격 연결 허용 설정을 사용하시겠습니까? 연결하시겠습니까?",
	"DataScience.jupyterSelfCertFailErrorMessageOnly": "서버에서 사용하는 보안 인증서는 신뢰할 수 있는 인증 기관에서 발급한 것이 아닙니다.\r\n정보를 도용하려는 시도일 수 있습니다.",
	"DataScience.jupyterSelfCertExpiredErrorMessageOnly": "서버에서 사용하는 보안 인증서가 만료되었습니다. \r\n \r\n 정보를 도용하려는 시도일 수 있습니다.",
	"DataScience.jupyterSelfCertEnable": "예, 어쨌든 연결",
	"DataScience.jupyterSelfCertClose": "아니요, 연결을 닫습니다",
	"DataScience.jupyterServerCrashed": "Jupyter 서버가 다운되었습니다. 연결할 수 없습니다. \r\nJupyter의 오류 코드: {0}",
	"DataScience.rawConnectionDisplayName": "직접 kernel 연결",
	"DataScience.rawConnectionBrokenError": "직접 kernel 연결 끊김",
	"DataScience.pythonInteractiveHelpLink": "더 많은 도움 받기",
	"DataScience.markdownHelpInstallingMissingDependencies": "Jupyter 및 관련 종속 항목 설치에 대한 도움말은 [https://aka.ms/pyaiinstall](https://aka.ms/pyaiinstall)을 참조하세요.",
	"DataScience.importingFormat": "{0} 가져오기",
	"DataScience.startingJupyter": "Jupyter 서버 시작",
	"DataScience.connectingToJupyter": "Jupyter 서버에 연결하는 중",
	"DataScience.connectingToKernel": "Connecting to kernel: {0}",
	"DataScience.connectedToKernel": "연결되었습니다.",
	"DataScience.connected": "연결됨",
	"DataScience.disconnected": "연결 끊김",
	"Experiments.inGroup": "사용자가 실험 그룹 '{0}'에 속해 있습니다.",
	"Logging.CurrentWorkingDirectory": "cwd:",
	"Logging.WarnUserAboutDebugLoggingSetting": "Jupyter 확장에 대해 디버그 로깅을 활성화했습니다. 이 확장은 계속해서 디스크에 로그를 기록합니다. 디버그 로깅을 끄시겠습니까?",
	"Logging.YesTurnOffDebugLogging": "예, 디버그 로깅 끄기",
	"Logging.NoResponse": "아니요",
	"Logging.NoAndDontAskAgain": "아니요, 다시 묻지 않음",
	"GitHubIssue.Failure": "GitHub Issue를 제출하는 동안 오류가 발생했습니다. 그래도 문제를 보고하시겠습니까?",
	"GitHubIssue.copyToClipboardAndOpenIssue": "예, 콘텐츠를 클립보드에 복사하고 문제 열기",
	"GitHubIssue.pleaseFillThisOut": "문제를 제출하기 전에 이 섹션을 작성하고 이 댓글을 삭제하세요!",
	"GitHubIssue.missingFields": "GitHub Issue 제출을 클릭하기 전에 발생한 문제에 대한 세부 정보를 제공하세요.",
	"GitHubIssue.askForIssueTitle": "문제를 요약하는 설명 제목을 입력하세요.",
	"GitHubIssue.titlePlaceholder": "예: 로컬 kernel 세션을 시작할 수 없음",
	"DataScience.allowExtensionToUseJupyterKernelApi": "확장 '{0}'에 Jupyter Kernels에 대한 액세스 권한을 부여하시겠습니까? '{1}'을(를) 클릭하면 이 확장에서 Jupyter Kernels에 대해 코드를 실행할 수 있게 됩니다.",
	"DataScience.thanksForUsingJupyterKernelApiPleaseRegisterWithUs": "Jupyter API를 사용해 주셔서 감사합니다. 프로덕션에서 이 API를 사용하려면 리포지토리에 문제를 제출하세요. 이렇게 하면 API를 업데이트할 때 확장 프로그램이 중단되는 것을 방지할 수 있습니다(아직 진행 중인 작업이므로).",
	"Common.bannerLabelYes": "예",
	"Common.bannerLabelNo": "아니요",
	"Common.doNotShowAgain": "다시 표시 안 함",
	"Common.reload": "다시 로드",
	"Common.moreInfo": "추가 정보",
	"Common.and": "및",
	"Common.download": "다운로드",
	"Common.ok": "확인",
	"Common.install": "설치",
	"Common.learnMore": "자세한 정보",
	"Common.reportThisIssue": "이 문제 보고",
	"CommonSurvey.remindMeLaterLabel": "나중에 알림",
	"CommonSurvey.yesLabel": "예, 지금 설문 조사에 참여하세요.",
	"CommonSurvey.noLabel": "아니요, 허용 안 함",
	"Common.clickHereForMoreInfoWithHtml": "자세한 내용을 보려면 <a href='{0}'>여기</a>를 클릭합니다.",
	"OutputChannelNames.languageServer": "Python 언어 서버",
	"OutputChannelNames.python": "Python",
	"OutputChannelNames.pythonTest": "Python 테스트 로그",
	"OutputChannelNames.jupyter": "Jupyter",
	"ExtensionSurveyBanner.bannerMessage": "2분만 시간을 내어 Jupyter 확장에 관한 의견을 알려주시겠습니까?",
	"ExtensionSurveyBanner.bannerLabelYes": "예, 지금 설문 조사에 참여하세요.",
	"ExtensionSurveyBanner.bannerLabelNo": "아니요, 허용 안 함",
	"ExtensionSurveyBanner.maybeLater": "나중에",
	"DataScience.restartKernelMessage": "Jupyter kernel을 다시 시작하시겠습니까? 모든 변수가 손실됩니다.",
	"DataScience.restartKernelMessageYes": "예",
	"DataScience.restartingKernelFailed": "Kernel을 다시 시작하지 못했습니다. Jupyter 서버가 중지되었습니다. VS Code를 다시 로드하세요.",
	"DataScience.interruptingKernelFailed": "Kernel 인터럽트 실패. Jupyter 서버가 중지되었습니다. VS Code를 다시 로드하세요.",
	"DataScienceSurveyBanner.bannerMessage": "2분만 시간을 내어 데이터 과학 기능이 어떻게 작동하는지 알려주시겠습니까?",
	"DataScienceSurveyBanner.bannerLabelYes": "예, 지금 설문 조사에 참여하세요.",
	"DataScienceSurveyBanner.bannerLabelNo": "감사",
	"InteractiveShiftEnterBanner.bannerMessage": "'shift-enter'에 대해 '대화형' 창(IPython 콘솔)에서 코드를 실행하시겠습니까? Python 터미널에서 코드를 계속 실행하려면 '아니요'를 선택하세요. 이것은 나중에 설정에서 변경할 수 있습니다.",
	"DataScience.automaticallyReconnectingToAKernelProgressMessage": "커널 {0}에 다시 연결",
	"DataScience.restartingKernelStatus": "Kernel {0} 다시 시작",
	"DataScience.executingCode": "실행 셀",
	"DataScience.collapseAll": "모든 셀 입력 축소",
	"DataScience.expandAll": "모든 셀 입력 확장",
	"DataScience.export": "Jupyter 전자 필기장으로 내보내기",
	"DataScience.restartServer": "Jupyter kernel 다시 시작",
	"DataScience.undo": "실행 취소",
	"DataScience.redo": "다시 실행",
	"DataScience.clearAll": "모든 셀 제거",
	"DataScience.restartedKernelHeader": "다시 시작된 '{0}' kernel",
	"DataScience.restartingKernelCustomHeader": "_{0} 다시 시작..._",
	"DataScience.restartingKernelHeader": "_kernel 다시 시작하는 중..._",
	"DataScience.startedNewKernelHeader": "'{0}' kernel 시작됨",
	"DataScience.connectKernelHeader": "Connected to '{0}' kernel",
	"DataScience.executingCodeFailure": "코드 실행 실패: {0}",
	"DataScience.inputWatermark": "여기에 코드를 입력하고 shift-enter를 눌러 실행하세요.",
	"DataScience.deleteButtonTooltip": "셀 제거",
	"DataScience.gotoCodeButtonTooltip": "코드로 이동",
	"DataScience.copyBackToSourceButtonTooltip": "파일에 코드 붙여넣기",
	"DataScience.copyToClipboardButtonTooltip": "원본을 클립보드에 복사",
	"DataScience.plotOpen": "이미지 펼치기",
	"DataScience.libraryNotInstalled": "데이터 과학 라이브러리 {0}이(가) 설치되어 있지 않습니다. 설치하시겠어요?",
	"DataScience.libraryNotInstalledCorrectlyOrOutdated": "데이터 과학 라이브러리 {0}이(가) 올바르게 설치되지 않았거나 오래되었습니다. 다시 설치하시겠습니까?",
	"DataScience.libraryRequiredToLaunchJupyterNotInstalled": "셀을 실행하려면 {0} 패키지가 필요합니다.",
	"DataScience.librariesRequiredToLaunchJupyterNotInstalled": "셀을 실행하려면 {0} 패키지가 필요합니다.",
	"DataScience.libraryRequiredToLaunchJupyterNotInstalledInterpreter": "'{0}'(으)로 셀을 실행하려면 {1} 패키지가 필요합니다.",
	"DataScience.librariesRequiredToLaunchJupyterNotInstalledInterpreter": "'{0}'(으)로 셀을 실행하려면 {1} 패키지가 필요합니다.",
	"DataScience.jupyterInstall": "설치",
	"DataScience.jupyterSelectURIPrompt": "실행 중인 Jupyter 서버의 URI를 입력하세요.",
	"DataScience.jupyterSelectURIInvalidURI": "잘못된 URI가 지정되었습니다.",
	"DataScience.jupyterSelectUserAndPasswordTitle": "Jupyter Hub에 연결하려면 사용자 이름과 암호를 입력하세요.",
	"DataScience.jupyterSelectUserPrompt": "사용자 이름을 입력하세요",
	"DataScience.jupyterSelectPasswordPrompt": "암호를 입력하세요",
	"DataScience.removeRemoteJupyterServerEntryInQuickPick": "제거",
	"DataScience.jupyterNotebookFailure": "Jupyter 전자 필기장을 시작하지 못했습니다.\r\n{0}",
	"DataScience.remoteJupyterServerProvidedBy3rdPartyExtensionNoLongerValid": "확장 '{0}'이(가) 제공한 원격 Jupyter 서버를 더 이상 사용할 수 없습니다.",
	"DataScience.remoteJupyterConnectionFailedWithServer": "원격 Jupyter 서버 '{0}'에 연결하지 못했습니다. 서버가 실행 중이고 연결할 수 있는지 확인합니다.",
	"DataScience.remoteJupyterConnectionFailedWithServerWithError": "원격 Jupyter 서버 '{0}'에 연결하지 못했습니다. 서버가 실행 중이고 연결할 수 있는지 확인합니다. ({1}).",
	"DataScience.remoteJupyterConnectionFailedWithoutServerWithError": "연결 실패. 서버가 실행 중이고 연결할 수 있는지 확인합니다. ({0}).",
	"DataScience.remoteJupyterConnectionFailedWithoutServerWithErrorWeb": "연결 실패. 서버가 실행 중이고 브라우저에서 연결할 수 있는지 확인합니다. ({0}). 자세한 내용은 'https://aka.ms/vscjremoteweb'을 참조하세요.",
	"DataScience.jupyterNotebookRemoteConnectFailedWeb": "원격 Jupyter 서버에 연결하지 못했습니다.\r\n브라우저에서 Jupyter 서버 URI에 연결할 수 있는지 확인하세요.\r\n{0}. 자세한 내용은 [여기](https://aka.ms/vscjremoteweb)를 클릭하세요.",
	"DataScience.jupyterNotebookRemoteConnectSelfCertsFailed": "원격 Jupyter 전자 필기장에 연결하지 못했습니다.\r\n\\ 지정된 서버가 자체 서명된 인증서를 사용하고 있습니다. 어쨌든 연결하려면 무단 원격 연결 허용 설정을 활성화합니다.\r\n{0}\r\n{1}",
	"DataScience.changeJupyterRemoteConnection": "Jupyter 서버 연결을 변경합니다.",
	"DataScience.notebookVersionFormat": "Jupyter Notebook 버전: {0}",
	"DataScience.jupyterKernelSpecNotFound": "Jupyter kernel 사양을 만들 수 없으며 사용할 수 있는 사양이 없습니다.",
	"DataScience.jupyterKernelSpecModuleNotFound": "선택한 인터프리터({0})에 'Kernelspec' 모듈이 설치되어 있지 않습니다. \r\n 'jupyter'를 다시 설치하거나 업데이트하세요.",
	"DataScience.jupyterGetVariablesBadResults": "Jupyter 서버에서 변수 정보를 가져오지 못했습니다.",
	"DataScience.liveShareConnectFailure": "호스트 Jupyter 세션에 연결할 수 없습니다. URI를 찾을 수 없습니다.",
	"DataScience.liveShareCannotSpawnNotebooks": "Jupyter 전자 필기장 생성은 라이브 공유 연결을 통해 지원되지 않습니다.",
	"DataScience.liveShareCannotImportNotebooks": "전자 필기장 가져오기는 현재 라이브 공유 연결을 통해 지원되지 않습니다.",
	"DataScience.liveShareHostFormat": "{0} Jupyter 서버",
	"DataScience.liveShareSyncFailure": "라이브 공유 시작 중 동기화 실패.",
	"DataScience.liveShareServiceFailure": "라이브 공유 연결 중에 '{0}' 서비스를 시작하는 데 실패했습니다.",
	"DataScience.documentMismatch": "셀을 실행할 수 없습니다. {0}에 대한 중복 문서가 있습니다.",
	"DataScience.pythonInteractiveCreateFailed": "'대화형' 창을 만드는 데 실패했습니다. Jupyter 확장을 다시 설치해 보세요.",
	"DataScience.interruptKernel": "Jupyter kernel 인터럽트",
	"DataScience.clearAllOutput": "모든 출력 지우기",
	"DataScience.exportingFormat": "{0} 내보내기",
	"DataScience.exportCancel": "취소",
	"Common.canceled": "취소됨",
	"Common.cancel": "취소",
	"Common.yesPlease": "예.",
	"DataScience.interruptKernelStatus": "Jupyter Kernel 중단",
	"DataScience.restartKernelAfterInterruptMessage": "kernel 인터럽트 시간이 초과되었습니다. 대신 kernel을 다시 시작하시겠습니까? 모든 변수가 손실됩니다.",
	"DataScience.pythonInterruptFailedHeader": "키보드 인터럽트로 인해 kernel이 충돌했습니다. Kernel이 다시 시작되었습니다.",
	"DataScience.sysInfoURILabel": "Jupyter Server URI: ",
	"DataScience.jupyterStartTimedout": "Jupyter 시작 시간이 초과되었습니다. 자세한 내용은 'Jupyter' 출력 패널을 확인하세요.",
	"DataScience.startingJupyterLogMessage": "명령줄 {1}을(를) 사용하여 {0}에서 Jupyter 시작",
	"DataScience.jupyterCommandLineDefaultLabel": "기본값(권장)",
	"DataScience.jupyterCommandLineDefaultDetail": "Jupyter 확장은 Jupyter에 적합한 명령줄을 결정합니다.",
	"DataScience.jupyterCommandLineCustomLabel": "사용자 지정",
	"DataScience.jupyterCommandLineCustomDetail": "시작 시 Jupyter에 전달되는 명령줄 사용자 지정",
	"DataScience.jupyterCommandLineReloadQuestion": "Jupyter 명령줄을 변경할 때 창을 다시 로드하세요.",
	"DataScience.jupyterCommandLineReloadAnswer": "다시 로드",
	"DataScience.jupyterCommandLineQuickPickPlaceholder": "옵션을 선택하세요",
	"DataScience.jupyterCommandLineQuickPickTitle": "Jupyter용 명령줄 선택",
	"DataScience.jupyterCommandLinePrompt": "Jupyter에 대한 사용자 지정 명령줄 입력",
	"Common.loadingExtension": "Jupyter 확장 로드 중...",
	"Common.openOutputPanel": "출력 표시",
	"DataScience.variableExplorerNameColumn": "이름",
	"DataScience.variableExplorerTypeColumn": "유형",
	"DataScience.variableExplorerCountColumn": "크기",
	"DataScience.variableExplorerValueColumn": "값",
	"DataScience.showDataExplorerTooltip": "데이터 뷰어에 변수 스냅샷 표시",
	"DataScience.dataExplorerInvalidVariableFormat": "'{0}'은(는) 활성 변수가 아닙니다.",
	"DataScience.jupyterGetVariablesExecutionError": "변수 추출 중 실패: \r\n \r\n {0}",
	"DataScience.loadingMessage": "로딩 중...",
	"DataScience.fetchingDataViewer": "데이터를 가져 오는 중 ...",
	"DataScience.noRowsInDataViewer": "현재 필터와 일치하는 행이 없습니다.",
	"DataScience.jupyterServer": "Jupyter 서버",
	"DataScience.noKernel": "Kernel 없음",
	"DataScience.serverNotStarted": "시작되지 않음",
	"DataScience.localJupyterServer": "로컬",
	"DataScience.pandasTooOldForViewingFormat": "Python 패키지 'pandas'는 버전 {0}입니다. 데이터를 보려면 버전 {1} 이상이 필요합니다.",
	"DataScience.pandasRequiredForViewing": "데이터를 보려면 Python 패키지 'pandas' 버전 {0} 이상이 필요합니다.",
	"DataScience.failedToGetVersionOfPandas": "데이터 뷰어를 사용하기 위해 Pandas 버전을 가져오지 못했습니다.",
	"DataScience.valuesColumn": "가치",
	"DataScience.liveShareInvalid": "세션에 있는 한 명 이상의 게스트에게 Jupyter [extension](https://marketplace.visualstudio.com/itemdetails?itemName=ms-toolsai.jupyter)가 설치되어 있지 않습니다.\r\nLive Share 세션을 계속할 수 없으며 닫힙니다.",
	"Common.noIWillDoItLater": "아니요, 나중에 수행하겠습니다.",
	"Common.notNow": "나중에 보기",
	"Common.gotIt": "확인했습니다!",
	"DataScience.noRowsInVariableExplorer": "정의된 변수가 없음",
	"DataScience.loadingRowsInVariableExplorer": "변수 로드",
	"DataScience.tooManyColumnsMessage": "1000개 이상의 열이 있는 변수는 표시하는 데 시간이 오래 걸릴 수 있습니다. 계속하시겠습니까?",
	"DataScience.tooManyColumnsYes": "예",
	"DataScience.tooManyColumnsNo": "아니요",
	"DataScience.tooManyColumnsDontAskAgain": "다시 묻지 않음",
	"DataScience.filterRowsTooltip": "여러 행을 필터링할 수 있습니다. =,> 또는 <기호를 사용하여 숫자 값을 필터링합니다.",
	"DataScience.previewHeader": "--- {0}의 미리 보기 시작 ---",
	"DataScience.previewFooter": "--- {0}의 미리 보기 종료 ---",
	"DataScience.previewStatusMessage": "{0}의 미리 보기 생성 중",
	"DataScience.plotViewerTitle": "플롯",
	"DataScience.exportPlotTitle": "플롯 이미지 저장",
	"DataScience.pdfFilter": "PDF",
	"DataScience.pngFilter": "PNG",
	"DataScience.svgFilter": "SVG",
	"DataScience.previousPlot": "이전의",
	"DataScience.nextPlot": "다음",
	"DataScience.panPlot": "이동",
	"DataScience.zoomInPlot": "확대",
	"DataScience.zoomOutPlot": "축소",
	"DataScience.exportPlot": "다른 형식으로 내보내기",
	"DataScience.deletePlot": "제거",
	"DataScience.collapseSingle": "축소",
	"DataScience.expandSingle": "확장",
	"DataScience.editSection": "여기에 새 셀을 입력합니다.",
	"DataScience.restartKernelMessageDontAskAgain": "예, 다시 묻지 않음",
	"DataScience.selectedImageListLabel": "선택한 이미지",
	"DataScience.imageListLabel": "이미지",
	"DataScience.exportImageFailed": "이미지 내보내기 오류: {0}",
	"downloading.file": "{0}을(를) 다운로드하는 중...",
	"downloading.file.progress": "{0}{1}/{2} KB ({3}%)",
	"DataScience.jupyterDataRateExceeded": "데이터 속도가 초과되어 변수를 볼 수 없습니다. 더 높은 데이터 속도 제한으로 서버를 다시 시작하세요. 예: --NotebookApp.iopub_data_rate_limit = 10000000000.0",
	"DataScience.addCellBelowCommandTitle": "셀 추가",
	"DataScience.debugCellCommandTitle": "디버그 셀",
	"DataScience.debugStepOverCommandTitle": "단위 실행",
	"DataScience.debugContinueCommandTitle": "계속",
	"DataScience.debugStopCommandTitle": "중지",
	"DataScience.runCurrentCellAndAddBelow": "현재 셀을 실행하고 아래에 빈 셀 추가",
	"DataScience.jupyterDebuggerNotInstalledError": "셀 디버깅에는 Pip 모듈 {0}이(가) 필요합니다. 셀을 디버그하려면 설치해야 합니다.",
	"DataScience.jupyterDebuggerOutputParseError": "{0} 출력을 구문 분석할 수 없습니다. https://github.com/microsoft/vscode-jupyter에 문제를 기록하세요.",
	"DataScience.jupyterDebuggerPortNotAvailableError": "디버깅을 위해 포트 {0}을(를) 열 수 없습니다. remoteDebuggerPort 설정에서 다른 포트를 지정하세요.",
	"DataScience.jupyterDebuggerPortBlockedError": "디버깅을 위해 포트 {0}에 연결할 수 없습니다. 방화벽을 통해 포트 {0}을(를) 허용하세요.",
	"DataScience.jupyterDebuggerPortNotAvailableSearchError": "디버깅을 위해 {0} - {1} 범위의 포트를 찾을 수 없습니다. remoteDebuggerPort 설정에서 포트를 지정하세요.",
	"DataScience.jupyterDebuggerPortBlockedSearchError": "디버깅을 위해 포트에 연결할 수 없습니다. 포트 {0} - {1}이(가) 방화벽을 통과하도록 하세요.",
	"DataScience.jupyterDebuggerInstallNew": "셀 디버깅에는 Pip 모듈 {0}이(가) 필요합니다. {0}을(를) 설치하고 셀 디버그를 계속하시겠습니까?",
	"DataScience.jupyterDebuggerInstallNewRunByLine": "라인별로 실행하려면 Pip 모듈 {0}이(가) 필요합니다. {0}을(를) 설치하고 줄 단위로 계속 실행하시겠습니까?",
	"DataScience.jupyterDebuggerInstallUpdate": "설치된 {0} 버전은 디버깅 셀을 지원하지 않습니다. {0}을(를) 최신 버전으로 업데이트하고 셀 디버그를 계속하시겠습니까?",
	"DataScience.jupyterDebuggerInstallUpdateRunByLine": "설치된 {0} 버전은 라인별 실행을 지원하지 않습니다. {0}을(를) 최신 버전으로 업데이트하고 줄 단위로 계속 실행하시겠습니까?",
	"DataScience.jupyterDebuggerInstallYes": "예",
	"DataScience.jupyterDebuggerInstallNo": "아니요",
	"DataScience.cellStopOnErrorMessage": "이전 셀의 오류로 인해 셀이 취소되었습니다.",
	"DataScience.instructionComments": "# 새 셀을 추가하려면 '{0}'을(를) 입력합니다. \r\n # 새 마크다운 셀을 추가하려면 '{0} [markdown]'을 입력합니다. \r\n",
	"DataScience.scrollToCellTitleFormatMessage": "[{0}](으)로 이동",
	"DataScience.save": "전자 필기장 저장",
	"DataScience.nativeEditorTitle": "Notebook 편집기",
	"DataScience.untitledNotebookFileName": "제목 없음",
	"DataScience.dirtyNotebookMessage1": "{0}에 대한 변경 내용을 저장할까요?",
	"DataScience.dirtyNotebookMessage2": "변경 내용을 저장하지 않으면 손실됩니다.",
	"DataScience.dirtyNotebookYes": "저장",
	"DataScience.dirtyNotebookNo": "저장하지 않음",
	"DataScience.dirtyNotebookCancel": "취소",
	"DataScience.dirtyNotebookDialogTitle": "저장",
	"DataScience.dirtyNotebookDialogFilter": "Jupyter Notebooks",
	"DataScience.exportAsPythonFileTooltip": "Python 스크립트로 변환 및 저장",
	"DataScience.exportAsPythonFileTitle": "Python 파일로 저장",
	"DataScience.exportButtonTitle": "내보내기",
	"DataScience.runCell": "셀 실행",
	"DataScience.deleteCell": "셀 삭제",
	"DataScience.moveCellUp": "셀을 위로 이동",
	"DataScience.moveCellDown": "셀을 아래로 이동",
	"DataScience.moveSelectedCellUp": "선택한 셀을 위로 이동",
	"DataScience.insertBelow": "아래에 셀 삽입",
	"DataScience.insertAbove": "위에 셀 삽입",
	"DataScience.addCell": "셀 추가",
	"DataScience.runAll": "모든 셀 실행",
	"DataScience.toggleCellOutput": "셀 출력 설정/해제",
	"DataScience.convertingToPythonFile": "ipynb를 python 파일로 변환하는 중",
	"DataScience.untitledNotebookMessage": "변경 내용을 저장하지 않으면 손실됩니다.",
	"DataScience.untitledNotebookYes": "저장",
	"DataScience.untitledNotebookNo": "취소",
	"DataScience.noInterpreter": "선택한 Python이 없습니다",
	"DataScience.notebookNotFound": "python -m jupyter notebook --version이 실행되고 있지 않습니다.",
	"DataScience.savePngTitle": "이미지를 저장",
	"DataScience.jupyterSelectURIQuickPickTitle": "실행 중인 Jupyter 서버의 URI를 입력하세요.",
	"DataScience.jupyterSelectURIQuickPickTitleOld": "Jupyter에 연결하는 방법 선택",
	"DataScience.jupyterSelectURIQuickPickPlaceholder": "옵션을 선택하세요",
	"DataScience.jupyterSelectURIQuickPickCurrent": "현재: {0}",
	"DataScience.jupyterSelectURINoneLabel": "없음",
	"DataScience.jupyterSelectURINoneDetail": "원격 Jupyter 서버에 연결하지 마세요.",
	"DataScience.jupyterSelectURINewLabel": "기존",
	"DataScience.jupyterSelectURINewDetail": "기존 서버의 URI 지정",
	"DataScience.jupyterSelectURIMRUDetail": "마지막 연결: {0}",
	"DataScience.jupyterSelectURIRunningDetailFormat": "마지막 연결 {0}. {1} 기존 연결.",
	"DataScience.jupyterSelectURINotRunningDetail": "지금은 연결할 수 없습니다. 상태를 알 수 없습니다.",
	"DataScience.fallbackToUseActiveInterpreterAsKernel": "전자 필기장을 만드는 데 사용된 kernel '{0}'을(를) 찾을 수 없습니다. 현재 인터프리터를 사용합니다.",
	"DataScience.fallBackToRegisterAndUseActiveInterpreterAsKernel": "전자 필기장을 만드는 데 사용된 kernel '{0}'을(를) 찾을 수 없습니다. 현재 인터프리터를 사용하여 새 kernel을 등록합니다.",
	"DataScience.fallBackToPromptToUseActiveInterpreterOrSelectAKernel": "전자 필기장을 만드는 데 사용된 kernel '{0}'을(를) 찾을 수 없습니다.",
	"DataScience.selectKernel": "Kernel 변경",
	"DataScience.selectDifferentKernel": "다른 Kernel 선택",
	"DataScience.selectDifferentJupyterInterpreter": "인터프리터 변경",
	"DataScience.selectJupyterInterpreter": "Jupyter를 시작할 인터프리터 선택",
	"DataScience.switchingKernelProgress": "kernel을 '{0}'(으)로 전환",
	"DataScience.sessionStartFailedWithKernel": "Kernel '{0}'을(를) 시작하지 못했습니다. \r\n 자세한 내용은 Jupyter [로그](command:jupyter.viewOutput)을 참조하세요.",
	"DataScience.failedToStartKernel": "Kernel을 시작하지 못했습니다.",
	"DataScience.failedToRestartKernel": "Kernel을 다시 시작하지 못했습니다.",
	"DataScience.failedToInterruptKernel": "Kernel을 중단하지 못함",
	"DataScience.kernelDied": "kernel이 죽었습니다. 자세한 내용은 Jupyter [로그](command:jupyter.viewOutput)를 참조하세요. \r\n오류: {0}...",
	"DataScience.kernelDiedWithoutError": "kernel '{0}'이(가) 종료되었습니다. 자세한 내용은 [여기](https://aka.ms/vscodeJupyterKernelCrash)를 클릭하세요. 자세한 내용은 Jupyter [로그](command:jupyter.viewOutput)를 참조하세요.",
	"DataScience.kernelDiedWithoutErrorAndAutoRestarting": "kernel '{0}'이(가) 종료되었으며 Jupyter에서 자동으로 다시 시작됩니다. 자세한 내용은 [여기](https://aka.ms/vscodeJupyterKernelCrash)를 클릭하세요. 자세한 내용은 Jupyter [로그](command:jupyter.viewOutput)를 참조하세요.",
	"DataScience.kernelDisconnected": "커널 ‘{0}’에 연결할 수 없습니다. Jupyter 서버 연결을 확인하세요. 자세한 내용은 Jupyter [로그](command:jupyter.viewOutput)를 참조하세요.",
	"DataScience.kernelCrashedDueToCodeInCurrentOrPreviousCell": "현재 셀 또는 이전 셀에서 코드를 실행하는 동안 Kernel이 충돌했습니다. 셀의 코드를 검토하여 오류의 가능한 원인을 식별하세요. 자세한 내용을 보려면 <a href='https://aka.ms/vscodeJupyterKernelCrash'> 여기 </a> 를 클릭하세요. 자세한 내용은 Jupyter [로그](command:jupyter.viewOutput)를 참조하세요.",
	"DataScience.fileSeemsToBeInterferingWithKernelStartup": "'{0}' 파일이 포함 모듈을 무시하고 kernel 시작을 방해하는 것 같습니다. 파일 이름을 바꾸고 kernel을 다시 시작하는 것을 고려하세요.",
	"DataScience.DataScience.moduleSeemsToBeInterferingWithKernelStartup": "모듈 '{0}'이(가) 기본 제공 모듈을 재정의하고 kernel의 시작을 방해하는 것 같습니다. 폴더 이름을 변경하고 kernel을 다시 시작하는 것이 좋습니다.",
	"DataScience.failedToStartKernelDueToMissingModule": "누락된 모듈 '{0}' 때문에 kernel을 시작하지 못했습니다. 이 모듈을 설치하는 것을 고려하세요.",
	"DataScience.failedToStartKernelDueToImportFailure": "모듈 '{0}'을(를) 가져올 수 없으므로 kernel을 시작하지 못했습니다.",
	"DataScience.failedToStartKernelDueToImportFromFileFailure": "'{1}'에서 '{0}'을(를) 가져올 수 없기 때문에 kernel을 시작하지 못했습니다.",
	"DataScience.failedToStartKernelDueToUnknownDllLoadFailure": "dll을 로드할 수 없어 kernel을 시작하지 못했습니다.",
	"DataScience.failedToStartKernelDueToDllLoadFailure": "dll '{0}'을(를) 로드할 수 없어 kernel을 시작하지 못했습니다.",
	"DataScience.failedToStartKernelDueToWin32APIFailure": "Win32api 모듈 오류로 인해 kernel을 시작하지 못했습니다. 이 모듈을 (재)설치하는 것을 고려하세요.",
	"DataScience.failedToStartKernelDueToPyZmqFailure": "'pyzmq' 모듈 오류로 인해 kernel을 시작하지 못했습니다. 이 모듈을 다시 설치하는 것이 좋습니다.",
	"DataScience.failedToStartKernelDueToOldIPython": "오래된 버전의 IPython으로 인해 kernel을 시작하지 못했습니다. 이 모듈을 최신 버전으로 업데이트하는 것을 고려하세요.",
	"DataScience.failedToStartKernelDueToOldIPyKernel": "IPyKernel의 오래된 버전으로 인해 kernel을 시작할 수 없습니다. 이 모듈을 최신 버전으로 업데이트하는 것을 고려하세요.",
	"DataScience.failedToStartJupyter": "'{0}' 환경에서 Jupyter를 시작하지 못했습니다.\r\n자세한 내용은 Jupyter [log](command:jupyter.viewOutput)를 참조하세요.",
	"DataScience.failedToStartJupyterWithErrorInfo": "'{0}' 환경에서 Jupyter를 시작하지 못했습니다. \r\n{1} \r\n 자세한 내용은 Jupyter [로그](command:jupyter.viewOutput)를 참조하세요.",
	"DataScience.failedToStartJupyterDueToOutdatedTraitlets": "'traitlets'의 오래된 버전으로 인해 '{0}' 환경에서 Jupyter를 시작하지 못했습니다. \r\n {1} \r\n 'traitlets' 모듈을 '5.1.1' 이상으로 업데이트하는 것을 고려하세요. \r\n 자세한 내용은 Jupyter [로그](command:jupyter.viewOutput)를 참조하세요.",
	"DataScience.installPackageInstructions": "다음 명령어를 실행하여 Python 환경에 '{0}'을(를) 설치합니다. \r\n 명령: '{1}'",
	"DataScience.cannotRunCellKernelIsDead": "Cannot run cells, as the kernel '{0}' is dead.",
	"DataScience.waitingForJupyterSessionToBeIdle": "Jupyter 세션이 유휴 상태가 될 때까지 대기",
	"DataScience.gettingListOfKernelsForLocalConnection": "Kernels을 가져오는 중",
	"DataScience.gettingListOfKernelsForRemoteConnection": "Kernels을 가져오는 중",
	"DataScience.gettingListOfKernelSpecs": "Kernel 사양 가져오기",
	"DataScience.startingJupyterNotebook": "Jupyter Notebook 시작하기",
	"DataScience.registeringKernel": "Kernel 등록 중",
	"DataScience.trimmedOutput": "성능상의 이유로 출력이 잘렸습니다.\r\n전체 출력을 보려면 \"jupyter.textOutputLimit\" 설정을 0으로 설정하세요.",
	"DataScience.connectingToJupyterUri": "{0}에서 Jupyter 서버에 연결하는 중",
	"DataScience.createdNewNotebook": "{0}: 새 전자 필기장 만들기 ",
	"DataScience.createdNewKernel": "{0}: Kernel started: {1}",
	"DataScience.kernelInvalid": "Kernel {0}을(를) ​사용할 수 없습니다. 자세한 내용은 Jupyter 출력 탭을 확인하세요.",
	"DataScience.nativeDependencyFail": "OS가 지원되지 않기 때문에 Jupyter 서버를 시작할 수 없습니다. 계속하려면 이미 실행 중인 서버를 선택하세요. {0}",
	"DataScience.selectNewServer": "실행 중인 서버 선택",
	"DataScience.jupyterSelectURIRemoteLabel": "기존",
	"DataScience.jupyterSelectURIQuickPickTitleRemoteOnly": "이미 실행 중인 Jupyter 서버 선택",
	"DataScience.jupyterSelectURIRemoteDetail": "기존 서버의 URI 지정",
	"DataScience.latestExtension": "최신 버전의 Jupyter Extension 다운로드",
	"DataScience.loadClassFailedWithNoInternet": "{0} 로드 중 오류: {1}. 타사 위젯을 로드하려면 인터넷 연결이 필요합니다.",
	"DataScience.useCDNForWidgets": "위젯을 사용하려면 타사 웹사이트에서 지원 파일을 다운로드해야 합니다. 자세한 내용은 [여기](https://aka.ms/PVSCIPyWidgets)를 클릭하세요.",
	"DataScience.useCDNForWidgetsNoInformation": "위젯을 사용하려면 타사 웹사이트에서 지원 파일을 다운로드해야 합니다.",
	"DataScience.enableCDNForWidgetsSettingHtml": "위젯을 사용하려면 타사 웹사이트에서 지원 파일을 다운로드해야 합니다. 이를 활성화하려면 <a href='https://command:jupyter.enableLoadingWidgetScriptsFromThirdPartySource'> 여기 </a> 를 클릭하고 자세한 내용을 보려면 <a href='https://aka.ms/PVSCIPyWidgets'> 여기 </a> 를 클릭하세요 정보. ({0} 로드 오류: {1}).",
	"DataScience.enableCDNForWidgetsSetting": "위젯을 사용하려면 타사 웹사이트에서 지원 파일을 다운로드해야 합니다. ({0} 로드 오류: {1}).",
	"DataScience.enableCDNForWidgetsButton": "다운로드 활성화",
	"DataScience.widgetScriptNotFoundOnCDNWidgetMightNotWork": "구성된 위젯 원본 {2}에서 위젯 '{0}' 버전 '{1}'을(를) 찾을 수 없습니다. 예상되는 동작이 영향을 받을 수 있습니다. 자세한 내용은 [여기](https://aka.ms/PVSCIPyWidgets)를 클릭하세요.",
	"DataScience.cdnWidgetScriptNotAccessibleWarningMessage": "네트워크 액세스로 인해 타사 웹사이트 {1}에서 위젯 '{0}'을(를) 다운로드할 수 없습니다. 예상되는 동작이 영향을 받을 수 있습니다. 자세한 내용은 [여기](https://aka.ms/PVSCIPyWidgets)를 클릭하세요.",
	"DataScience.unhandledMessage": "위젯에서 처리되지 않은 kernel 메시지: {0}: {1}",
	"DataScience.qgridWidgetScriptVersionCompatibilityWarning": "위젯 'qgrid'의 호환 버전을 로드할 수 없습니다. 버전 1.1.1로 다운그레이드하는 것을 고려하세요.",
	"DataScience.kernelStarting": "_kernel에 연결..._",
	"DataScience.kernelStartingCustom": "_{0}에 연결 중..._",
	"DataScience.libraryRequiredToLaunchJupyterKernelNotInstalledInterpreter": "'{0}'(으)로 셀을 실행하려면 {1} 패키지가 필요합니다.",
	"DataScience.libraryRequiredToLaunchJupyterKernelNotInstalledInterpreterAndRequiresUpdate": "'{0}'(으)로 셀을 실행하려면 {1} 패키지가 설치되어 있거나 업데이트가 필요합니다.",
	"DataScience.runByLine": "줄 단위로 실행(F10)",
	"DataScience.stopRunByLine": "중지",
	"DataScience.couldNotInstallLibrary": "{0} 패키지를 설치할 수 없습니다. pip를 사용할 수 없는 경우 선택한 패키지 관리자를 사용하여 Python 환경에 이 라이브러리를 수동으로 설치하세요.",
	"DataScience.rawKernelSessionFailed": "kernel {0}에 대한 세션을 시작할 수 없습니다. 시작할 다른 kernel을 선택하세요.",
	"DataScience.rawKernelStartFailedDueToTimeout": "연결 시간 초과로 인해 Kernel '{0}'을(를) 시작할 수 없습니다.\r\n자세한 내용은 Jupyter [로그](command:jupyter.viewOutput)를 참조하세요.",
	"DataScience.rawKernelConnectingSession": "kernel {0}에 연결",
	"DataScience.reloadCustomEditor": "사용자 지정 편집기 API를 사용하려면 VS Code를 다시 로드하세요.",
	"DataScience.reloadVSCodeNotebookEditor": "Notebook 편집기를 사용하려면 VS Code를 다시 로드하세요.",
	"DataScience.step": "다음 줄 실행(F10)",
	"DataScience.usingPreviewNotebookWithOtherNotebookWarning": "미리 보기 Notebook 편집기와 안정적인 Notebook 편집기에서 동일한 파일을 여는 것은 권장하지 않습니다. 그렇게 하면 데이터가 손실되거나 전자 필기장이 손상될 수 있습니다.",
	"DataScience.unknownServerUri": "서버 URI를 사용할 수 없습니다. Jupyter 서버 연결을 제공하는 확장을 제거했습니까?",
	"DataScienceRendererExtension.installingExtension": "Notebook 렌더러 확장 설치 중...",
	"DataScienceRendererExtension.installationCompleteMessage": "완료.",
	"DataScienceRendererExtension.startingDownloadOutputMessage": "Notebook 렌더러 확장 다운로드를 시작합니다.",
	"DataScienceRendererExtension.downloadingMessage": "Notebook 렌더러 확장 다운로드 중...",
	"DataScienceRendererExtension.downloadCompletedOutputMessage": "Notebook 렌더러 확장 다운로드가 완료되었습니다.",
	"DataScience.uriProviderDescriptionFormat": "{0}({1} 확장자에서)",
	"DataScience.unknownPackage": "알 수 없음",
	"DataScience.interactiveWindowTitle": "대화형",
	"DataScience.interactiveWindowTitleFormat": "대화형 - {0}",
	"DataScience.interactiveWindowModeBannerTitle": "이 파일에 대한 새 대화형 창을 열시겠습니까? [추가 정보](command:workbench.action.openSettings?%5B%22jupyter.interactiveWindowMode%22%5D).",
	"DataScience.interactiveWindowModeBannerSwitchYes": "예",
	"DataScience.interactiveWindowModeBannerSwitchAlways": "항상",
	"DataScience.interactiveWindowModeBannerSwitchNo": "아니요",
	"DataScience.noKernelsSpecifyRemote": "셀 실행에 사용할 수 있는 kernel이 없습니다. [연결을 위한 Jupyter 서버 지정](command:jupyter.selectjupyteruri)",
	"DataScience.ipykernelNotInstalled": "인터프리터 {0}에 IPyKernel이 설치되지 않았습니다.",
	"DataScience.ipykernelNotInstalledBecauseCanceled": "인터프리터에 IPyKernel이 설치되지 않았습니다. 설치가 취소되었습니다.",
	"DataScience.needIpykernel6": "이 기능을 사용하려면 Ipykernel 설정이 필요합니다.",
	"DataScience.setup": "설정",
	"DataScience.startingRunByLine": "라인별 실행 시작",
	"DataScience.illegalEditorConfig": "CustomEditor와 NativeNotebook 실험은 함께 켤 수 없습니다.",
	"DataScience.pythonExtensionRequired": "해당 작업을 수행하려면 Python 확장이 필요합니다. 예를 클릭하여 Python 확장 설치 페이지를 엽니다.",
	"DataScience.pythonExtensionRequiredToRunNotebook": "Python 전자 필기장을 실행하려면 Python 확장이 필요합니다.",
	"DataScience.installingPythonExtension": "Python 확장을 설치하고 커널을 찾는 중입니다.",
	"DataScience.pythonExtensionInstalled": "이제 Python 확장이 설치되었습니다. 전자 필기장 또는 대화형 창 세션이 다시 시작될 때까지 일부 기능을 사용하지 못할 수 있습니다.",
	"DataScience.showDataViewerFail": "데이터 뷰어를 생성하지 못했습니다. 자세한 내용은 출력 창의 Jupyter 탭을 확인하세요.",
	"DataScience.notebookCreationPickerPlaceHolder": "빈 전자 필기장을 만드는 옵션 선택",
	"DataScience.refreshDataViewer": "데이터 뷰어 새로 고침",
	"DataScience.refreshDataViewerCommandPalette": "데이터 뷰어 새로 고침",
	"DataScience.sliceDropdownAxisLabel": "축",
	"DataScience.sliceDropdownIndexLabel": "인덱스",
	"DataScience.sliceSubmitButton": "적용",
	"DataScience.sliceSummaryTitle": "슬라이스",
	"DataScience.dataViewerShowFilters": "필터 표시",
	"DataScience.dataViewerHideFilters": "필터 숨기기",
	"DataScience.sliceData": "슬라이스 데이터",
	"DataScience.sliceIndexError": "{2} 요소가 있는 {1} 축의 범위를 벗어난 색인 {0}",
	"DataScience.sliceMismatchedAxesError": "예상되는 {0}축, 슬라이스 식에 {1} 있음",
	"DataScience.clearFilters": "모든 필터 지우기",
	"DataScience.defaultNotebookName": "기본값",
	"DataScience.recommendExtensionForNotebook": "{0} 확장자는 '{1}' 언어를 대상으로 하는 전자 필기장에 권장됩니다.",
	"DataScience.interactiveClearAllCells": "모두 지우기",
	"DataScience.interactiveRemoveCell": "셀 제거",
	"DataScience.interactiveGoToCode": "코드로 이동",
	"DataScience.kernelWasNotStarted": "Kernel이 시작되지 않았습니다. 디버깅을 시작하려면 kernel 세션이 필요합니다.",
	"DataScience.noNotebookToDebug": "디버그할 활성 전자 필기장 문서가 없습니다.",
	"DataScience.cantStartDebugging": "디버깅을 시작할 수 없습니다.",
	"DataScience.customEditorBanner": "이 편집기는 더 이상 사용되지 않으며 VS Code 1.59 이후에 제거됩니다. [새 전자 필기장 편집기에 대해 자세히 알아보기](https://aka.ms/vscodeNotebookEditorBanner).",
	"DataScience.importingIpynb": "전자 필기장 파일을 가져오는 중입니다.",
	"DataScience.exportingToFormat": "{0}(으)로 내보내는 중입니다.",
	"DataScience.matplotlibWidgetInsteadOfOther": "'%matplotlib widget' 또는 '%matplotlib inline'은 VS Code 전자 필기장에서 가장 잘 작동합니다.",
	"DataScience.matplotlibWidgetCodeActionTitle": "추가 정보",
	"DataScience.usingNonPrereleaseYes": "예",
	"DataScience.usingNonPrereleaseNo": "아니요",
	"DataScience.usingNonPrereleaseNoAndDontAskAgain": "다시 묻지 마세요",
	"DataScience.usingNonPrerelease": "VS Code 참가자에서 실행할 때는 Jupyter 확장의 '시험판' 버전을 사용하는 것이 좋습니다. 전환하시겠습니까?",
	"DataScience.cellAtFormat": "{0} 셀 {1}‘",
	"DataScience.jupyterServerConsoleOutputChannel": "Jupyter 서버 콘솔",
	"DataScience.kernelConsoleOutputChannel": "{0} Kernel 콘솔 출력",
	"Installer.noCondaOrPipInstaller": "선택한 환경에서 사용할 수 있는 Conda 또는 Pip 설치 관리자가 없습니다.",
	"Installer.noPipInstaller": "선택한 환경에서 사용할 수 있는 Pip 설치 관리자가 없습니다.",
	"Installer.searchForHelp": "도움말 검색",
	"Installer.couldNotInstallLibrary": "{0}을(를) 설치할 수 없습니다. pip를 사용할 수 없는 경우 선택한 패키지 관리자를 사용하여 Python 환경에 이 라이브러리를 수동으로 설치하세요.",
	"Installer.dataScienceInstallPrompt": "데이터 과학 라이브러리 {0}이(가) 설치되어 있지 않습니다. 설치하시겠어요?",
	"Products.installingModule": "{0}을(를) 설치하는 중",
	"DataScience.webNotSupported": "Jupyter 확장의 웹 버전에서는 지원되지 않는 작업입니다.",
	"DataScience.outputSizeExceedLimit": "출력이 <a href={0}>크기 제한 </a>을 초과했습니다. 전체 출력 데이터를 <a href={1}>텍스트 편집기</a>에서 여세요",
	"DataScience.installPythonTitle": "Python 설치",
	"DataScience.installPythonExtensionViaKernelPickerTitle": "Python 확장 설치",
	"DataScience.switchToLocalKernelsTitle": "로컬 커널에 연결",
	"DataScience.switchToRemoteKernelsTitle": "Jupyter 서버에 연결",
	"DataScience.switchToAnotherRemoteKernelsTitle": "다른 Jupyter 서버에 연결",
	"DataScience.failedToInstallPythonExtension": "Python 확장을 설치하지 못했습니다.",
	"DataScience.kernelPrefixForRemote": "(원격)",
	"DataScience.pythonFileOverridesPythonPackage": "이 파일은 잠재적으로 기존 Python 패키지를 재정의하고 커널 실행을 방해할 수 있습니다. 이름을 바꾸는 것이 좋습니다.",
	"DataScience.alwaysIgnoreWarningsAboutOverridingPythonPackages": "Python 패키지 재정의에 대한 경고는 항상 무시합니다.",
	"DataScience.ignoreWarningAboutOverridingPythonPackage": "'{0}'에 대한 경고를 무시합니다.",
	"DataScience.moreInfoAboutFileNamesOverridingPythonPackages": "Python 패키지 재정의에 대한 자세한 정보",
	"DataScience.reservedPythonFileNamesDiagnosticCollectionName": "예약된 Python 파일 이름",
	"DataScience.filesPossiblyOverridingPythonModulesMayHavePreventedKernelFromStarting": "작업 디렉터리에 있는 다음 파일 중 일부는 커널이 시작되지 않았을 수 있습니다. 이름을 바꾸는 것이 좋습니다.",
	"DataScience.listOfFilesWithLinksThatMightNeedToBeRenamed": "파일: {0}의 이름을 바꿔야 할 수 있습니다.",
	"jupyter.configuration.jupyter.diagnostics.reservedPythonNames.enabled.markdownDescription": "잠재적으로 [Python 패키지를 재정의](https://aka.ms/JupyterKernelStartFailureOverrideReservedName)할 수 있는 Python 파일 이름에 대한 경고를 표시할지 여부입니다..",
	"jupyter.configuration.jupyter.diagnostics.reservedPythonNames.exclude.markdownDescription": "[Python 패키지 재정의](https://aka.ms/JupyterKernelStartFailureOverrideReservedName)에 대한 경고에서 파일 및 폴더를 제외하기 위한 [GLOB 패턴](https://code.visualstudio.com/docs/editor/codebasics#_advanced-search-options)을 구성합니다."
}