{
	"products.installingModule": "Instaluje se {0}.",
	"capabilities.untrustedWorkspace.description": "Spouštění buněk v interaktivním okně a poznámkových blocích se v nedůvěryhodných pracovních prostorech nepodporuje.",
	"contributes.walkthroughs.jupyterWelcome.title": "Začínáme s aplikacemi Jupyter Notebook",
	"contributes.walkthroughs.jupyterWelcome.description": "První kroky k nastavení projektu Jupyter se všemi výkonnými nástroji a funkcemi, které rozšíření Jupyter nabízí!",
	"contributes.walkthroughs.jupyterWelcome.steps.ipynb.newUntitledIpynb.title": "Vytvořit nebo otevřít Jupyter Notebook",
	"contributes.walkthroughs.jupyterWelcome.steps.ipynb.newUntitledIpynb.description": "Klikněte pravým tlačítkem v Průzkumníkovi souborů a vytvořte nový soubor s příponou .ipynb. Nebo otevřete [Command Palette] (command:workbench.action.showCommands) a spusťte příkaz. \r\nCreate: New Jupyter Notebook.\r\n[Create New Jupyter Notebook](command:toSide:ipynb.newUntitledIpynb)\r\n Pokud máte existující projekt, můžete taky [open a folder] (command:toSide:workbench.action.files.openFolder) nebo klonovat projekt z GitHub: [clone a Git repository](command:toSide:git.clone).",
	"contributes.walkthroughs.jupyterWelcome.steps.ipynb.newUntitledIpynb.media.altText": "Vytváří se nový poznámkový blok Jupyter.",
	"contributes.walkthroughs.jupyterWelcome.steps.jupyter.selectKernel.title": "Vybrat jádro Jupyter",
	"contributes.walkthroughs.jupyterWelcome.steps.jupyter.selectKernel.description": "Klikněte na možnost Vybrat jádro v pravém horním rohu poznámkového bloku a zvolte prostředí, ve kterém se má jádro spustit. Nebo, když je otevřený poznámkový blok a je v fokusu, otevřete [Command Palette] (command:workbench.action.showCommands) a spusťte příkaz: \r\nPoznámkový blok: Vyberte jádro poznámkového bloku. \r\n[Open Command Palette to Select a Jupyter Kernel](command:workbench.action.showCommands)",
	"contributes.walkthroughs.jupyterWelcome.steps.jupyter.selectKernel.media.altText": "Výběr nebo změna jádra poznámkového bloku",
	"contributes.walkthroughs.jupyterWelcome.steps.jupyter.exploreAndDebug.title": "Prozkoumání dat a ladění",
	"contributes.walkthroughs.jupyterWelcome.steps.jupyter.exploreAndDebug.description": "📅 Pomocí [Data Viewer](https://code.visualstudio.com/docs/datascience/data-science-tutorial#_prepare-the-data) můžete zobrazit, seřadit a filtrovat řádky dat. Po načtení dat klikněte v pravém horním rohu poznámkového bloku na Proměnné a klikněte na ikonu Prohlížeč dat nalevo od tabulky dat. \r\n \r\n[Learn about Data Viewer](https://code.visualstudio.com/docs/datascience/data-science-tutorial#_prepare-the-data)\r\n \r\n📒 Umožňuje ladit poznámkový blok pomocí [Run by Line](https://code.visualstudio.com/docs/datascience/jupyter-notebooks#_run-by-line) režimu, aby se buňka spouštěla po jednom řádku. Klikněte na ikonu Spustit podle řádku z buňky (tlačítko Přehrát řádky) nebo stiskněte F10. \r\n \r\n[Learn about Run by Line](https://code.visualstudio.com/docs/datascience/jupyter-notebooks#_run-by-line)",
	"contributes.walkthroughs.jupyterWelcome.steps.jupyter.exploreAndDebug.media.altText": "Otevírání prohlížeče dat",
	"contributes.walkthroughs.jupyterWelcome.steps.jupyter.dataScienceLearnMore.title": "Podívejte se na další informace!",
	"contributes.walkthroughs.jupyterWelcome.steps.jupyter.dataScienceLearnMore.description": "🎨 Prozkoumejte všechny funkce, které rozšíření Jupyter nabízí, vyhledáním „Jupyter“ na [Command Palette](command:workbench.action.showCommands). \r\n 📈 Další informace o tom, jak začít pracovat s datovými vědami v [Python](command:workbench.action.openWalkthrough?%7B%22category%22%3A%22ms-python.python%23pythonDataScienceWelcome%22%2C%22step%22%3A%22ms-python.python%23python.createNewNotebook%22%7D) instalací rozšíření Pythonu ([prohledat rozšíření Pythonu](command:workbench.extensions.search?\"ms-python.python\")). \r\n 📃 Další funkce najdete v našich [Tutorials](https://code.visualstudio.com/docs/datascience/jupyter-notebooks).  \r\n[Další informace](https://aka.ms/AAdar6q)",
	"contributes.walkthroughs.jupyterWelcome.steps.jupyter.dataScienceLearnMore.media.altText": "Obrázek představující naši stránku dokumentace a zdroje pro seznam adresátů.",
	"jupyter.command.dataScience.clearCache.title": "Vymazat mezipaměť",
	"jupyter.command.jupyter.replayPylanceLog.title": "Přehrání protokolu logaritmu",
	"jupyter.command.jupyter.replayPylanceLogStep.title": "Protokol krokování",
	"jupyter.command.jupyter.exportAsPythonScript.title": "Exportovat do skriptu Python",
	"jupyter.command.jupyter.exportToHTML.title": "Exportovat do HTML",
	"jupyter.command.jupyter.exportToPDF.title": "Exportovat do PDF",
	"jupyter.command.jupyter.debug.title": "Ladění",
	"jupyter.command.jupyter.filterKernels.title": "Filtrovat jádra",
	"jupyter.command.jupyter.runByLine.title": "Spustit po řádcích",
	"jupyter.command.jupyter.debugCell.title": "Ladit buňku",
	"jupyter.command.jupyter.runByLineNext.title": "Spustit další řádek",
	"jupyter.command.jupyter.runByLineStop.title": "Pokračovat v provádění",
	"DataScience.checkingIfImportIsSupported": "Kontroluje se, jestli se podporuje import.",
	"DataScience.validatingKernelDependencies": "Ověřování závislostí kernel",
	"DataScience.installingMissingDependencies": "Instalace chybějících závislostí",
	"DataScience.exportNotebookToPython": "Export Notebooku do Pythonu",
	"DataScience.performingExport": "Provádí se export",
	"DataScience.convertingToPDF": "Převádění do formátu PDF...",
	"DataScience.exportHTMLQuickPickLabel": "HTML",
	"DataScience.exportPDFQuickPickLabel": "PDF",
	"DataScience.openExportedFileMessage": "Přejete si otevřít exportovaný soubor?",
	"DataScience.openExportFileYes": "Ano",
	"DataScience.openExportFileNo": "Ne",
	"DataScience.failedExportMessage": "Export neproběhl úspěšně.",
	"DataScience.validationErrorMessageForRemoteUrlProtocolNeedsToBeHttpOrHttps": "Musí jít o http(s)",
	"DataScience.exportFailedGeneralMessage": "Zkontrolujte prosím panel [výstupu] Jupyter (command:jupyter.viewOutput) pro další podrobnosti",
	"DataScience.exportToPDFDependencyMessage": "Pokud jste xelatex (TeX) nenainstalovali, budete to muset udělat před exportem do PDF. Další pokyny najdete na https://nbconvert.readthedocs.io/en/latest/install.html#installing-tex. \r\nPokud se chcete instalaci xelatex (TeX) vyhnout, možná budete chtít vyzkoušet export do HTML a použít funkci Tisk do PDF vašeho prohlížeče.",
	"DataScience.insecureSessionMessage": "Připojení přes protokol HTTP bez tokenu může vést k nezabezpečenému připojení. Chcete se připojit k potenciálně nezabezpečenému serveru?",
	"DataScience.insecureSessionDenied": "Připojení k nezabezpečenému serveru bylo odepřeno.",
	"DataScience.pythonNotInstalled": "Python není nainstalovaný. \r\nPokud chcete spouštět buňky v tomto poznámkovém bloku, stáhněte a nainstalujte Python.",
	"DataScience.installKernel": "Kernel {0} Jupyter se nepodařilo najít a je potřeba ho nainstalovat, aby se mohly provést buňky v tomto poznámkovém bloku.",
	"DataScience.customizeLayout": "Přizpůsobit rozložení",
	"DataScience.warnWhenSelectingKernelWithUnSupportedPythonVersion": "Verze Python přidružená k vybranému kernel se už nepodporuje. Zvažte prosím výběr jiného kernel.",
	"DataScience.activatingPythonEnvironment": "Aktivuje se prostředí Pythonu {0}",
	"jupyter.kernel.percentPipCondaInstallInsteadOfBang": "Použijte %{0} install místo !{0} install",
	"jupyter.kernel.pipCondaInstallHoverWarning": "!{0} install může instalovat balíčky do nesprávného prostředí. [Další informace] ({1})",
	"jupyter.kernel.replacePipCondaInstallCodeAction": "Nahradit výrazem %{0} install",
	"jupyter.kernel.filter.placeholder": "Zvolte kernely, které jsou k dispozici v nástroji pro výběr kernelu.",
	"jupyter.kernel.category.jupyterSession": "(Vzdálená) Relace Jupyter",
	"jupyter.kernel.category.jupyterKernel": "Kernel Jupyter",
	"jupyter.kernel.category.jupyterRemoteKernel": "(Vzdálené) Kernel Jupyter",
	"jupyter.kernel.category.conda": "Prostředí Conva",
	"jupyter.kernel.category.poetry": "Poetry env",
	"jupyter.kernel.category.pipenv": "Pipenv Env",
	"jupyter.kernel.category.pyenv": "PyEnv Env",
	"jupyter.kernel.category.global": "Global env",
	"jupyter.kernel.category.virtual": "Virtual Env",
	"jupyter.command.jupyter.viewLanguageServerOutput.title": "Zobrazit výstup jazykového serveru",
	"jupyter.command.jupyter.selectAndRunTestMethod.title": "Spustit testovací metodu",
	"jupyter.command.jupyter.selectAndDebugTestMethod.title": "Ladit testovací metodu",
	"jupyter.command.jupyter.selectAndRunTestFile.title": "Spustit testovací soubor",
	"jupyter.command.jupyter.runCurrentTestFile.title": "Spustit aktuální testovací soubor",
	"jupyter.command.jupyter.runFailedTests.title": "Spustit neúspěšné testy",
	"jupyter.command.jupyter.discoverTests.title": "Zjistit testy",
	"jupyter.command.jupyter.discoveringTests.title": "Zjišťování",
	"jupyter.command.jupyter.stopTests.title": "Zastavit",
	"jupyter.command.jupyter.configureTests.title": "Nakonfigurovat testy",
	"jupyter.command.jupyter.execSelectionInTerminal.title": "Spustit Výběr/Řádek v terminálu Python",
	"jupyter.command.jupyter.execSelectionInDjangoShell.title": "Spustit Výběr/Řádek v prostředí Django",
	"jupyter.command.jupyter.goToPythonObject.title": "Přejít na objekt Python",
	"jupyter.command.jupyter.setLinter.title": "Vybrat Linter",
	"jupyter.command.jupyter.enableLinting.title": "Povolit lintování",
	"jupyter.command.jupyter.runLinting.title": "Spustit Lintování",
	"jupyter.command.jupyter.runFileInteractive.title": "Ladit aktuální soubor v okně Interactive",
	"jupyter.command.jupyter.debugFileInteractive.title": "Ladit aktuální soubor přes okno Interactive",
	"jupyter.command.jupyter.runallcells.title": "Spustit všechny buňky",
	"jupyter.command.jupyter.notebookeditor.expandallcells.title": "Rozbalit všechny buňky Notebooku",
	"jupyter.command.jupyter.notebookeditor.collapseallcells.title": "Sbalit všechny buňky Notebooku",
	"jupyter.command.jupyter.runallcellsabove.title": "Spustit výše",
	"jupyter.command.jupyter.runcellandallbelow.title": "Spustit níže",
	"jupyter.command.jupyter.runallcellsabove.palette.title": "Spustit buňky nad aktivní buňkou",
	"jupyter.command.jupyter.runcurrentcellandallbelow.palette.title": "Spustit aktivní buňku a buňku pod",
	"jupyter.command.jupyter.debugcurrentcell.palette.title": "Ladit aktivní buňku",
	"jupyter.command.jupyter.debugcell.title": "Ladit buňku",
	"jupyter.command.jupyter.debugstepover.title": "Krokovat bez vnoření",
	"jupyter.command.jupyter.debugcontinue.title": "Pokračovat",
	"jupyter.command.jupyter.debugstop.title": "Zastavit",
	"jupyter.command.jupyter.runtoline.title": "Spustit na řádek v okně Interactive",
	"jupyter.command.jupyter.runfromline.title": "Spustit z řádku v okně Interactive",
	"jupyter.command.jupyter.runcurrentcell.title": "Spustit aktivní buňku",
	"jupyter.command.jupyter.runcurrentcelladvance.title": "Spustit aktivní buňku a pokračovat",
	"jupyter.command.jupyter.execSelectionInteractive.title": "Spustit výběr nebo řádek v okně Interactive",
	"jupyter.command.jupyter.runcell.title": "Spustit buňku",
	"jupyter.command.jupyter.insertCellBelowPosition.title": "Vložit pozice buňky níže",
	"jupyter.command.jupyter.insertCellBelow.title": "Vložit buňku níže",
	"jupyter.command.jupyter.insertCellAbove.title": "Vložit buňku nad",
	"jupyter.command.jupyter.deleteCells.title": "Odstranit vybrané buňky",
	"jupyter.command.jupyter.selectCell.title": "Vybrat buňku",
	"jupyter.command.jupyter.selectCellContents.title": "Vybrat obsah buňky",
	"jupyter.command.jupyter.extendSelectionByCellAbove.title": "Rozšířit výběr o buňku nahoře",
	"jupyter.command.jupyter.extendSelectionByCellBelow.title": "Rozšířit výběr o buňku níže",
	"jupyter.command.jupyter.moveCellsUp.title": "Přesunout vybrané buňky směrem nahoru",
	"jupyter.command.jupyter.moveCellsDown.title": "Přesunout vybrané buňky směrem dolů",
	"jupyter.command.jupyter.changeCellToMarkdown.title": "Změnit buňku na Markdown",
	"jupyter.command.jupyter.changeCellToCode.title": "Změnit buňku na kód",
	"jupyter.command.jupyter.gotoNextCellInFile.title": "Přejít na další buňku",
	"jupyter.command.jupyter.gotoPrevCellInFile.title": "Přejít na předchozí řádek",
	"jupyter.command.jupyter.showhistorypane.title": "Zobrazit okno Interactive",
	"jupyter.command.jupyter.createnewinteractive.title": "Vytvořit okno Interactive",
	"jupyter.command.jupyter.selectjupyteruri.title": "Určit Jupyter Server pro připojení",
	"DataScience.jupyterNativeNotebookUriStatusLabelForLocal": "Jupyter Server: Místní",
	"DataScience.jupyterNativeNotebookUriStatusLabelForRemote": "Jupyter Server: Vzdálený",
	"jupyter.command.jupyter.selectjupytercommandline.title": "Zadat argumenty příkazového řádku Jupyter",
	"jupyter.command.jupyter.importnotebook.title": "Importovat Jupyter Notebook",
	"jupyter.command.jupyter.importnotebookfile.title": "Převést na skript Python",
	"jupyter.command.jupyter.exportoutputasnotebook.title": "Exportovat interaktivní okno jako Jupyter Notebook",
	"jupyter.command.jupyter.exportfileasnotebook.title": "Exportovat aktuální soubor Python jako Jupyter Notebook",
	"jupyter.command.jupyter.exportfileandoutputasnotebook.title": "Exportovat aktuální soubor Python a výstup jako Jupyter Notebook",
	"jupyter.command.jupyter.undocells.title": "Vrátit zpět poslední interaktivní akci",
	"jupyter.command.jupyter.redocells.title": "Opakovat poslední interaktivní akci",
	"jupyter.command.jupyter.removeallcells.title": "Odstranit všechny interaktivní buňky",
	"jupyter.command.jupyter.notebookeditor.removeallcells.title": "Odstranit všechny buňky Notebook Editoru",
	"jupyter.command.jupyter.notebookeditor.addcellbelow.title": "Přidat do souboru Notebook prázdnou buňku",
	"jupyter.command.jupyter.notebookeditor.keybind.undo.title": "Zpět",
	"jupyter.command.jupyter.notebookeditor.keybind.save.title": "Uložit",
	"jupyter.command.jupyter.interruptkernel.title": "Přerušit Kernel",
	"jupyter.command.jupyter.interruptkernel.shorttitle": "Přerušit",
	"DataScience.restartKernel": "Restartovat Kernel",
	"jupyter.command.jupyter.restartkernel.title": "Restartovat Kernel",
	"jupyter.command.jupyter.restartkernel.shorttitle": "Restartovat",
	"jupyter.command.jupyter.expandallcells.title": "Rozbalit všechny interaktivní buňky",
	"jupyter.command.jupyter.collapseallcells.title": "Sbalit všechny interaktivní buňky",
	"jupyter.command.jupyter.expandallcells.shorttitle": "Rozbalit",
	"jupyter.command.jupyter.collapseallcells.shorttitle": "Sbalit",
	"jupyter.command.jupyter.addcellbelow.title": "Přidat do souboru prázdnou buňku",
	"jupyter.command.jupyter.createnewnotebook.title": "Vytvořit nový Jupyter Notebook",
	"jupyter.command.jupyter.scrolltocell.title": "Posunout buňku do zobrazení",
	"jupyter.command.jupyter.selectJupyterInterpreter.title": "Vyberte interpret, abyste spustili Jupyter Server",
	"jupyter.command.jupyter.enableDebugLogging.title": "Povolit protokolování ladění",
	"jupyter.command.jupyter.resetLoggingLevel.title": "Resetovat úroveň protokolování",
	"jupyter.command.jupyter.showDataViewer.title": "Zobrazit hodnotu v prohlížeči dat",
	"jupyter.command.jupyter.viewOutput.title": "Zobrazit výstup",
	"DataScience.viewJupyterLogForFurtherInfo": "Zobrazte si podrobnosti, které najdete v [protokolu] (command:jupyter.viewOutput) Jupyteru.",
	"jupyter.showJupyterLogs": "Zobrazit protokoly Jupyter",
	"jupyter.command.jupyter.clearSavedJupyterUris.title": "Vymazat server vzdálených serverů Jupyter",
	"jupyter.command.jupyter.openVariableView.title": "Otevřít zobrazení proměnných",
	"jupyter.command.jupyter.openVariableView.shorttitle": "Proměnné",
	"jupyter.command.jupyter.openOutlineView.title": "Zobrazit obsah (Zobrazení Osnova)",
	"jupyter.command.jupyter.openOutlineView.shorttitle": "Osnova",
	"DataScience.currentlySelectedJupyterInterpreterForPlaceholder": "aktuální: {0}",
	"jupyter.command.jupyter.analysis.clearCache.title": "Vymazat mezipaměť analýzy modulu",
	"jupyter.command.jupyter.analysis.restartLanguageServer.title": "Restartovat jazykový server",
	"jupyter.commandPalette.jupyter.replayPylanceLog.title": "Přehrání protokolu logaritmu",
	"jupyter.notebookRenderer.IPyWidget.displayName": "Jupyter IPyWidget Renderer",
	"jupyter.notebookRenderer.Error.displayName": "Vykreslovací modul chyb Jupyter",
	"jupyter.debuggers.kernel": "Adaptér ladění jádra Python",
	"jupyter.debuggers.interactive": "Interaktivní okno Python",
	"jupyter.configuration.jupyter.experiments.enabled.description": "Povolí nebo zakáže testy A/B.",
	"jupyter.configuration.jupyter.showVariableViewWhenDebugging.description": "Umožňuje vyvolat zobrazení proměnných při spuštění relace Spustit podle řádku.",
	"jupyter.configuration.jupyter.logging.level.description": "Úroveň protokolování, na které se rozšíření protokoluje.",
	"jupyter.configuration.jupyter.experiments.optInto.markdownDescription": "Seznam experimentů, ze kterých se lze přihlásit. Pokud je prázdný, je uživatel přiřazen k výchozí skupinám experimentů. [Learn more](https://github.com/microsoft/vscode-jupyter/wiki/Experiments).",
	"jupyter.configuration.jupyter.experiments.optOutFrom.markdownDescription": "Seznam experimentů, ze kterých se lze odhlásit. Pokud je prázdný, je uživatel přiřazen k výchozí skupinám experimentů. [Další informace](https://github.com/microsoft/vscode-jupyter/wiki/Experiments).",
	"jupyter.configuration.jupyter.enableKeyboardShortcuts.deprecationMessage": "Toto nastavení je zastaralé, protože klávesové zkratky Jupyter se přesunuly do rozšíření ms-toolsai.jupyter-keymap. Pokud chcete klávesové zkratky Jupyter zakázat, odinstalujte nebo zakažte toto rozšíření.",
	"jupyter.configuration.jupyter.enableKeyboardShortcuts.description": "Povolí klávesové zkratky ve stylu Jupyter pro Poznámkové bloky.",
	"jupyter.configuration.jupyter.allowImportFromNotebook.deprecationMessage": "Toto nastavení je zastaralé a bude odebráno v příští verzi.",
	"jupyter.configuration.jupyter.allowImportFromNotebook.description": "Umožňuje uživateli importovat poznámkový blok Jupyter do souboru Python pokaždé, když se otevře.",
	"jupyter.configuration.jupyter.widgetScriptSources.items.enumDescriptions.0": "Načte skripty widgetu (javascript) z https://www.jsdelivr.com/.",
	"jupyter.configuration.jupyter.widgetScriptSources.items.enumDescriptions.1": "Načte skripty widgetu (javascript) z https://unpkg.com/.",
	"jupyter.configuration.jupyter.widgetScriptSources.markdownDescription": "Definuje umístění a pořadí zdrojů, ze kterých se stahují soubory skriptů pro widgety (např. ipywidgest, bqplot, beakerx, ipyleaflet atd.). Když žádnou z nich nevyberete, widgety se nevykreslí nebo nebudou fungovat správně. Další informace najdete [tady](https://aka.ms/PVSCIPyWidgets). Po aktualizaci bude nutné restartovat jádro.",
	"jupyter.configuration.jupyter.askForLargeDataFrames.description": "Upozornit uživatele před pokusem o otevření velkých datových rámců.",
	"jupyter.configuration.jupyter.askForKernelRestart.description": "Upozorněte uživatele před restartováním jádra.",
	"jupyter.configuration.jupyter.exportWithOutputEnabled.description": "Povolte export souboru Pythonu do poznámkového bloku Jupyter a při tom spusťte všechny buňky.",
	"jupyter.configuration.jupyter.jupyterLaunchTimeout.description": "Doba (v ms), po kterou se má čekat na spuštění Jupyter Notebook serveru.",
	"jupyter.configuration.jupyter.jupyterLaunchRetries.description": "Počet pokusů o připojení k Jupyter Notebook",
	"jupyter.configuration.jupyter.jupyterCommandLineArguments.description": "Když se spustí Editor poznámkových bloků nebo server Interactive Window Jupyter, předávají se mu tyto argumenty. Ve výchozím nastavení se tento seznam generuje rozšířením Jupyter.",
	"jupyter.configuration.jupyter.notebookFileRoot.description": "Umožňuje nastavit kořenový adresář pro spouštění poznámkových bloků a okno Interactive.",
	"jupyter.configuration.jupyter.searchForJupyter.deprecationMessage": "Toto nastavení je zastaralé a bude odebráno v příští verzi.",
	"jupyter.configuration.jupyter.searchForJupyter.description": "Při spuštění okno Interactive vyhledat instalaci Jupyter ve všech nainstalovaných interpretech Python",
	"jupyter.configuration.jupyter.useDefaultConfigForJupyter.description": "Při místním spuštění Jupyter vytvořit výchozí prázdnou konfiguraci Jupyter pro okno Interactive.",
	"jupyter.configuration.jupyter.jupyterInterruptTimeout.description": "Doba (v ms), po kterou se má čekat na přerušení, než se požádá o restartování jádra Jupyter.",
	"jupyter.configuration.jupyter.allowInput.deprecationMessage": "Toto nastavení je zastaralé a bude odebráno v příští verzi.",
	"jupyter.configuration.jupyter.allowInput.description": "Povolit zadávání kódu Python přímo do okna Interactive",
	"jupyter.configuration.jupyter.showCellInputCode.deprecationMessage": "Toto nastavení je zastaralé a bude odebráno v příští verzi.",
	"jupyter.configuration.jupyter.showCellInputCode.description": "Zobrazí vstupní kód buňky.",
	"jupyter.configuration.jupyter.collapseCellInputCodeByDefault.description": "Ve výchozím nastavení sbalí vstupní kód buňky.",
	"jupyter.configuration.jupyter.collapseCellInputCodeByDefault.markdownDeprecationMessage": "Toto nastavení je zastaralé, použijte místo toho #interactiveWindow.collapseCellInputCode#.",
	"jupyter.configuration.jupyter.maxOutputSize.deprecationMessage": "Toto nastavení je zastaralé a bude odebráno v příští verzi.",
	"jupyter.configuration.jupyter.maxOutputSize.description": "Maximální velikost textového výstupu (v pixelech) v Editoru poznámkových bloků před zobrazením posuvníku. Nejprve povolte posouvání pro výstupy buněk v nastavení.",
	"jupyter.configuration.jupyter.alwaysScrollOnNewCell.description": "Automaticky posouvá interaktivní okno tak, aby zobrazovalo výstup posledního provedeného příkazu. Pokud je false, interaktivní okno se automaticky posune jenom v případě, že je vidět dolní část předchozí buňky.",
	"jupyter.configuration.jupyter.alwaysScrollOnNewCell.deprecationMessage": "Toto nastavení je zastaralé. Použijte místo toho nastavení „interactiveWindow.alwaysScrollOnNewCell“.",
	"jupyter.configuration.jupyter.enableScrollingForCellOutputs.deprecationMessage": "Toto nastavení je zastaralé a bude odebráno v příští verzi.",
	"jupyter.configuration.jupyter.enableScrollingForCellOutputs.description": "Umožňuje posouvání pro velké výstupy buněk v Editoru poznámkových bloků. Toto nastavení se nevztahuje na interaktivní okno.",
	"jupyter.configuration.jupyter.sendSelectionToInteractiveWindow.description": "Když stisknete shift+enter, pošle se vybraný kód v souboru Python do interaktivního okna Jupyter na rozdíl od terminálu Python.",
	"jupyter.configuration.jupyter.variableExplorerExclude.description": "Typy, které se mají vyloučit ze zobrazení v interaktivním průzkumníku proměnných",
	"jupyter.configuration.jupyter.codeRegularExpression.description": "Regulární výraz sloužící k identifikaci buněk kódu. Veškerý kód až do další shody se považuje za součást této buňky.",
	"jupyter.configuration.jupyter.defaultCellMarker.description": "Značka buňky, která se používá k vymezení buňky v souboru Python.",
	"jupyter.configuration.jupyter.markdownRegularExpression.description": "Regulární výraz, který se používá k identifikaci buněk Markdownu. Všechny komentáře za tímto výrazem jsou považovány za součást markdownu.",
	"jupyter.configuration.jupyter.allowLiveShare.deprecationMessage": "Toto nastavení je zastaralé, protože Live Share podpora interaktivního okna už v rozšíření Jupyter neexistuje.",
	"jupyter.configuration.jupyter.allowLiveShare.description": "Povolit sdílení okno Interactive během Live Share relace",
	"jupyter.configuration.jupyter.ignoreVscodeTheme.deprecationMessage": "Toto nastavení je zastaralé a bude odebráno v příští verzi.",
	"jupyter.configuration.jupyter.ignoreVscodeTheme.description": "Nepoužívejte motiv VS Code v okno Interactive (vyžaduje opětovné načtení VS Code). Tím vynutíte, aby okno Interactive používalo Light +(default light) a zakázala výchozí hodnoty matplotlib.",
	"jupyter.configuration.jupyter.themeMatplotlibPlots.description": "Výstupy matplotlib motivu editoru okno Interactive a poznámkového bloku odpovídají motivu editoru VS Code.",
	"jupyter.configuration.jupyter.liveShareConnectionTimeout.deprecationMessage": "Toto nastavení je zastaralé a bude odebráno v příští verzi.",
	"jupyter.configuration.jupyter.liveShareConnectionTimeout.description": "Doba, po kterou se má čekat na připojení hostů, než se ověří, že mají nainstalované rozšíření Python.",
	"jupyter.configuration.jupyter.decorateCells.description": "Umožňuje nakreslit zvýraznění za aktuálně aktivní buňkou.",
	"jupyter.configuration.jupyter.enableCellCodeLens.description": "Povolí oddíl kódu pro „cells“ v souboru Pythonu.",
	"jupyter.configuration.jupyter.enableAutoMoveToNextCell.description": "Umožňuje přechod na další buňku při kliknutí na oddíl kódu Spustit buňku.",
	"jupyter.configuration.jupyter.allowUnauthorizedRemoteConnection.description": "Povolí připojení okno Interactive k https serveru Jupyter, který nemá platné certifikáty. Toto může představovat bezpečnostní riziko, proto se používá jenom pro známé a důvěryhodné servery.",
	"jupyter.configuration.jupyter.generateSVGPlots.description": "Vygeneruje výstup SVG pro diagramy poznámkových bloků. To umožňuje lepší zobrazení v prohlížeči diagramů za cenu rychlosti generování a velikosti souboru.",
	"jupyter.configuration.jupyter.codeLenses.description": "Sada příkazů, které se mají umístit jako oddíl kódu nad buňku.",
	"jupyter.configuration.jupyter.debugCodeLenses.description": "Sada příkazů ladění, které se mají při ladění umístit jako oddíl kódu nad buňku.",
	"jupyter.configuration.jupyter.debugpyDistPath.description": "Cesta k ladicím bitům pro buňky ladění.",
	"jupyter.configuration.jupyter.stopOnFirstLineWhileDebugging.description": "Při ladění buňky zastavte na prvním řádku.",
	"jupyter.configuration.jupyter.remoteDebuggerPort.description": "Při ladění buňky otevřete tento port ve vzdáleném poli. Pokud je zadán parametr -1, bude proveden pokus o náhodný port mezi 8889 a 9000.",
	"jupyter.configuration.jupyter.disableJupyterAutoStart.description": "Když se nastaví na true, Jupyter se za vás nebude automaticky spouštět. Pokud chcete spustit Jupyter, musíte místo toho spustit buňku.",
	"jupyter.configuration.jupyter.textOutputLimit.deprecationMessage": "Toto nastavení je zastaralé a místo něj se používá „notebook.output.textLineLimit“. Toto nastavení se odebere v nadcházející verzi.",
	"jupyter.configuration.jupyter.textOutputLimit.description": "Omezte množství textu v interaktivním textovém výstupu buňky na tuto hodnotu. 0, pokud chcete povolit libovolný počet znaků.",
	"jupyter.configuration.jupyter.colorizeInputBox.deprecationMessage": "Toto nastavení je zastaralé a bude odebráno v nadcházející verzi.",
	"jupyter.configuration.jupyter.colorizeInputBox.description": "Určuje, jestli se má jako pozadí vstupního pole použít barva náhledu motivu.",
	"jupyter.configuration.jupyter.stopOnError.description": "Zastaví spouštění buněk, pokud buňka vyvolá výjimku.",
	"jupyter.configuration.jupyter.addGotoCodeLenses.description": "Po spuštění buňky přidejte do buňky 'Goto' oddíl kódu. Poznámka: Zakázáním všech oddílů kódu zakážete i tento oddíl kódu.",
	"jupyter.configuration.jupyter.variableQueries.markdownDescription": "Jazyk pro mapování dotazů pro vrácení seznamu aktivních proměnných v jádru Jupyter. Používá se Průzkumník proměnných v interaktivním okně i v poznámkových blocích. Příklad:\r\n\r\n[\r\n  {\r\n    \"language\": \"python\",\r\n    \"query\": \"%who_ls\",\r\n    \"parseExpr\": \"(\\\\w+)\"\r\n  }\r\n]\r\n'",
	"jupyter.configuration.jupyter.kernels.filter.items.markdownDescription": "Plně kvalifikovaná cesta ke specifikaci jádra nebo prostředí Python. \r\nNapř. „~/miniconda3/envs/sample/bin/python“.",
	"jupyter.configuration.jupyter.kernels.filter.markdownDescription": "Seznam jader Jupyter nebo prostředí Python, která se mají vyloučit z výběru jádra.",
	"jupyter.configuration.jupyter.interactiveWindowMode.description": "Chování interaktivního okna 'perFile' vytvoří nové interaktivní okno pro každý soubor, na kterém běží buňka. 'single' umožňuje jedno okno. 'multiple' umožňuje vytvoření vícenásobného.",
	"jupyter.configuration.jupyter.magicCommandsAsComments.description": "Při analýze buněk kódu odkomentovat přiřazení prostředí (#!), magické číslo řádku (#!%) a magické číslo buňky (#!%%).",
	"jupyter.configuration.jupyter.pythonExportMethod.description": "Metoda, která se má použít při exportu poznámkového bloku do souboru Python 'direct' se zkopíruje přes kód tak, jak je. 'commentMagics' bude komentovat řádky začínající magikou řádku (%), magikou buňky (%%) a příkazy prostředí (!). 'nbconvert' nainstaluje nbconvert a použije ho pro převod, který může přeložit syntaxi iPython na syntaxi Python.",
	"jupyter.configuration.jupyter.runStartupCommands.description": "Řada instrukcí Python nebo příkazy magic iPython. Může to být pole řetězců nebo jeden řetězec s příkazy oddělenými znakem „\\n“. Příkazy se budou bez upozornění spouštět pokaždé, když se načte interaktivní okno. Pokud například chcete automaticky znovu načíst změny pro importované soubory, aniž byste museli restartovat interaktivní relaci, nastavte tuto možnost na %load_ext autoreload\\n%autoreload 2.",
	"jupyter.configuration.jupyter.debugJustMyCode.description": "Při ladění lašte pouze můj kód.",
	"jupyter.configuration.jupyter.showOutlineButtonInNotebookToolbar.description": "Umožňuje zobrazit tlačítko Osnova na panelu nástrojů poznámkového bloku Jupyter.",
	"jupyter.configuration.jupyter.newCellOnRunLast.description": "Umožňuje připojit novou prázdnou buňku k souboru interaktivního okna při spuštění poslední buňky.",
	"jupyter.configuration.jupyter.pylanceHandlesNotebooks.description": "Určuje, jestli Funkce spravuje vytváření dokumentů concat poznámkového bloku.",
	"jupyter.configuration.jupyter.pythonCompletionTriggerCharacters.description": "Znaky, které aktivují automatické dokončování v jádru jupyter python.",
	"jupyter.configuration.jupyter.logKernelOutputSeparately.description": "Vytvoří samostatné výstupní panely pro výstup konzoly jádra/jupyter serveru.",
	"jupyter.configuration.jupyter.excludeUserSitePackages.description": "Před spuštěním přidejte PYTHONNOUSERSITE do jader. Tato možnost zabrání použití globálních nebo uživatelských balíčků webů v PYTHONPATH jádra.",
	"jupyter.configuration.jupyter.enableExtendedKernelCompletions.markdownDescription": "Povoluje podporu Jedi pro rozšířené dokončování IntelliSense při spouštění jader Jupyter (viz toto [nastavení](https://ipython.readthedocs.io/en/stable/config/options/terminal.html?highlight=use_jedi#configtrait-Completer.use_jedi)). To může výrazně ovlivnit výkon provádění buněk poznámkového bloku. Buďte opatrní.",
	"jupyter.configuration.jupyter.showOnlyOneTypeOfKernel.markdownDescription": "V nástroji pro výběr jádra zobrazit pouze jeden typ jádra. To zabrání současnému zobrazení místních a vzdálených jader ve výběru jádra.",
	"Pylance.proposePylanceMessage": "Vyzkoušejte nový rychlejší, funkcemi nabitý jazykový server pro Python od Microsoftu: Pylance! Nainstalujte rozšíření hned teď.",
	"Pylance.tryItNow": "Vyzkoušet",
	"Pylance.remindMeLater": "Připomenout později",
	"Pylance.installPylanceMessage": "Rozšíření Pylance není nainstalované. Kliknutím na Ano otevřete instalační stránku Pylance.",
	"Pylance.pylanceNotInstalledMessage": "Rozšíření Pylance není nainstalované.",
	"Pylance.pylanceInstalledReloadPromptMessage": "Rozšíření Pylance je teď nainstalované. Znovu načíst okno pro aktivaci?",
	"DataScience.unknownMimeTypeFormat": "Typ MIME {0} se aktuálně nepodporuje.",
	"DataScience.historyTitle": "Interaktivní",
	"DataScience.dataExplorerTitle": "Prohlížeč dat",
	"DataScience.badWebPanelFormatString": "<html><body><h1>{0} není platný název souboru</h1></body></html>",
	"DataScience.sessionDisposed": "Nelze spustit kód, relace byla vyřazena.",
	"DataScience.rawKernelProcessNotStarted": "Nezpracovaný proces kernel se nedokázal spustit.",
	"DataScience.rawKernelProcessExitBeforeConnect": "Nezpracovaný proces kernel byl ukončen před připojením.",
	"DataScience.passwordFailure": "Nepodařilo se připojit k serveru chráněnému heslem. Přesvědčte se, že je heslo správné.",
	"DataScience.exportDialogTitle": "Exportovat na Jupyter Notebook",
	"DataScience.exportDialogFilter": "Jupyter Notebooks",
	"DataScience.exportDialogComplete": "Notebook zapsaný do {0}",
	"DataScience.exportDialogFailed": "Poznámkový blok se nepodařilo exportovat. {0}",
	"DataScience.exportOpenQuestion1": "Otevřít v editoru",
	"DataScience.notebookExport": "Exportovat",
	"DataScience.exportAsNotebook.shorttitle": "Uložit",
	"DataScience.exportAs": "Exportovat jako",
	"DataScience.notebookExportAs": "Exportovat jako",
	"DataScience.notebookExportAs.shorttitle": "Exportovat",
	"DataScience.exportAsQuickPickPlaceholder": "Exportovat jako",
	"DataScience.exportPythonQuickPickLabel": "Skript Pythonu",
	"DataScience.collapseInputTooltip": "Sbalit vstupní blok",
	"DataScience.collapseVariableExplorerTooltip": "Skrýt proměnné aktivní v kernelu Jupyter",
	"DataScience.collapseVariableExplorerLabel": "Proměnné",
	"DataScience.expandVariableExplorerTooltip": "Zobrazit proměnné aktivní v Jupyter kernel",
	"DataScience.close": "Zavřít",
	"DataScience.interactiveCopyCell": "Kopírovat buňku",
	"DataScience.runInDedicatedExtensionHost": "Spustit ve vyhrazeném hostiteli rozšíření",
	"DataScience.variableLoadingValue": "Načítání...",
	"DataScience.importDialogTitle": "Importovat Jupyter Notebook",
	"DataScience.importDialogFilter": "Jupyter Notebooks",
	"DataScience.notebookCheckForImportYes": "Importovat",
	"DataScience.reloadRequired": "Aby se projevila nová nastavení, znovu prosím načtěte okno.",
	"DataScience.notebookCheckForImportNo": "Později",
	"DataScience.notebookCheckForImportDontAskAgain": "Příště už se neptat",
	"DataScience.notebookCheckForImportTitle": "Chcete importovat Jupyter Notebook do kódu Python?",
	"DataScience.jupyterNotSupported": "Jupyter se nedá spustit. Chyba při pokusu o nalezení Jupyteru: {0}",
	"DataScience.jupyterNotSupportedBecauseOfEnvironment": "Aktivace {0} ke spuštění Jupyteru selhala s {1}.",
	"DataScience.jupyterNbConvertNotSupported": "Importování poznámkových bloků vyžaduje instalaci nbconvert Jupyter.",
	"DataScience.removeRemoteJupyterConnectionButtonText": "Ignorovat připojení",
	"DataScience.changeRemoteJupyterConnectionButtonText": "Správa připojení",
	"DataScience.jupyterLaunchNoURL": "Nepodařilo se najít adresu URL spuštěného serveru Jupyter Notebook",
	"DataScience.jupyterLaunchTimedOut": "Serveru Jupyter Notebook se nepodařilo se spustit včas",
	"DataScience.jupyterSelfCertFail": "Certifikát zabezpečení používaný serverem {0} nebyl vydán důvěryhodnou certifikační autoritou.\r\nTo může naznačovat pokus o odcizení vašich informací.\r\nChcete pro tento pracovní prostor povolit nastavení Povolit neautorizované vzdálené připojení, abyste se mohli připojit?",
	"DataScience.jupyterExpiredCertFail": "Platnost certifikátu zabezpečení používaného serverem {0} vypršela.\r\nTo může naznačovat pokus o odcizení vašich informací.\r\nChcete pro tento pracovní prostor povolit nastavení Povolit neautorizované vzdálené připojení, abyste se mohli připojit?",
	"DataScience.jupyterSelfCertFailErrorMessageOnly": "Certifikát zabezpečení používaný serverem nebyl vystaven důvěryhodnou certifikační autoritou.\r\nTo může naznačovat pokus o odcizení vašich informací.",
	"DataScience.jupyterSelfCertExpiredErrorMessageOnly": "Platnost certifikátu používaného serverem vypršela.\r\nTo může naznačovat pokus o odcizení vašich informací.",
	"DataScience.jupyterSelfCertEnable": "Ano, přesto připojit",
	"DataScience.jupyterSelfCertClose": "Ne, uzavřít připojení",
	"DataScience.jupyterServerCrashed": "Server Jupyter se chybově ukončil. Nelze se připojit. \r\nKód chyby z Jupyteru: {0}",
	"DataScience.rawConnectionDisplayName": "Přímé připojení kernel",
	"DataScience.rawConnectionBrokenError": "Přímé připojení kernel se přerušilo",
	"DataScience.pythonInteractiveHelpLink": "Získat další pomoc",
	"DataScience.markdownHelpInstallingMissingDependencies": "Nápovědu k instalaci Jupyteru a souvisejících závislostí najdete v [https://aka.ms/pyaiinstall](https://aka.ms/pyaiinstall).",
	"DataScience.importingFormat": "Importování {0}",
	"DataScience.startingJupyter": "Spouštění serveru Jupyter",
	"DataScience.connectingToJupyter": "Připojování k serveru Jupyter",
	"DataScience.connectingToKernel": "Připojování ke kernelu: {0}",
	"DataScience.connectedToKernel": "Připojeno.",
	"DataScience.connected": "Připojeno",
	"DataScience.disconnected": "Odpojeno",
	"Experiments.inGroup": "Uživatel patří do skupiny experimentů {0}",
	"Logging.CurrentWorkingDirectory": "cwd:",
	"Logging.WarnUserAboutDebugLoggingSetting": "Povolili jste protokolování ladění pro rozšíření Jupyter, které bude pokračovat v zapisování protokolů na disk. Chcete protokolování ladění vypnout?",
	"Logging.YesTurnOffDebugLogging": "Ano, vypnout protokolování ladění",
	"Logging.NoResponse": "Ne",
	"Logging.NoAndDontAskAgain": "Ne, a příště už se neptat",
	"GitHubIssue.Failure": "Při odesílání vašeho problému GitHub Issue došlo k chybě. Chcete přesto problém nahlásit?",
	"GitHubIssue.copyToClipboardAndOpenIssue": "Ano, zkopírovat do schránky a otevřít problém",
	"GitHubIssue.pleaseFillThisOut": "Než problém odešlete, vyplňte prosím tento oddíl a odstraňte tento komentář!",
	"GitHubIssue.missingFields": "Než odešlete problém GitHub Issue, se kterým jste se setkali, poskytněte o něm podrobnosti.",
	"GitHubIssue.askForIssueTitle": "Uveďte prosím popisný název shrnující váš problém.",
	"GitHubIssue.titlePlaceholder": "Např.: Nejde spustit místní relaci kernel",
	"DataScience.allowExtensionToUseJupyterKernelApi": "Chcete rozšíření {0} poskytnout přístup k Jupyter Kernels? Kliknutím na {1} umožníte tomuto rozšíření spouštět kód proti Jupyter Kernels.",
	"DataScience.thanksForUsingJupyterKernelApiPleaseRegisterWithUs": "Děkujeme, že jste vyzkoušeli rozhraní Jupyter API. Pokud chcete toto rozhraní API používat v produkčním prostředí, nahlaste prosím problém v našem úložišti. To nám zabrání přerušit vaše rozšíření při aktualizaci rozhraní API (protože je stále rozpracované).",
	"Common.bannerLabelYes": "Ano",
	"Common.bannerLabelNo": "Ne",
	"Common.doNotShowAgain": "Už nezobrazovat",
	"Common.reload": "Načíst znovu",
	"Common.moreInfo": "Více informací",
	"Common.and": "a",
	"Common.download": "Stáhnout",
	"Common.ok": "OK",
	"Common.install": "Nainstalovat",
	"Common.learnMore": "Další informace",
	"Common.reportThisIssue": "Oznamte tento problém",
	"CommonSurvey.remindMeLaterLabel": "Připomenout později",
	"CommonSurvey.yesLabel": "Ano, zapojit se do´průzkumu",
	"CommonSurvey.noLabel": "Ne, děkuji",
	"Common.clickHereForMoreInfoWithHtml": "Pro další informace klikněte <a href='{0}'>zde</a>.",
	"OutputChannelNames.languageServer": "Python Language Server",
	"OutputChannelNames.python": "Python",
	"OutputChannelNames.pythonTest": "Testovací protokol Python",
	"OutputChannelNames.jupyter": "Jupyter",
	"ExtensionSurveyBanner.bannerMessage": "Můžete prosím věnovat 2 minuty tomu, abyste nám sdělili, jak vám vyhovuje rozšíření Jupyter?",
	"ExtensionSurveyBanner.bannerLabelYes": "Ano, zapojit se do´průzkumu",
	"ExtensionSurveyBanner.bannerLabelNo": "Ne, děkuji",
	"ExtensionSurveyBanner.maybeLater": "Možná později",
	"DataScience.restartKernelMessage": "Chcete restartovat Jupyter kernel? Všechny proměnné budou ztraceny.",
	"DataScience.restartKernelMessageYes": "Ano",
	"DataScience.restartingKernelFailed": "Restartování Kernel se nezdařilo. Server Jupyter neodpovídá. Znovu prosím načtěte VS Code.",
	"DataScience.interruptingKernelFailed": "Přerušení Kernel selhalo. Server Jupyter neodpovídá. Znovu prosím načtěte VS Code.",
	"DataScienceSurveyBanner.bannerMessage": "Můžete prosím věnovat 2 minuty tomu, abyste nám sdělili, jak vám vyhovují funkce Datových věd?",
	"DataScienceSurveyBanner.bannerLabelYes": "Ano, zapojit se do´průzkumu",
	"DataScienceSurveyBanner.bannerLabelNo": "Ne, děkuji",
	"InteractiveShiftEnterBanner.bannerMessage": "Chcete spustit kód v okně Interactive (konzola IPython) pro kombinaci shift-enter? Pokud chcete dál spouštět kód v terminálu Python, vyberte Ne. Toto můžete později změnit v nastavení.",
	"DataScience.automaticallyReconnectingToAKernelProgressMessage": "Opětovné připojení k jádru {0}",
	"DataScience.restartingKernelStatus": "Restartování Kernel {0}",
	"DataScience.executingCode": "Provádění buňky",
	"DataScience.collapseAll": "Sbalit všechny vstupy buňky",
	"DataScience.expandAll": "Rozbalit všechny vstupy buněk",
	"DataScience.export": "Exportovat jako Jupyter Notebook",
	"DataScience.restartServer": "Restartovat kernel Jupyter",
	"DataScience.undo": "Zpět",
	"DataScience.redo": "Znovu",
	"DataScience.clearAll": "Odebrat všechny buňky",
	"DataScience.restartedKernelHeader": "Restartovaný kernel {0}",
	"DataScience.restartingKernelCustomHeader": "_Restartování {0}_",
	"DataScience.restartingKernelHeader": "_Restartování kernel_",
	"DataScience.startedNewKernelHeader": "Spustil se kernel {0}",
	"DataScience.connectKernelHeader": "Připojeno ke kernelu {0}",
	"DataScience.executingCodeFailure": "Spouštění kódu se nezdařilo: {0}",
	"DataScience.inputWatermark": "Sem napište kód a spusťte stisknutím kombinace shift + enter",
	"DataScience.deleteButtonTooltip": "Odebrat buňku",
	"DataScience.gotoCodeButtonTooltip": "Přejít na kód",
	"DataScience.copyBackToSourceButtonTooltip": "Vložit kód do souboru",
	"DataScience.copyToClipboardButtonTooltip": "Zkopírovat zdroj do schránky",
	"DataScience.plotOpen": "Rozbalit obrázek",
	"DataScience.libraryNotInstalled": "Knihovna {0} datové vědy není nainstalovaná. Nainstalovat?",
	"DataScience.libraryNotInstalledCorrectlyOrOutdated": "Knihovna Datových věd {0} není správně nainstalována nebo je zastaralá. Znovu nainstalovat?",
	"DataScience.libraryRequiredToLaunchJupyterNotInstalled": "Spouštění buněk vyžaduje balíček {0}.",
	"DataScience.librariesRequiredToLaunchJupyterNotInstalled": "Spouštění buněk vyžaduje balíček {0}.",
	"DataScience.libraryRequiredToLaunchJupyterNotInstalledInterpreter": "Spouštění buněk s {0} vyžaduje balíček {1}.",
	"DataScience.librariesRequiredToLaunchJupyterNotInstalledInterpreter": "Spouštění buněk s {0} vyžaduje balíček {1}.",
	"DataScience.jupyterInstall": "Nainstalovat",
	"DataScience.jupyterSelectURIPrompt": "Zadejte identifikátor URI spuštěného serveru Jupyter",
	"DataScience.jupyterSelectURIInvalidURI": "Byl určen neplatný identifikátor URI",
	"DataScience.jupyterSelectUserAndPasswordTitle": "Zadejte vaše uživatelské jméno a heslo pro připojení k centrálnímu webu Jupyteru",
	"DataScience.jupyterSelectUserPrompt": "Zadejte vaše uživatelské jméno",
	"DataScience.jupyterSelectPasswordPrompt": "Zadejte své heslo",
	"DataScience.removeRemoteJupyterServerEntryInQuickPick": "Odebrat",
	"DataScience.jupyterNotebookFailure": "Spouštění Jupyter Notebook selhalo. \r\n{0}",
	"DataScience.remoteJupyterServerProvidedBy3rdPartyExtensionNoLongerValid": "Vzdálený Jupyter Server dodaný rozšířením {0} už není k dispozici.",
	"DataScience.remoteJupyterConnectionFailedWithServer": "Nepovedlo se připojit ke vzdálenému Jupyter Serveru {0}. Ověřte, jestli je server spuštěný a dostupný.",
	"DataScience.remoteJupyterConnectionFailedWithServerWithError": "Nepovedlo se připojit ke vzdálenému Jupyter Serveru {0}. Ověřte, jestli je server spuštěný a dostupný. ({1}).",
	"DataScience.remoteJupyterConnectionFailedWithoutServerWithError": "Selhání připojení. Ověřte, jestli je server spuštěný a dostupný. ({0}).",
	"DataScience.remoteJupyterConnectionFailedWithoutServerWithErrorWeb": "Selhání připojení. Ověřte, že server běží a je dostupný z prohlížeče. ({0}). Podívejte se na https://aka.ms/vscjremoteweb abyste získali další informace.",
	"DataScience.jupyterNotebookRemoteConnectFailedWeb": "Nepovedlo se připojit ke vzdálenému serveru Jupyter.\r\nOvěřte, že je identifikátor URI serveru dostupný z prohlížeče.\r\n{0} Kliknutím [sem](https://aka.ms/vscjremoteweb) získáte další informace.",
	"DataScience.jupyterNotebookRemoteConnectSelfCertsFailed": "Nepovedlo se připojit ke vzdálenému poznámkovému bloku Jupyter.\r\nUrčený server používá certifikáty podepsané svým držitelem (self-signed). Povolte připojení pomocí nastavení Povolit neautorizované vzdálené připojení pro připojení abyste se mohli přesto připojit\r\n{0}\r\n{1}",
	"DataScience.changeJupyterRemoteConnection": "Změňte připojení k Serveru Jupyter.",
	"DataScience.notebookVersionFormat": "Verze Jupyter Notebook: {0}",
	"DataScience.jupyterKernelSpecNotFound": "Specifikace kernel Jupyter se nedá vytvořit a žádná není k dispozici pro použití",
	"DataScience.jupyterKernelSpecModuleNotFound": "Modul Kernelspec není nainstalovaný ve vybraném interpretu ({0}).\r\n Opět nainstalujte nebo aktualizujte jupyter.",
	"DataScience.jupyterGetVariablesBadResults": "Nepovedlo se načíst informace o proměnné ze serveru Jupyter.",
	"DataScience.liveShareConnectFailure": "Nejde se připojit k hostitelské relaci Jupyter. Identifikátor URI nebyl nalezen.",
	"DataScience.liveShareCannotSpawnNotebooks": "Vytváření poznámkových bloků Jupyteru prostřednictví připojení Live Share se nepodporuje",
	"DataScience.liveShareCannotImportNotebooks": "Importování poznámkových bloků prostřednictvím připojení Live Share se v současné době nepodporuje.",
	"DataScience.liveShareHostFormat": "{0} Jupyter Server",
	"DataScience.liveShareSyncFailure": "Selhání synchronizace během spouštění Live Share.",
	"DataScience.liveShareServiceFailure": "Při spouštění služby {0} během připojení Live Share došlo k chybě.",
	"DataScience.documentMismatch": "Buňky nelze spustit, nalezly se duplicitní dokumenty pro {0}.",
	"DataScience.pythonInteractiveCreateFailed": "Nepodařilo se vytvořit okno Interactive. Zkuste opakovat instalaci rozšíření Jupyter.",
	"DataScience.interruptKernel": "Přerušit kernel Jupyter",
	"DataScience.clearAllOutput": "Vymazat všechny výstupy",
	"DataScience.exportingFormat": "Exportování {0}",
	"DataScience.exportCancel": "Zrušit",
	"Common.canceled": "Zrušeno",
	"Common.cancel": "Zrušit",
	"Common.yesPlease": "Ano, prosím",
	"DataScience.interruptKernelStatus": "Přerušuje se Jupyter Kernel",
	"DataScience.restartKernelAfterInterruptMessage": "Vypršel časový limit pro přerušení kernel. Chcete místo toho kernel restartovat? Všechny proměnné budou ztraceny.",
	"DataScience.pythonInterruptFailedHeader": "Přerušení klávesnice způsobilo chybové ukončení kernel. Kernel se restartoval.",
	"DataScience.sysInfoURILabel": "Identifikátor URI Jupyter Server: ",
	"DataScience.jupyterStartTimedout": "Časový limit pro spouštění Jupyteru vypršel. Zkontrolujte prosím panel výstupu Jupyter pro další podrobnosti.",
	"DataScience.startingJupyterLogMessage": "Spouští se Jupyter z {0} s přikazovým řádkem {1}",
	"DataScience.jupyterCommandLineDefaultLabel": "Výchozí (doporučené)",
	"DataScience.jupyterCommandLineDefaultDetail": "Rozšíření Jupyter určí vhodný příkazový řádek pro Jupyter",
	"DataScience.jupyterCommandLineCustomLabel": "Vlastní",
	"DataScience.jupyterCommandLineCustomDetail": "Přizpůsobte příkazový řádek předaný do Jupyteru při spouštění",
	"DataScience.jupyterCommandLineReloadQuestion": "Při změně příkazového řádku Jupyteru prosím znovu načtěte okno.",
	"DataScience.jupyterCommandLineReloadAnswer": "Načíst znovu",
	"DataScience.jupyterCommandLineQuickPickPlaceholder": "Zvolte možnost",
	"DataScience.jupyterCommandLineQuickPickTitle": "Vyberte příkazový řádek pro Jupyter",
	"DataScience.jupyterCommandLinePrompt": "Zadejte váš řádek vlastního příkazu pro Jupyter",
	"Common.loadingExtension": "Načítání rozšíření Jupyter...",
	"Common.openOutputPanel": "Zobrazit výstup",
	"DataScience.variableExplorerNameColumn": "Název",
	"DataScience.variableExplorerTypeColumn": "Typ",
	"DataScience.variableExplorerCountColumn": "Velikost",
	"DataScience.variableExplorerValueColumn": "Hodnota",
	"DataScience.showDataExplorerTooltip": "Zobrazit snímek proměnné v prohlížeči dat",
	"DataScience.dataExplorerInvalidVariableFormat": "{0} není aktivní proměnná.",
	"DataScience.jupyterGetVariablesExecutionError": "Selhání během extrakce proměnných:\r\n{0}",
	"DataScience.loadingMessage": "načítání...",
	"DataScience.fetchingDataViewer": "Načítají se data",
	"DataScience.noRowsInDataViewer": "Aktuálnímu filtru neodpovídají žádné řádky",
	"DataScience.jupyterServer": "Jupyter Server",
	"DataScience.noKernel": "Žádný Kernel",
	"DataScience.serverNotStarted": "Nezahájeno",
	"DataScience.localJupyterServer": "místní",
	"DataScience.pandasTooOldForViewingFormat": "Python balíček „pandas“ má verzi {0}. K zobrazení dat se vyžaduje verze {1} nebo vyšší.",
	"DataScience.pandasRequiredForViewing": "K zobrazení dat se vyžaduje Python balíček „pandas“ verze {0} (nebo novější).",
	"DataScience.failedToGetVersionOfPandas": "Nepovedlo se získat verzi Pandas, aby bylo možné použít Prohlížeč dat.",
	"DataScience.valuesColumn": "hodnoty",
	"DataScience.liveShareInvalid": "Nejméně jeden host v relaci nemá nainstalované Jupyter [rozšíření](https://marketplace.visualstudio.com/itemdetails?itemName=ms-toolsai.jupyter).\r\nVaše relace Live Share nemůže pokračovat a bude ukončena.",
	"Common.noIWillDoItLater": "Ano, chci upozornit",
	"Common.notNow": "Teď ne",
	"Common.gotIt": "OK!",
	"DataScience.noRowsInVariableExplorer": "Nedefinovaly se žádné proměnné.",
	"DataScience.loadingRowsInVariableExplorer": "Načítají se proměnné",
	"DataScience.tooManyColumnsMessage": "Zobrazení proměnných s více než 1000 sloupci může trvat dlouho. Opravdu chcete pokračovat?",
	"DataScience.tooManyColumnsYes": "Ano",
	"DataScience.tooManyColumnsNo": "Ne",
	"DataScience.tooManyColumnsDontAskAgain": "Příště už se neptat",
	"DataScience.filterRowsTooltip": "Umožňuje filtrování více řádků. K filtrování číselných hodnot použijte znaky =, > nebo <.",
	"DataScience.previewHeader": "--- Zahájit náhled na {0} ---",
	"DataScience.previewFooter": "--- Ukončit náhled na {0} ---",
	"DataScience.previewStatusMessage": "Generování náhledu {0}",
	"DataScience.plotViewerTitle": "Diagramy",
	"DataScience.exportPlotTitle": "Uložit obrázek grafu",
	"DataScience.pdfFilter": "PDF",
	"DataScience.pngFilter": "PNG",
	"DataScience.svgFilter": "SVG",
	"DataScience.previousPlot": "Předchozí",
	"DataScience.nextPlot": "Další",
	"DataScience.panPlot": "Posouvání",
	"DataScience.zoomInPlot": "Přiblížit",
	"DataScience.zoomOutPlot": "Oddálit",
	"DataScience.exportPlot": "Exportovat do různých formátů",
	"DataScience.deletePlot": "Odebrat",
	"DataScience.collapseSingle": "Sbalit",
	"DataScience.expandSingle": "Rozbalit",
	"DataScience.editSection": "Sem zadejte nové buňky.",
	"DataScience.restartKernelMessageDontAskAgain": "Ano, a příště už se neptat",
	"DataScience.selectedImageListLabel": "Vybraná image",
	"DataScience.imageListLabel": "Image",
	"DataScience.exportImageFailed": "Chyba při exportu obrázku: {0}",
	"downloading.file": "Stahuje se {0}...",
	"downloading.file.progress": "{0}{1} z {2} kB ({3})",
	"DataScience.jupyterDataRateExceeded": "Proměnná se nedá zobrazit, protože došlo k překročení přenosové rychlosti. Restartujte prosím váš server s vyšší přenosovou rychlostí. Například: NotebookApp.iopub_data_rate_limit=10000000000.0",
	"DataScience.addCellBelowCommandTitle": "Přidat buňku",
	"DataScience.debugCellCommandTitle": "Buňka ladění",
	"DataScience.debugStepOverCommandTitle": "Krokovat bez vnoření",
	"DataScience.debugContinueCommandTitle": "Pokračovat",
	"DataScience.debugStopCommandTitle": "Zastavit",
	"DataScience.runCurrentCellAndAddBelow": "Spustit aktivní buňku a níže přidat prázdnou buňku",
	"DataScience.jupyterDebuggerNotInstalledError": "Pro ladění buněk se vyžaduje Pip modul {0}. Budete ho muset nainstalovat, abyste mohli ladit buňky.",
	"DataScience.jupyterDebuggerOutputParseError": "Nelze parsovat výstup {0}, odeštete prosím protokol o tomto problému na web https://github.com/microsoft/vscode-jupyter",
	"DataScience.jupyterDebuggerPortNotAvailableError": "Port {0} nelze otevřít pro ladění. Určete prosím jiný port v nastavení remoteDebuggerPort.",
	"DataScience.jupyterDebuggerPortBlockedError": "K portu {0} se nelze připojit pro ladění. Propusťte prosím port {0} skrz vaši bránu firewall.",
	"DataScience.jupyterDebuggerPortNotAvailableSearchError": "Porty v rozsahu {0}–{1} nelze kvůli ladění najít. Určete prosím port v nastavení remoteDebuggerPort.",
	"DataScience.jupyterDebuggerPortBlockedSearchError": "K některému z portů se nelze připojit pro ladění. Propusťte prosím porty {0}–{1} skrz vaši bránu firewall.",
	"DataScience.jupyterDebuggerInstallNew": "Pro ladění buněk se vyžaduje Pip modul {0}. Nainstalovat {0} a pokračovat v ladění buňky?",
	"DataScience.jupyterDebuggerInstallNewRunByLine": "Spouštění po řádcích vyžaduje Pip modul {0}. Nainstalovat {0} a pokračovat ve spouštění po lince?",
	"DataScience.jupyterDebuggerInstallUpdate": "Nainstalovaná verze {0} nepodporuje ladění buněk. Aktualizovat {0} na nejnovější verzi a pokračovat v ladění buňky?",
	"DataScience.jupyterDebuggerInstallUpdateRunByLine": "Nainstalovaná verze {0} nepodporuje spouštění po řádcích. Aktualizovat {0} na nejnovější verzi a pokračovat ve spouštění po řádcích?",
	"DataScience.jupyterDebuggerInstallYes": "Ano",
	"DataScience.jupyterDebuggerInstallNo": "Ne",
	"DataScience.cellStopOnErrorMessage": "Buňka byla zrušena z důvodu chyby v předchozí buňce.",
	"DataScience.instructionComments": "# Chcete-li přidat novou buňku, zadejte {0}\r\n# Pokud chcete přidat novou buňku Markdown, zadejte {0} [markdown]\r\n",
	"DataScience.scrollToCellTitleFormatMessage": "Přejít na [{0}]",
	"DataScience.save": "Uložit poznámkový blok",
	"DataScience.nativeEditorTitle": "Notebook Editor",
	"DataScience.untitledNotebookFileName": "Bez názvu",
	"DataScience.dirtyNotebookMessage1": "Chcete uložit změny, které jste provedli v souboru {0}?",
	"DataScience.dirtyNotebookMessage2": "Pokud své změny neuložíte, ztratí se.",
	"DataScience.dirtyNotebookYes": "Uložit",
	"DataScience.dirtyNotebookNo": "Neukládat",
	"DataScience.dirtyNotebookCancel": "Zrušit",
	"DataScience.dirtyNotebookDialogTitle": "Uložit",
	"DataScience.dirtyNotebookDialogFilter": "Jupyter Notebooks",
	"DataScience.exportAsPythonFileTooltip": "Převést a uložit jako skript Pythonu",
	"DataScience.exportAsPythonFileTitle": "Uložit jako soubor Python",
	"DataScience.exportButtonTitle": "Exportovat",
	"DataScience.runCell": "Spustit buňku",
	"DataScience.deleteCell": "Odstranit buňku",
	"DataScience.moveCellUp": "Přesunout buňku nahoru",
	"DataScience.moveCellDown": "Přesunout buňku dolů",
	"DataScience.moveSelectedCellUp": "Posunout vybranou buňku směrem nahoru",
	"DataScience.insertBelow": "Vložit buňku níže",
	"DataScience.insertAbove": "Vložit buňku výše",
	"DataScience.addCell": "Přidat buňku",
	"DataScience.runAll": "Spustit všechny buňky",
	"DataScience.toggleCellOutput": "Přepnout výstup buňky",
	"DataScience.convertingToPythonFile": "Převádí se soubor ipynb na soubor Pythonu.",
	"DataScience.untitledNotebookMessage": "Pokud své změny neuložíte, ztratí se.",
	"DataScience.untitledNotebookYes": "Uložit",
	"DataScience.untitledNotebookNo": "Zrušit",
	"DataScience.noInterpreter": "Není vybraný žádný python",
	"DataScience.notebookNotFound": "python -m jupyter notebook --version neběží",
	"DataScience.savePngTitle": "Uložit obrázek",
	"DataScience.jupyterSelectURIQuickPickTitle": "Zadejte identifikátor URI spuštěného serveru Jupyter",
	"DataScience.jupyterSelectURIQuickPickTitleOld": "Vyberte, jak se připojit k Jupyteru",
	"DataScience.jupyterSelectURIQuickPickPlaceholder": "Zvolte možnost",
	"DataScience.jupyterSelectURIQuickPickCurrent": "Aktuální: {0}",
	"DataScience.jupyterSelectURINoneLabel": "Žádný",
	"DataScience.jupyterSelectURINoneDetail": "Nepřipojovat se k žádnému vzdálenému serveru Jupyter",
	"DataScience.jupyterSelectURINewLabel": "Existující",
	"DataScience.jupyterSelectURINewDetail": "Určete identifikátor URI existujícího serveru",
	"DataScience.jupyterSelectURIMRUDetail": "Poslední připojení: {0}",
	"DataScience.jupyterSelectURIRunningDetailFormat": "Poslední připojení {0}. {1} existující(ch) připojení.",
	"DataScience.jupyterSelectURINotRunningDetail": "V tuto chvíli se nelze připojit. Neznámý stav.",
	"DataScience.fallbackToUseActiveInterpreterAsKernel": "Nepodařilo se najít kernel {0}, se kterým se poznámkový blok vytvořil. Používá se současný interpret.",
	"DataScience.fallBackToRegisterAndUseActiveInterpreterAsKernel": "Nepovedlo se najít kernel {0}, se kterým se poznámkový blok vytvořil. Registruje se nový kernel pomocí aktuálního interpretu.",
	"DataScience.fallBackToPromptToUseActiveInterpreterOrSelectAKernel": "Nepodařilo se najít kernel {0}, se kterým se poznámkový blok vytvořil.",
	"DataScience.selectKernel": "Změnit Kernel",
	"DataScience.selectDifferentKernel": "Vyberte jiný Kernel",
	"DataScience.selectDifferentJupyterInterpreter": "Změnit interpret",
	"DataScience.selectJupyterInterpreter": "Vyberte interpret, abyste spustili Jupyter",
	"DataScience.switchingKernelProgress": "Přepínání kernel na {0}",
	"DataScience.sessionStartFailedWithKernel": "Nepodařilo se spustit Kernel {0}. \r\nZobrazte si podrobnosti, které najdete v [protokolu] (command:jupyter.viewOutput) Jupyteru.",
	"DataScience.failedToStartKernel": "Nepodařilo se spustit Kernel.",
	"DataScience.failedToRestartKernel": "Nepodařilo se restartovat Kernel.",
	"DataScience.failedToInterruptKernel": "Kernel se nepodařilo přerušit.",
	"DataScience.kernelDied": "Kernel se ukončil. Další podrobnosti najdete v [protokolu] (command:jupyter.viewOutput) Jupyteru. \r\n Chyba: {0}",
	"DataScience.kernelDiedWithoutError": "Kernel {0} se ukončil. Další informace získáte kliknutím [sem](https://aka.ms/vscodeJupyterKernelCrash). Další podrobnosti najdete v [protokolu] (command:jupyter.viewOutput) Jupyteru.",
	"DataScience.kernelDiedWithoutErrorAndAutoRestarting": "Kernel {0} se ukončil a Jupyter ho automaticky restartuje. Další informace získáte kliknutím [sem](https://aka.ms/vscodeJupyterKernelCrash). Další podrobnosti najdete v [protokolu] (command:jupyter.viewOutput) Jupyteru.",
	"DataScience.kernelDisconnected": "Nepovedlo se připojit k jádru {0}, ověřte prosím připojení Jupyter Serveru. Další podrobnosti najdete v protokolu [log] Jupyteru (command:jupyter.viewOutput).",
	"DataScience.kernelCrashedDueToCodeInCurrentOrPreviousCell": "Při provádění kódu v aktuální buňce nebo předchozí buňce došlo k chybovému ukončení Kernel. Zkontrolujte prosím kód v buňkách a identifikujte možnou příčinu selhání. Další informace zobrazíte kliknutím <a href='https://aka.ms/vscodeJupyterKernelCrash'>sem</a>. Další podrobnosti najdete v [protokolu] Jupyter (command:jupyter.viewOutput).",
	"DataScience.fileSeemsToBeInterferingWithKernelStartup": "Zdá se, že soubor {0} přepisuje zabudované moduly a narušuje spouštění kernel. Zvažte přejmenování souboru a opětovné spuštění kernel.",
	"DataScience.DataScience.moduleSeemsToBeInterferingWithKernelStartup": "Zdá se, že modul {0} přepisuje zabudované moduly a narušuje spouštění kernelu. Zvažte přejmenování souboru a opětovné spuštění kernelu.",
	"DataScience.failedToStartKernelDueToMissingModule": "Spuštění kernel se nezdařilo kvůli chybějícímu modulu {0}. Zvažte instalaci tohoto modulu.",
	"DataScience.failedToStartKernelDueToImportFailure": "Nepodařilo se spustit kernel vzhledem k tomu, že se nepovedlo importovat modul {0}.",
	"DataScience.failedToStartKernelDueToImportFromFileFailure": "Nepodařilo se spustit kernel vzhledem k tomu, že se nepovedlo importovat {0} ze {1}.",
	"DataScience.failedToStartKernelDueToUnknownDllLoadFailure": "Spuštění kernel se nezdařilo, protože nelze načíst knihovnu DLL.",
	"DataScience.failedToStartKernelDueToDllLoadFailure": "Spuštění kernel se nezdařilo vzhledem k tomu, že se nepovedlo načíst dll {0}.",
	"DataScience.failedToStartKernelDueToWin32APIFailure": "Spuštění kernel se nezdařilo kvůli chybě s modulem Win32api. Zvažte (opětovnou) instalaci tohoto modulu.",
	"DataScience.failedToStartKernelDueToPyZmqFailure": "Spuštěni kernel se nezdařilo kvůli chybě v modulu pyzmq. Zvažte opětovnou instalaci tohoto modulu.",
	"DataScience.failedToStartKernelDueToOldIPython": "Spuštění kernel se nezdařilo kvůli zastaralé verzi IPython. Zvažte aktualizaci tohoto modulu na nejnovější verzi.",
	"DataScience.failedToStartKernelDueToOldIPyKernel": "Kernel se nepodařilo spustit kvůli zastaralé verzi IPyKernel. Zvažte aktualizaci tohoto modulu na nejnovější verzi.",
	"DataScience.failedToStartJupyter": "Nepodařilo se spustit Jupyter v prostředí {0}. \r\nZobrazit [protokol] Jupyteru (command:jupyter.viewOutput) kvůli dalším podrobnostem.",
	"DataScience.failedToStartJupyterWithErrorInfo": "Nepodařilo se spustit Jupyter v prostředí {0}. \r\n{1} \r\nZobrazit [protokol] Jupyteru (command:jupyter.viewOutput) kvůli dalším podrobnostem.",
	"DataScience.failedToStartJupyterDueToOutdatedTraitlets": "Jupyter se nepodařilo spustit v prostředí {0}, pravděpodobně kvůli zastaralé verzi traitlets. \r\n{1} \r\nZvažte aktualizaci modulu traitlets na verzi 5.1.1 nebo novější. \r\nDalší podrobnosti nabízí [protokol] Jupyteru (command:jupyter.viewOutput).",
	"DataScience.installPackageInstructions": "Pokud chcete nainstalovat {0} do prostředí Python, spusťte následující příkaz. \r\nPříkaz: {1}",
	"DataScience.cannotRunCellKernelIsDead": "Není možné spustit buňky, protože kernel {0} je mrtvý.",
	"DataScience.waitingForJupyterSessionToBeIdle": "Čeká se, až bude relace Jupyter neaktivní",
	"DataScience.gettingListOfKernelsForLocalConnection": "Načítají se Kernels.",
	"DataScience.gettingListOfKernelsForRemoteConnection": "Načítají se Kernels.",
	"DataScience.gettingListOfKernelSpecs": "Načítají se specifikace Kernel",
	"DataScience.startingJupyterNotebook": "Spouští se Jupyter Notebook",
	"DataScience.registeringKernel": "Registrace Kernel",
	"DataScience.trimmedOutput": "Došlo k oříznutí výstupu z výkonnostních důvodů.\r\nPokud chcete vidět celkový výstup, nastavte nastavení jupyter.textOutputLimit na 0.",
	"DataScience.connectingToJupyterUri": "Připojování k serveru Jupyter na {0}",
	"DataScience.createdNewNotebook": "{0}: Vytváří se nový poznámkový blok ",
	"DataScience.createdNewKernel": "{0}: Kernel byl spuštěn: {1}",
	"DataScience.kernelInvalid": "Kernel {0} je nepoužitelný. Zkontrolujte kartu výstupu Jupyteru, abyste získali další informace.",
	"DataScience.nativeDependencyFail": "Nemůžeme spustit Jupyter server, protože váš operační systém se nepodporuje. Pokud chcete pokračovat, vyberte server, který je už spuštěný. {0}",
	"DataScience.selectNewServer": "Vyerte spuštěný serveru",
	"DataScience.jupyterSelectURIRemoteLabel": "Existující",
	"DataScience.jupyterSelectURIQuickPickTitleRemoteOnly": "Vyberte server Jupyteru, který je už spuštěný",
	"DataScience.jupyterSelectURIRemoteDetail": "Určete identifikátor URI existujícího serveru",
	"DataScience.latestExtension": "Stáhněte si nejnovější verzi rozšíření Jupyter",
	"DataScience.loadClassFailedWithNoInternet": "Chyba při načítání {0}:{1}. K načtění widgetů třetích stran se vyžaduje připojení k internetu.",
	"DataScience.useCDNForWidgets": "Kvůli widgetům musíme stáhnout podpůrné soubory z webu třetí strany. Kliknutím [sem](https://aka.ms/PVSCIPyWidgets) získáte další informace.",
	"DataScience.useCDNForWidgetsNoInformation": "Kvůli widgetům musíme stáhnout podpůrné soubory z webu třetí strany.",
	"DataScience.enableCDNForWidgetsSettingHtml": "Kvůli widgetům musíme stáhnout podpůrné soubory z webu třetí strany. Klikněte <a href='https://command:jupyter.enableLoadingWidgetScriptsFromThirdPartySource'>sem</a>, abyste to povolili nebo klikněte <a href='https://aka.ms/PVSCIPyWidgets'>sem</a> pro další informace. (Chyba při načítání {0}:{1}).",
	"DataScience.enableCDNForWidgetsSetting": "Kvůli widgetům musíme stáhnout podpůrné soubory z webu třetí strany (Chyba při načítání {0}:{1}).",
	"DataScience.enableCDNForWidgetsButton": "Povolit stahování",
	"DataScience.widgetScriptNotFoundOnCDNWidgetMightNotWork": "Nepovedlo se najít verzi '{0}' widgetu '{1}' z nakonfigurovaných zdrojů widgetů {2}. Může být ovlivněno očekávané chování. Další informace získáte kliknutím [sem](https://aka.ms/PVSCIPyWidgets).",
	"DataScience.cdnWidgetScriptNotAccessibleWarningMessage": "Nepovedlo se stáhnout widget {0} z webu třetí strany {1}, kvůli přístupu k síti. Očekávané chování může být ovlivněno. Další informace získáte kliknutím na tlačítko [here](https://aka.ms/PVSCIPyWidgets).",
	"DataScience.unhandledMessage": "Neošetřená zpráva kernel z widgetu: {0} : {1}",
	"DataScience.qgridWidgetScriptVersionCompatibilityWarning": "Nelze načíst kompatibilní verzi widgetu qgrid. Zvažte přechod na starší verzi 1.1.1.",
	"DataScience.kernelStarting": "_Připojování ke kernel_",
	"DataScience.kernelStartingCustom": "_Připojování k {0}..._",
	"DataScience.libraryRequiredToLaunchJupyterKernelNotInstalledInterpreter": "Spouštění buněk s {0} vyžaduje balíček {1}.",
	"DataScience.libraryRequiredToLaunchJupyterKernelNotInstalledInterpreterAndRequiresUpdate": "Spuštění buněk s '{0}' vyžaduje nainstalovaný balíček {1} nebo vyžaduje aktualizaci.",
	"DataScience.runByLine": "Spouštění po řádcích (F10)",
	"DataScience.stopRunByLine": "Zastavit",
	"DataScience.couldNotInstallLibrary": "Nepovedlo se nainstalovat balíček {0}. Pokud není pip k dispozici, použijte prosím k instalaci této knihovny do vašeho prostředí Python vámi zvoleného správce balíčků.",
	"DataScience.rawKernelSessionFailed": "Relace pro kernel {0} se nedá spustit. Vyberte jiný kernel, se kterým se má spustit.",
	"DataScience.rawKernelStartFailedDueToTimeout": "Kernel {0} nelze spustit z důvodu vypršení časového limitu připojení. \r\nDalší podrobnosti najdete v [protokolu] Jupyter (command:jupyter.viewOutput).",
	"DataScience.rawKernelConnectingSession": "Připojování k kernel {0}",
	"DataScience.reloadCustomEditor": "Znovu prosím načtěte VS Code, abyste mohli používat vlastní editor rozhraní API",
	"DataScience.reloadVSCodeNotebookEditor": "Pokud chcete použít Notebook Editor, načtěte prosím znovu VS Code.",
	"DataScience.step": "Spustit další řádek (F10)",
	"DataScience.usingPreviewNotebookWithOtherNotebookWarning": "Otevření stejného souboru v Editoru Notebook náhledu a stabilním editoru Notebook se nedoporučuje. Pokud to uděláte, může dojít ke ztrátě dat nebo poškození poznámkových bloků.",
	"DataScience.unknownServerUri": "Identifikátor URI serveru nelze použít. Odinstalovali jste rozšíření, které poskytovalo připojení k serveru Jupyter?",
	"DataScienceRendererExtension.installingExtension": "Instalují se rozšíření Notebook Renderers",
	"DataScienceRendererExtension.installationCompleteMessage": "dokončeno.",
	"DataScienceRendererExtension.startingDownloadOutputMessage": "Spouští se stahování rozšíření Notebook Renderers.",
	"DataScienceRendererExtension.downloadingMessage": "Stahování rozšíření Notebook Renderers",
	"DataScienceRendererExtension.downloadCompletedOutputMessage": "Stahování rozšíření Notebook Renderers dokončeno.",
	"DataScience.uriProviderDescriptionFormat": "{0} (Z rozšíření {1})",
	"DataScience.unknownPackage": "neznámý",
	"DataScience.interactiveWindowTitle": "Interaktivní",
	"DataScience.interactiveWindowTitleFormat": "Interaktivní – {0}",
	"DataScience.interactiveWindowModeBannerTitle": "Chcete otevřít nové okno Interactive pro tento soubor? [Další informace](příkaz:workbench.action.openSettings?%5B%22jupyter.interactiveWindowMode%22%5D).",
	"DataScience.interactiveWindowModeBannerSwitchYes": "Ano",
	"DataScience.interactiveWindowModeBannerSwitchAlways": "Vždy",
	"DataScience.interactiveWindowModeBannerSwitchNo": "Ne",
	"DataScience.noKernelsSpecifyRemote": "Pro provedení buněk není k dispozici žádný kernel, prosím [určete server Jupyter pro připojení](command:jupyter.selectjupyteruri)",
	"DataScience.ipykernelNotInstalled": "IPYKernel není nainstalovaný v interpretu {0}",
	"DataScience.ipykernelNotInstalledBecauseCanceled": "IPYKernel není nainstalovaný v interpretu. Instalace zrušena.",
	"DataScience.needIpykernel6": "Tato funkce vyžaduje nastavení Ipykernel",
	"DataScience.setup": "Instalace",
	"DataScience.startingRunByLine": "Spouštění spouštění po řádcích",
	"DataScience.illegalEditorConfig": "Prostředí CustomEditor a NativeNotebook se nedají zapnout společně.",
	"DataScience.pythonExtensionRequired": "K provedení tohoto úkolu se vyžaduje rozšíření Python. Kliknutím na Ano otevřete instalační stránku rozšíření Python.",
	"DataScience.pythonExtensionRequiredToRunNotebook": "Ke spuštění poznámkových bloků Python se vyžadují rozšíření Python.",
	"DataScience.installingPythonExtension": "Instalují se rozšíření Pythonu a vyhledávají se jádra.",
	"DataScience.pythonExtensionInstalled": "Rozšíření Python je teď nainstalované. Některé funkce nemusí být k dispozici dokud nedojde k restartování poznámkového bloku nebo okna Interactive.",
	"DataScience.showDataViewerFail": "Nepodařilo se vytvořit Prohlížeč dat. Zkontrolujte kartu Jupyter okna Výstup abyste získali další informace.",
	"DataScience.notebookCreationPickerPlaceHolder": "Vyberte možnost, abyste vytvořili prázdný poznámkový blok",
	"DataScience.refreshDataViewer": "Aktualizovat prohlížeč dat",
	"DataScience.refreshDataViewerCommandPalette": "Aktualizovat prohlížeč dat",
	"DataScience.sliceDropdownAxisLabel": "Axis",
	"DataScience.sliceDropdownIndexLabel": "Index",
	"DataScience.sliceSubmitButton": "Použít",
	"DataScience.sliceSummaryTitle": "SLICING",
	"DataScience.dataViewerShowFilters": "Zobrazit filtry",
	"DataScience.dataViewerHideFilters": "Skrýt filtry",
	"DataScience.sliceData": "Data řezu",
	"DataScience.sliceIndexError": "Index {0} mimo rozsah pro osu {1} s prvky {2}",
	"DataScience.sliceMismatchedAxesError": "Očekávaly se {0} osy, získaly se {1} ve výrazu řezu",
	"DataScience.clearFilters": "Vymazat všechny filtry",
	"DataScience.defaultNotebookName": "výchozí",
	"DataScience.recommendExtensionForNotebook": "Rozšíření {0} se doporučuje pro poznámkové bloky zacílené na jazyk {1}",
	"DataScience.interactiveClearAllCells": "Vymazat vše",
	"DataScience.interactiveRemoveCell": "Odebrat buňku",
	"DataScience.interactiveGoToCode": "Přejít na kód",
	"DataScience.kernelWasNotStarted": "Kernel se nespustil. Před spuštěním ladění je nutná relace kernel.",
	"DataScience.noNotebookToDebug": "Žádný aktivní dokument poznámkového bloku k ladění.",
	"DataScience.cantStartDebugging": "Ladění nejde spustit.",
	"DataScience.customEditorBanner": "Tento editor je zastaralý a po vydání verze 1.59 VS Code jej odstraníme.  [Další informace o našem novém editoru poznámkových bloků](https://aka.ms/vscodeNotebookEditorBanner).",
	"DataScience.importingIpynb": "Importuje se soubor poznámkového bloku.",
	"DataScience.exportingToFormat": "Exportování do {0}.",
	"DataScience.matplotlibWidgetInsteadOfOther": "%matplotlib widget nebo %matplotlib inline funguje nejlépe v poznámkových blocích VS Code.",
	"DataScience.matplotlibWidgetCodeActionTitle": "Další informace",
	"DataScience.usingNonPrereleaseYes": "Ano",
	"DataScience.usingNonPrereleaseNo": "Ne",
	"DataScience.usingNonPrereleaseNoAndDontAskAgain": "Příště se už neptat",
	"DataScience.usingNonPrerelease": "Při spuštění ve VS Code Insiders se doporučuje používat předběžnou verzi rozšíření Jupyter. Chcete na ni přepnout?",
	"DataScience.cellAtFormat": "{0} Buňka {1}",
	"DataScience.jupyterServerConsoleOutputChannel": "Konzola Jupyter Serveru",
	"DataScience.kernelConsoleOutputChannel": "{0} Výstup konzoly Kernel",
	"Installer.noCondaOrPipInstaller": "V současnosti není ve vybraném prostředí k dispozici žádný instalační program Conda ani Pip.",
	"Installer.noPipInstaller": "Ve vybraném prostředí není k dispozici žádný instalační program Pip.",
	"Installer.searchForHelp": "Python – podpora Django",
	"Installer.couldNotInstallLibrary": "Nepovedlo se nainstalovat {0}. Pokud není pip k dispozici, použijte prosím k instalaci této knihovny do vašeho prostředí Python vámi zvoleného správce balíčků.",
	"Installer.dataScienceInstallPrompt": "Knihovna {0} datové vědy není nainstalovaná. Nainstalovat?",
	"Products.installingModule": "Instaluje se {0}.",
	"DataScience.webNotSupported": "Operace se ve webové verzi rozšíření Jupyter nepodporuje.",
	"DataScience.outputSizeExceedLimit": "Výstup překračuje <a href={0}>limit velikosti</a>. Otevřít úplná výstupní data <a href={1}>v textovém editoru</a>",
	"DataScience.installPythonTitle": "Instalovat Python",
	"DataScience.installPythonExtensionViaKernelPickerTitle": "Instalovat rozšíření Python",
	"DataScience.switchToLocalKernelsTitle": "Připojení k místním Kernelům",
	"DataScience.switchToRemoteKernelsTitle": "Připojit k serveru Jupyter",
	"DataScience.switchToAnotherRemoteKernelsTitle": "Připojit k jinému serveru Jupyter",
	"DataScience.failedToInstallPythonExtension": "Nepovedlo se nainstalovat rozšíření Python.",
	"DataScience.kernelPrefixForRemote": "(Vzdálené)",
	"DataScience.pythonFileOverridesPythonPackage": "Tento soubor by mohl přepsat existující balíček Python a kolidovat se spouštěním jádra. Zvažte jeho přejmenování.",
	"DataScience.alwaysIgnoreWarningsAboutOverridingPythonPackages": "Vždy ignorovat upozornění na přepsání balíčků Python",
	"DataScience.ignoreWarningAboutOverridingPythonPackage": "Ignorovat upozornění na {0}",
	"DataScience.moreInfoAboutFileNamesOverridingPythonPackages": "Další informace o přepsání balíčků Python",
	"DataScience.reservedPythonFileNamesDiagnosticCollectionName": "Vyhrazené názvy souborů Pythonu",
	"DataScience.filesPossiblyOverridingPythonModulesMayHavePreventedKernelFromStarting": "Některé z následujících souborů nalezených v pracovním adresáři pravděpodobně zabránily spuštění jádra. Zvažte možnost je přejmenovat.",
	"DataScience.listOfFilesWithLinksThatMightNeedToBeRenamed": "Soubory: možná bude nutné přejmenovat {0}.",
	"jupyter.configuration.jupyter.diagnostics.reservedPythonNames.enabled.markdownDescription": "Určuje, jestli se mají zobrazovat upozornění na názvy souborů Pythonu, které by mohly [override Python packages](https://aka.ms/JupyterKernelStartFailureOverrideReservedName).",
	"jupyter.configuration.jupyter.diagnostics.reservedPythonNames.exclude.markdownDescription": "Konfigurovat [glob patterns](https://code.visualstudio.com/docs/editor/codebasics#_advanced-search-options) pro vyloučení souborů a složek před upozorněním na [overriding Python packages](https://aka.ms/JupyterKernelStartFailureOverrideReservedName)."
}