{
	"products.installingModule": "正在安装 {0}",
	"capabilities.untrustedWorkspace.description": "不受信任的工作区不支持在交互窗口和笔记本中执行单元格。",
	"contributes.walkthroughs.jupyterWelcome.title": "Jupyter 笔记本入门",
	"contributes.walkthroughs.jupyterWelcome.description": "使用 Jupyter 扩展提供的所有强大工具和功能来设置 Jupyter 项目的第一步!",
	"contributes.walkthroughs.jupyterWelcome.steps.ipynb.newUntitledIpynb.title": "创建或打开 Jupyter Notebook",
	"contributes.walkthroughs.jupyterWelcome.steps.ipynb.newUntitledIpynb.description": "在文件资源管理器中右键单击并创建扩展名为 .ipynb 的新文件。或者，打开 [命令面板](command:workbench.action.showCommands)并运行命令 \r\n``'Create: New Jupyter Notebook``。\r\n[创建新 Jupyter Notebook](command:toSide:ipynb.newUntitledIpynb)\r\n 如果你有现有项目，还可以 [打开文件夹](command:toSide:workbench.action.files.openFolder)和/或从 GitHub 克隆项目: [克隆 Git 存储库](command:toSide:git.clone)。",
	"contributes.walkthroughs.jupyterWelcome.steps.ipynb.newUntitledIpynb.media.altText": "创建新的 Jupyter 笔记本",
	"contributes.walkthroughs.jupyterWelcome.steps.jupyter.selectKernel.title": "选择 Jupyter 内核",
	"contributes.walkthroughs.jupyterWelcome.steps.jupyter.selectKernel.description": "单击笔记本右上角的“选择内核”，然后选择要在其中运行内核的环境。或者，在打开的笔记本的聚焦下，打开 [命令面板](command:workbench.action.showCommands)并运行命令: \r\n``Notebook: Select Notebook Kernel``。 \r\n[打开命令面板以选择 Jupyter 内核](command:workbench.action.showCommands)",
	"contributes.walkthroughs.jupyterWelcome.steps.jupyter.selectKernel.media.altText": "选择或更改笔记本内核",
	"contributes.walkthroughs.jupyterWelcome.steps.jupyter.exploreAndDebug.title": "浏览数据和调试",
	"contributes.walkthroughs.jupyterWelcome.steps.jupyter.exploreAndDebug.description": "📅 可以使用 [数据视图](https://code.visualstudio.com/docs/datascience/data-science-tutorial#_prepare-the-data)查看、排序、筛选数据行。加载数据后，单击笔记本右上角的“变量”，然后单击数据表左侧的“数据视图”图标。\r\n \r\n[了解数据视图](https://code.visualstudio.com/docs/datascience/data-science-tutorial#_prepare-the-data)\r\n \r\n📒使用 [按行运行](https://code.visualstudio.com/docs/datascience/jupyter-notebooks#_run-by-line)模式调试笔记本，以便一次执行一行单元格。单击单元格中的‘按行运行”图标(带有线条的播放按钮)或按 F10。\r\n \r\n[了解按行运行](https://code.visualstudio.com/docs/datascience/jupyter-notebooks#_run-by-line)",
	"contributes.walkthroughs.jupyterWelcome.steps.jupyter.exploreAndDebug.media.altText": "正在打开数据查看器",
	"contributes.walkthroughs.jupyterWelcome.steps.jupyter.dataScienceLearnMore.title": "查找更多信息!",
	"contributes.walkthroughs.jupyterWelcome.steps.jupyter.dataScienceLearnMore.description": "🎨在 [Command Palette](command:workbench.action.showCommands) 中查找 \"Jupyter\"，浏览 Jupyter 扩展必须提供的所有功能。\r\n 📈 安装 Python 扩展([搜索 Python 拓展](command:workbench.action.openWalkthrough?%7B%22category%22%3A%22ms-python.python%23pythonDataScienceWelcome%22%2C%22step%22%3A%22ms-python.python%23python.createNewNotebook%22%7D)，详细了解如何在 [Python](command:workbench.extensions.search?\"ms-python.python\"))中开始使用数据科学。\r\n 📃 在我们的 [教程](https://code.visualstudio.com/docs/datascience/jupyter-notebooks) 中查找更多功能。 \r\n[详细了解](https://aka.ms/AAdar6q)",
	"contributes.walkthroughs.jupyterWelcome.steps.jupyter.dataScienceLearnMore.media.altText": "表示文档页和邮件列表资源的图像。",
	"jupyter.command.dataScience.clearCache.title": "清除高速缓存",
	"jupyter.command.jupyter.replayPylanceLog.title": "重播 Pylance 日志",
	"jupyter.command.jupyter.replayPylanceLogStep.title": "步骤 Pylance 日志",
	"jupyter.command.jupyter.exportAsPythonScript.title": "导出到 Python 脚本",
	"jupyter.command.jupyter.exportToHTML.title": "导出到 HTML",
	"jupyter.command.jupyter.exportToPDF.title": "导出为 PDF",
	"jupyter.command.jupyter.debug.title": "调试",
	"jupyter.command.jupyter.filterKernels.title": "筛选器内核",
	"jupyter.command.jupyter.runByLine.title": "按行运行",
	"jupyter.command.jupyter.debugCell.title": "调试单元格",
	"jupyter.command.jupyter.runByLineNext.title": "运行下一行",
	"jupyter.command.jupyter.runByLineStop.title": "继续执行",
	"DataScience.checkingIfImportIsSupported": "检查是否支持 \"import\"",
	"DataScience.validatingKernelDependencies": "正在验证 kernel 依赖项",
	"DataScience.installingMissingDependencies": "安装缺少的依赖项",
	"DataScience.exportNotebookToPython": "将 Notebook 导出到 Python",
	"DataScience.performingExport": "正在执行导出",
	"DataScience.convertingToPDF": "正在转换为 PDF",
	"DataScience.exportHTMLQuickPickLabel": "HTML",
	"DataScience.exportPDFQuickPickLabel": "PDF",
	"DataScience.openExportedFileMessage": "是否要打开导出的文件?",
	"DataScience.openExportFileYes": "是",
	"DataScience.openExportFileNo": "否",
	"DataScience.failedExportMessage": "导出失败。",
	"DataScience.validationErrorMessageForRemoteUrlProtocolNeedsToBeHttpOrHttps": "必须是 http",
	"DataScience.exportFailedGeneralMessage": "有关更多详细信息，请查看 \"Jupyter\" [output](command:jupyter.viewOutput) 面板。",
	"DataScience.exportToPDFDependencyMessage": "如果尚未安装 xelatex (TeX)，则需要先执行此操作，然后才能导出到 PDF，有关进一步说明，请转到 https://nbconvert.readthedocs.io/en/latest/install.html#installing-tex。\r\n为了避免安装 xelatex (TeX)，可能需要尝试导出到 HTML 并使用浏览器“打印到 PDF”功能。",
	"DataScience.insecureSessionMessage": "在没有令牌的情况下通过 HTTP 进行连接可能是不安全的连接。是否要连接到可能不安全的服务器?",
	"DataScience.insecureSessionDenied": "拒绝连接到不安全的服务器。",
	"DataScience.pythonNotInstalled": "未安装 Python。\r\n请下载并安装 Python，以便在此笔记本中执行单元格。",
	"DataScience.installKernel": "找不到 Jupyter Kernel \"{0}\"，需要安装此笔记本中的单元格。",
	"DataScience.customizeLayout": "自定义布局",
	"DataScience.warnWhenSelectingKernelWithUnSupportedPythonVersion": "不再支持与所选 kernel 关联的 Python 版本。请考虑选择其他 kernel。",
	"DataScience.activatingPythonEnvironment": "正在激活 Python 环境 \"{0}\"",
	"jupyter.kernel.percentPipCondaInstallInsteadOfBang": "使用“%{0} install”，而不是“!{0} install”",
	"jupyter.kernel.pipCondaInstallHoverWarning": "“!{0} install”可能会将包安装到错误的环境中。[详细信息]({1})",
	"jupyter.kernel.replacePipCondaInstallCodeAction": "替换为“%{0} install”",
	"jupyter.kernel.filter.placeholder": "选择 kernel 选取器中可用的 kernel。",
	"jupyter.kernel.category.jupyterSession": "(远程) Jupyter 会话",
	"jupyter.kernel.category.jupyterKernel": "Jupyter Kernel",
	"jupyter.kernel.category.jupyterRemoteKernel": "(远程) Jupyter Kernel",
	"jupyter.kernel.category.conda": "Conda Env",
	"jupyter.kernel.category.poetry": "Poetry Env",
	"jupyter.kernel.category.pipenv": "Pipenv Env",
	"jupyter.kernel.category.pyenv": "PyEnv Env",
	"jupyter.kernel.category.global": "全局 Env",
	"jupyter.kernel.category.virtual": "虚拟 Env",
	"jupyter.command.jupyter.viewLanguageServerOutput.title": "显示语言服务器输出",
	"jupyter.command.jupyter.selectAndRunTestMethod.title": "运行测试方法...",
	"jupyter.command.jupyter.selectAndDebugTestMethod.title": "调试测试方法...",
	"jupyter.command.jupyter.selectAndRunTestFile.title": "运行测试文件...",
	"jupyter.command.jupyter.runCurrentTestFile.title": "运行当前测试文件",
	"jupyter.command.jupyter.runFailedTests.title": "运行失败的测试",
	"jupyter.command.jupyter.discoverTests.title": "发现测试",
	"jupyter.command.jupyter.discoveringTests.title": "正在发现...",
	"jupyter.command.jupyter.stopTests.title": "停止",
	"jupyter.command.jupyter.configureTests.title": "配置测试",
	"jupyter.command.jupyter.execSelectionInTerminal.title": "在 Python 终端中运行选择/行",
	"jupyter.command.jupyter.execSelectionInDjangoShell.title": "在 Django Shell 中运行选择/行",
	"jupyter.command.jupyter.goToPythonObject.title": "转到 Python 对象",
	"jupyter.command.jupyter.setLinter.title": "选择 Linter",
	"jupyter.command.jupyter.enableLinting.title": "启用 Linting",
	"jupyter.command.jupyter.runLinting.title": "运行 Linting",
	"jupyter.command.jupyter.runFileInteractive.title": "在交互窗口中运行当前文件",
	"jupyter.command.jupyter.debugFileInteractive.title": "在交互窗口中调试当前文件",
	"jupyter.command.jupyter.runallcells.title": "运行所有单元格",
	"jupyter.command.jupyter.notebookeditor.expandallcells.title": "展开所有 Notebook 单元格",
	"jupyter.command.jupyter.notebookeditor.collapseallcells.title": "折叠所有 Notebook 单元格",
	"jupyter.command.jupyter.runallcellsabove.title": "运行以上",
	"jupyter.command.jupyter.runcellandallbelow.title": "在下面运行",
	"jupyter.command.jupyter.runallcellsabove.palette.title": "在当前单元格上方运行单元格",
	"jupyter.command.jupyter.runcurrentcellandallbelow.palette.title": "运行当前单元格及更低版本",
	"jupyter.command.jupyter.debugcurrentcell.palette.title": "调试当前单元格",
	"jupyter.command.jupyter.debugcell.title": "调试单元格",
	"jupyter.command.jupyter.debugstepover.title": "单步跳过",
	"jupyter.command.jupyter.debugcontinue.title": "继续",
	"jupyter.command.jupyter.debugstop.title": "停止",
	"jupyter.command.jupyter.runtoline.title": "交互窗口中的“运行到行”",
	"jupyter.command.jupyter.runfromline.title": "在交互窗口中从行运行",
	"jupyter.command.jupyter.runcurrentcell.title": "运行当前单元格",
	"jupyter.command.jupyter.runcurrentcelladvance.title": "运行当前单元格并前进",
	"jupyter.command.jupyter.execSelectionInteractive.title": "在交互窗口中运行选择/行",
	"jupyter.command.jupyter.runcell.title": "运行单元格",
	"jupyter.command.jupyter.insertCellBelowPosition.title": "在位置下方插入单元格",
	"jupyter.command.jupyter.insertCellBelow.title": "在下方插入单元格",
	"jupyter.command.jupyter.insertCellAbove.title": "在上方插入单元格",
	"jupyter.command.jupyter.deleteCells.title": "删除所选单元格",
	"jupyter.command.jupyter.selectCell.title": "选择单元格",
	"jupyter.command.jupyter.selectCellContents.title": "选择单元格内容",
	"jupyter.command.jupyter.extendSelectionByCellAbove.title": "按上面的单元格扩展选择",
	"jupyter.command.jupyter.extendSelectionByCellBelow.title": "按下面的单元格扩展所选内容",
	"jupyter.command.jupyter.moveCellsUp.title": "向上移动所选单元格",
	"jupyter.command.jupyter.moveCellsDown.title": "向下移动所选单元格",
	"jupyter.command.jupyter.changeCellToMarkdown.title": "将单元格更改为 Markdown",
	"jupyter.command.jupyter.changeCellToCode.title": "将单元格更改为代码",
	"jupyter.command.jupyter.gotoNextCellInFile.title": "转到“下一个单元格”",
	"jupyter.command.jupyter.gotoPrevCellInFile.title": "转到上一个单元格",
	"jupyter.command.jupyter.showhistorypane.title": "显示交互窗口",
	"jupyter.command.jupyter.createnewinteractive.title": "创建交互窗口",
	"jupyter.command.jupyter.selectjupyteruri.title": "为连接指定 Jupyter 服务器",
	"DataScience.jupyterNativeNotebookUriStatusLabelForLocal": "Jupyter 服务器: 本地",
	"DataScience.jupyterNativeNotebookUriStatusLabelForRemote": "Jupyter 服务器: 远程",
	"jupyter.command.jupyter.selectjupytercommandline.title": "指定 Jupyter 命令行参数",
	"jupyter.command.jupyter.importnotebook.title": "导入 Jupyter Notebook",
	"jupyter.command.jupyter.importnotebookfile.title": "转换为 Python 脚本",
	"jupyter.command.jupyter.exportoutputasnotebook.title": "将交互窗口导出为 Jupyter Notebook",
	"jupyter.command.jupyter.exportfileasnotebook.title": "将当前 Python 文件导出为 Jupyter Notebook",
	"jupyter.command.jupyter.exportfileandoutputasnotebook.title": "将当前 Python 文件和输出导出为 Jupyter Notebook",
	"jupyter.command.jupyter.undocells.title": "撤消上一个交互式操作",
	"jupyter.command.jupyter.redocells.title": "重做上一个交互式操作",
	"jupyter.command.jupyter.removeallcells.title": "删除所有交互式单元格",
	"jupyter.command.jupyter.notebookeditor.removeallcells.title": "删除所有 Notebook 编辑器单元格",
	"jupyter.command.jupyter.notebookeditor.addcellbelow.title": "将空单元格添加到 Notebook 文件",
	"jupyter.command.jupyter.notebookeditor.keybind.undo.title": "撤消",
	"jupyter.command.jupyter.notebookeditor.keybind.save.title": "保存",
	"jupyter.command.jupyter.interruptkernel.title": "中断 Kernel",
	"jupyter.command.jupyter.interruptkernel.shorttitle": "中断",
	"DataScience.restartKernel": "重启 Kernel",
	"jupyter.command.jupyter.restartkernel.title": "重启 Kernel",
	"jupyter.command.jupyter.restartkernel.shorttitle": "重启",
	"jupyter.command.jupyter.expandallcells.title": "展开所有交互式单元格",
	"jupyter.command.jupyter.collapseallcells.title": "折叠所有交互式单元格",
	"jupyter.command.jupyter.expandallcells.shorttitle": "展开",
	"jupyter.command.jupyter.collapseallcells.shorttitle": "折叠",
	"jupyter.command.jupyter.addcellbelow.title": "将空单元格添加到文件",
	"jupyter.command.jupyter.createnewnotebook.title": "创建新 Jupyter Notebook",
	"jupyter.command.jupyter.scrolltocell.title": "将单元格滚动到视图中",
	"jupyter.command.jupyter.selectJupyterInterpreter.title": "选择“解释器”以启动 Jupyter 服务器",
	"jupyter.command.jupyter.enableDebugLogging.title": "启用调试日志记录",
	"jupyter.command.jupyter.resetLoggingLevel.title": "重置日志记录级别",
	"jupyter.command.jupyter.showDataViewer.title": "在数据查看器中查看值",
	"jupyter.command.jupyter.viewOutput.title": "显示输出",
	"DataScience.viewJupyterLogForFurtherInfo": "有关更多详细信息，请查看 Jupyter [log](command:jupyter.viewOutput)。",
	"jupyter.showJupyterLogs": "显示 Jupyter 日志",
	"jupyter.command.jupyter.clearSavedJupyterUris.title": "清除 Jupyter 远程服务器列表",
	"jupyter.command.jupyter.openVariableView.title": "打开变量视图",
	"jupyter.command.jupyter.openVariableView.shorttitle": "变量",
	"jupyter.command.jupyter.openOutlineView.title": "显示目录(大纲视图)",
	"jupyter.command.jupyter.openOutlineView.shorttitle": "大纲",
	"DataScience.currentlySelectedJupyterInterpreterForPlaceholder": "当前: {0}",
	"jupyter.command.jupyter.analysis.clearCache.title": "清除模块分析缓存",
	"jupyter.command.jupyter.analysis.restartLanguageServer.title": "重启语言服务器",
	"jupyter.commandPalette.jupyter.replayPylanceLog.title": "重播 Pylance 日志",
	"jupyter.notebookRenderer.IPyWidget.displayName": "Jupyter IPyWidget 呈现器",
	"jupyter.notebookRenderer.Error.displayName": "Jupyter 错误呈现器",
	"jupyter.debuggers.kernel": "Python 内核调试适配器",
	"jupyter.debuggers.interactive": "Python 交互窗口",
	"jupyter.configuration.jupyter.experiments.enabled.description": "启用/禁用 A/B 测试。",
	"jupyter.configuration.jupyter.showVariableViewWhenDebugging.description": "启动“按行运行”会话时显示变量视图。",
	"jupyter.configuration.jupyter.logging.level.description": "扩展日志所在的日志记录级别。",
	"jupyter.configuration.jupyter.experiments.optInto.markdownDescription": "要选择加入的试验列表。如果为空，则为用户分配默认试验组。[了解更多](https://github.com/microsoft/vscode-jupyter/wiki/Experiments)。",
	"jupyter.configuration.jupyter.experiments.optOutFrom.markdownDescription": "要选择退出的试验列表。如果为空，则为用户分配默认试验组。[了解更多](https://github.com/microsoft/vscode-jupyter/wiki/Experiments)。",
	"jupyter.configuration.jupyter.enableKeyboardShortcuts.deprecationMessage": "此设置已被弃用，因为 Jupyter 键盘快捷方式已移到 ms-toolsai.jupyter-keymap 扩展中。如果要禁用 Jupyter 键盘快捷方式，请卸载或禁用该扩展。",
	"jupyter.configuration.jupyter.enableKeyboardShortcuts.description": "为笔记本启用 Jupyter 样式键盘快捷方式。",
	"jupyter.configuration.jupyter.allowImportFromNotebook.deprecationMessage": "此设置已弃用，将在下一版本中删除。",
	"jupyter.configuration.jupyter.allowImportFromNotebook.description": "允许用户在打开 python 文件时将 jupyter 笔记本导入到文件中。",
	"jupyter.configuration.jupyter.widgetScriptSources.items.enumDescriptions.0": "从 https://www.jsdelivr.com/ 加载小组件(javascript)脚本",
	"jupyter.configuration.jupyter.widgetScriptSources.items.enumDescriptions.1": "从 https://unpkg.com/ 加载小组件(javascript)脚本",
	"jupyter.configuration.jupyter.widgetScriptSources.markdownDescription": "定义从其中下载小组件脚本文件的源的位置和顺序(例如 ipywidgest、bqplot、beakerx、ipyleaflet 等)。如果未选择其中任何一个，可能会导致小组件无法正确呈现或正常工作。有关详细信息，请参阅 [此处](https://aka.ms/PVSCIPyWidgets)。更新后，需要重新启动内核。",
	"jupyter.configuration.jupyter.askForLargeDataFrames.description": "在尝试打开非常大的数据帧之前警告用户。",
	"jupyter.configuration.jupyter.askForKernelRestart.description": "在重启内核之前警告用户。",
	"jupyter.configuration.jupyter.exportWithOutputEnabled.description": "启用将 python 文件导出到 jupyter 笔记本，并在执行此操作时运行所有单元格。",
	"jupyter.configuration.jupyter.jupyterLaunchTimeout.description": "等待 Jupyter Notebook 服务器启动的时间(毫秒)。",
	"jupyter.configuration.jupyter.jupyterLaunchRetries.description": "尝试连接到 Jupyter Notebook 的次数",
	"jupyter.configuration.jupyter.jupyterCommandLineArguments.description": "启动笔记本编辑器或交互式窗口 Jupyter 服务器时，这些参数将传递给它。默认情况下，此列表由 Jupyter 扩展生成。",
	"jupyter.configuration.jupyter.notebookFileRoot.description": "设置用于运行笔记本和交互窗口的根目录。",
	"jupyter.configuration.jupyter.searchForJupyter.deprecationMessage": "此设置已弃用，将在下一版本中删除。",
	"jupyter.configuration.jupyter.searchForJupyter.description": "启动交互窗口时，搜索所有已安装的 Python 解释器以进行 Jupyter 安装",
	"jupyter.configuration.jupyter.useDefaultConfigForJupyter.description": "在本地运行 Jupyter 时，为交互窗口创建默认的空 Jupyter 配置",
	"jupyter.configuration.jupyter.jupyterInterruptTimeout.description": "在要求重启 Jupyter 内核之前等待中断的时间(以毫秒为单位)。",
	"jupyter.configuration.jupyter.allowInput.deprecationMessage": "此设置已弃用，将在下一版本中删除。",
	"jupyter.configuration.jupyter.allowInput.description": "允许将 python 代码直接输入到交互窗口",
	"jupyter.configuration.jupyter.showCellInputCode.deprecationMessage": "此设置已弃用，将在下一版本中删除。",
	"jupyter.configuration.jupyter.showCellInputCode.description": "显示单元格输入代码。",
	"jupyter.configuration.jupyter.collapseCellInputCodeByDefault.description": "默认情况下折叠单元格输入代码。",
	"jupyter.configuration.jupyter.collapseCellInputCodeByDefault.markdownDeprecationMessage": "此设置已弃用，请改用 \"#interactiveWindow.collapseCellInputCode#\" 。",
	"jupyter.configuration.jupyter.maxOutputSize.deprecationMessage": "此设置已弃用，将在下一版本中删除。",
	"jupyter.configuration.jupyter.maxOutputSize.description": "滚动条出现之前笔记本编辑器中文本输出的最大大小(以像素为单位)。请先在设置中为单元格输出启用滚动。",
	"jupyter.configuration.jupyter.alwaysScrollOnNewCell.description": "自动滚动交互窗口以显示执行的最后一个语句的输出。如果为 false，则仅当之前单元格的底部可见时，交互窗口才会自动滚动。",
	"jupyter.configuration.jupyter.alwaysScrollOnNewCell.deprecationMessage": "此设置已过时。请改用 \"interactiveWindow.alwaysScrollOnNewCell\" 设置。",
	"jupyter.configuration.jupyter.enableScrollingForCellOutputs.deprecationMessage": "此设置已弃用，将在下一版本中删除。",
	"jupyter.configuration.jupyter.enableScrollingForCellOutputs.description": "在笔记本编辑器中为大单元格输出启用滚动。此设置不适用于交互窗口。",
	"jupyter.configuration.jupyter.sendSelectionToInteractiveWindow.description": "按 shift+Enter 时，将 Python 文件中的所选代码发送到 Jupyter 交互窗口，而不是 Python 终端。",
	"jupyter.configuration.jupyter.variableExplorerExclude.description": "要在交互变量资源管理器中显示的要排除的类型",
	"jupyter.configuration.jupyter.codeRegularExpression.description": "用于标识代码单元格的正则表达式。在下一个匹配之前的所有代码都被视为此单元格的一部分。",
	"jupyter.configuration.jupyter.defaultCellMarker.description": "用于在 python 文件中描述单元格的单元格标记。",
	"jupyter.configuration.jupyter.markdownRegularExpression.description": "用于标识 Markdown 单元格的正则表达式。此表达式之后的所有注释都被视为 markdown 的一部分。",
	"jupyter.configuration.jupyter.allowLiveShare.deprecationMessage": "此设置已弃用，因为 Jupyter 扩展中不再存在对交互窗口的 Live Share 支持。",
	"jupyter.configuration.jupyter.allowLiveShare.description": "允许在 Live Share 会话期间共享交互窗口",
	"jupyter.configuration.jupyter.ignoreVscodeTheme.deprecationMessage": "此设置已弃用，将在下一版本中删除。",
	"jupyter.configuration.jupyter.ignoreVscodeTheme.description": "请勿在交互窗口中使用 VS Code 主题(需要重新加载 VS Code)。这会强制交互窗口使用“浅色+(默认光)”，并禁用 matplotlib 默认值。",
	"jupyter.configuration.jupyter.themeMatplotlibPlots.description": "在交互窗口和笔记本编辑器主题 matplotlib 输出中，以匹配 VS Code 编辑器主题。",
	"jupyter.configuration.jupyter.liveShareConnectionTimeout.deprecationMessage": "此设置已弃用，将在下一版本中删除。",
	"jupyter.configuration.jupyter.liveShareConnectionTimeout.description": "等待来宾连接验证是否安装了 Python 扩展所用的时间。",
	"jupyter.configuration.jupyter.decorateCells.description": "在当前活动单元格后面绘制突出显示。",
	"jupyter.configuration.jupyter.enableCellCodeLens.description": "在 python 文件中为 \"cells\" 启用代码信息指示器。",
	"jupyter.configuration.jupyter.enableAutoMoveToNextCell.description": "允许在单击“运行单元格”代码信息指示器时移动到下一个单元格。",
	"jupyter.configuration.jupyter.allowUnauthorizedRemoteConnection.description": "允许将交互窗口连接到没有有效证书的 https Jupyter 服务器。这可能是一种安全风险，因此仅用于已知和受信任的服务器。",
	"jupyter.configuration.jupyter.generateSVGPlots.description": "为笔记本绘图生成 SVG 输出。这样就可以牺牲生成速度和文件大小，在绘图查看器中获得更好的显示效果。",
	"jupyter.configuration.jupyter.codeLenses.description": "要作为代码信息指示器放置在单元格上方的命令集。",
	"jupyter.configuration.jupyter.debugCodeLenses.description": "调试时要作为代码信息指示器放置在单元格上方的调试命令集。",
	"jupyter.configuration.jupyter.debugpyDistPath.description": "用于调试单元格的调试位的路径。",
	"jupyter.configuration.jupyter.stopOnFirstLineWhileDebugging.description": "调试单元格时，在第一行停止。",
	"jupyter.configuration.jupyter.remoteDebuggerPort.description": "调试单元格时，请在远程框上打开此端口。如果指定 -1，则将尝试一个介于 8889 和 9000 之间的随机端口。",
	"jupyter.configuration.jupyter.disableJupyterAutoStart.description": "如果为 true，则禁用 Jupyter 自动启动。必须改为运行一个单元来启动 Jupyter。",
	"jupyter.configuration.jupyter.textOutputLimit.deprecationMessage": "此设置已弃用，取而代之的是 \"notebook.output.textLineLimit\" 。此设置将在即将发布的版本中删除。",
	"jupyter.configuration.jupyter.textOutputLimit.description": "将交互式单元格文本输出中的文本量限制为此值。0 表示允许任意数量的字符。",
	"jupyter.configuration.jupyter.colorizeInputBox.deprecationMessage": "此设置已弃用，将在即将发布的版本中删除。",
	"jupyter.configuration.jupyter.colorizeInputBox.description": "是否使用主题的速览颜色作为输入框的背景。",
	"jupyter.configuration.jupyter.stopOnError.description": "如果单元格引发异常，则停止运行单元格。",
	"jupyter.configuration.jupyter.addGotoCodeLenses.description": "运行单元格后，在单元格上添加 \"Goto\" 代码信息指示器。请注意，禁用所有代码信息指示器也会禁用此代码信息指示器。",
	"jupyter.configuration.jupyter.variableQueries.markdownDescription": "用于查询在 Jupyter 内核中返回活动变量列表的映射的语言。由交互窗口和笔记本中的变量资源管理器使用。示例: \r\n```\r\n[\r\n  {\r\n    \"language\": \"python\",\r\n    \"query\": \"%who_ls\",\r\n    \"parseExpr\": \"'(\\\\w+)'\"\r\n  }\r\n]\r\n```",
	"jupyter.configuration.jupyter.kernels.filter.items.markdownDescription": "内核规格或 Python 环境的完全限定路径。\r\n例如 \"~/miniconda3/envs/sample/bin/python\" 。",
	"jupyter.configuration.jupyter.kernels.filter.markdownDescription": "要从内核选取器中排除的 Jupyter 内核和/或 Python 环境的列表。",
	"jupyter.configuration.jupyter.interactiveWindowMode.description": "交互窗口的行为。'perFile' 将为运行单元格的每个文件创建新的交互窗口。'single' 允许单个窗口。'multiple' 允许创建多个。",
	"jupyter.configuration.jupyter.magicCommandsAsComments.description": "解析代码单元格时，取消注释 shell 赋值(#!)、行 magic (#!%)、单元格 magic (#!%%)。",
	"jupyter.configuration.jupyter.pythonExportMethod.description": "将笔记本导出到 Python 文件时要使用的方法。'direct' 将按当前方式直接复制代码。'commentMagics' 将注释禁止以行 magic (%)、单元格 magic (%%)和 shell 命令(!)开头的行。'nbconvert' 将安装 nbconvert，并将其用于可将 iPython 语法转为 Python 语法的转换。",
	"jupyter.configuration.jupyter.runStartupCommands.description": "一系列 Python 指令或 iPython magic 命令。可以是字符串数组，也可以是命令由 \"\\n\" 分隔的单个字符串。每当交互窗口加载时，命令都将以无提示方式执行。例如，将此设置为 \"%load_ext autoreload\\n%autoreload 2\" 以自动重新加载对导入文件所做的更改，而无需重新启动交互式会话。",
	"jupyter.configuration.jupyter.debugJustMyCode.description": "调试时，只需调试我的代码。",
	"jupyter.configuration.jupyter.showOutlineButtonInNotebookToolbar.description": "在 Jupyter 笔记本工具栏中显示“大纲”按钮。",
	"jupyter.configuration.jupyter.newCellOnRunLast.description": "运行当前最后一个单元格时，将新的空单元格追加到交互窗口文件。",
	"jupyter.configuration.jupyter.pylanceHandlesNotebooks.description": "确定 Pylance 是否管理笔记本 concat 文档创建。",
	"jupyter.configuration.jupyter.pythonCompletionTriggerCharacters.description": "在 python jupyter 内核上触发自动完成的字符。",
	"jupyter.configuration.jupyter.logKernelOutputSeparately.description": "为内核/jupyter 服务器控制台输出创建单独的输出面板",
	"jupyter.configuration.jupyter.excludeUserSitePackages.description": "在开始之前，将 PYTHONNOUSERSITE 添加到内核。这可防止在内核的 PYTHONPATH 中使用全局/用户站点包。",
	"jupyter.configuration.jupyter.enableExtendedKernelCompletions.markdownDescription": "在运行 Jupyter 内核时启用 Jedi 对扩展 IntelliSense 完成的支持(请参阅此[设置](https://ipython.readthedocs.io/en/stable/config/options/terminal.html?highlight=use_jedi#configtrait-Completer.use_jedi))。这可能会极大地影响笔记本单元格执行性能。请谨慎使用。",
	"jupyter.configuration.jupyter.showOnlyOneTypeOfKernel.markdownDescription": "在内核选取器中仅显示一种类型的内核。这可防止在内核选取器中同时显示本地内核和远程内核。",
	"Pylance.proposePylanceMessage": "通过 Microsoft、Pylance 为 Python 试用一个功能更丰富的新服务器! 立即安装扩展。",
	"Pylance.tryItNow": "马上试用",
	"Pylance.remindMeLater": "稍后提醒我",
	"Pylance.installPylanceMessage": "未安装音像扩展。请单击“是”打开“Pylance 安装”页。",
	"Pylance.pylanceNotInstalledMessage": "未安装 Pylance 扩展。",
	"Pylance.pylanceInstalledReloadPromptMessage": "现在已安装 Pylance 扩展。是否要重新加载窗口以激活?",
	"DataScience.unknownMimeTypeFormat": "当前不支持 mime 类型 {0}。",
	"DataScience.historyTitle": "交互",
	"DataScience.dataExplorerTitle": "数据查看器",
	"DataScience.badWebPanelFormatString": "<html><body><h1>{0} 不是有效的文件名</h1></body></html>",
	"DataScience.sessionDisposed": "无法执行代码，已释放会话。",
	"DataScience.rawKernelProcessNotStarted": "原始 kernel 进程无法启动。",
	"DataScience.rawKernelProcessExitBeforeConnect": "原始 kernel 进程在连接前已退出。",
	"DataScience.passwordFailure": "无法连接到受密码保护的服务器。检查密码是否正确。",
	"DataScience.exportDialogTitle": "导出到 Jupyter Notebook",
	"DataScience.exportDialogFilter": "Jupyter Notebooks",
	"DataScience.exportDialogComplete": "Notebook 写入到 {0}",
	"DataScience.exportDialogFailed": "无法导出笔记本。{0}",
	"DataScience.exportOpenQuestion1": "在编辑器中打开",
	"DataScience.notebookExport": "导出",
	"DataScience.exportAsNotebook.shorttitle": "保存",
	"DataScience.exportAs": "导出为",
	"DataScience.notebookExportAs": "导出为",
	"DataScience.notebookExportAs.shorttitle": "导出",
	"DataScience.exportAsQuickPickPlaceholder": "导出为...",
	"DataScience.exportPythonQuickPickLabel": "Python 脚本",
	"DataScience.collapseInputTooltip": "折叠输入块",
	"DataScience.collapseVariableExplorerTooltip": "隐藏 Jupyter kernel中有效的变量",
	"DataScience.collapseVariableExplorerLabel": "变量",
	"DataScience.expandVariableExplorerTooltip": "显示 Jupyter kernel 中有效的变量",
	"DataScience.close": "关闭",
	"DataScience.interactiveCopyCell": "复制单元格",
	"DataScience.runInDedicatedExtensionHost": "在专用扩展主机中运行",
	"DataScience.variableLoadingValue": "正在加载...",
	"DataScience.importDialogTitle": "导入 Jupyter Notebook",
	"DataScience.importDialogFilter": "Jupyter Notebooks",
	"DataScience.notebookCheckForImportYes": "导入",
	"DataScience.reloadRequired": "请重新加载窗口以使新设置生效。",
	"DataScience.notebookCheckForImportNo": "以后",
	"DataScience.notebookCheckForImportDontAskAgain": "不再询问",
	"DataScience.notebookCheckForImportTitle": "是否要将 Jupyter Notebook 导入 Python 代码?",
	"DataScience.jupyterNotSupported": "无法启动 Jupyter。尝试查找 Jupyter 时出错: {0}",
	"DataScience.jupyterNotSupportedBecauseOfEnvironment": "激活 {0} 以运行 Jupyter 失败，出现 {1}。",
	"DataScience.jupyterNbConvertNotSupported": "导入笔记本需要安装 Jupyter exonvert。",
	"DataScience.removeRemoteJupyterConnectionButtonText": "忘记连接",
	"DataScience.changeRemoteJupyterConnectionButtonText": "管理连接",
	"DataScience.jupyterLaunchNoURL": "找不到已启动的 Jupyter 笔记本服务器的 URL",
	"DataScience.jupyterLaunchTimedOut": "Jupyter Notebook 服务器未能及时启动",
	"DataScience.jupyterSelfCertFail": "服务器 {0} 使用的安全证书不是由受信任的证书颁发机构颁发的。\r\n这可能表示有人试图窃取你的信息。\r\n是否要为此工作区启用“允许未经授权的远程连接”设置以允许连接?",
	"DataScience.jupyterExpiredCertFail": "服务器 {0} 使用的安全证书已过期。\r\n这可能表示有人试图窃取你的信息。\r\n是否要为此工作区启用“允许未经授权的远程连接”设置以允许连接?",
	"DataScience.jupyterSelfCertFailErrorMessageOnly": "服务器使用的安全证书不是由受信任的证书颁发机构颁发的。\r\n这可能表示有人试图窃取你的信息。",
	"DataScience.jupyterSelfCertExpiredErrorMessageOnly": "服务器使用的安全证书已过期。\r\n这可能表示有人试图窃取你的信息。",
	"DataScience.jupyterSelfCertEnable": "是，仍然连接",
	"DataScience.jupyterSelfCertClose": "否，关闭连接",
	"DataScience.jupyterServerCrashed": "Jupyter 服务器崩溃。无法连接。来自 Jupyter 的 \r\n 错误代码: {0}",
	"DataScience.rawConnectionDisplayName": "直接 kernel 连接",
	"DataScience.rawConnectionBrokenError": "直接 kernel 连接断开",
	"DataScience.pythonInteractiveHelpLink": "获取更多帮助",
	"DataScience.markdownHelpInstallingMissingDependencies": "有关安装 Jupyter 和相关依赖项的帮助，请参阅 [https://aka.ms/pyaiinstall](https://aka.ms/pyaiinstall)。",
	"DataScience.importingFormat": "正在导入 {0}",
	"DataScience.startingJupyter": "正在启动 Jupyter 服务器",
	"DataScience.connectingToJupyter": "连接到 Jupyter 服务器",
	"DataScience.connectingToKernel": "连接到 kernel: {0}",
	"DataScience.connectedToKernel": "已连接。",
	"DataScience.connected": "已连接",
	"DataScience.disconnected": "已断开连接",
	"Experiments.inGroup": "用户属于试验组 \"{0}\"",
	"Logging.CurrentWorkingDirectory": "cwd:",
	"Logging.WarnUserAboutDebugLoggingSetting": "已为 Jupyter 扩展启用调试日志记录，该扩展将继续将日志写入磁盘。是否要关闭调试日志记录?",
	"Logging.YesTurnOffDebugLogging": "是，关闭调试日志记录",
	"Logging.NoResponse": "否",
	"Logging.NoAndDontAskAgain": "否，不再询问",
	"GitHubIssue.Failure": "提交 GitHub Issue时遇到错误。是否仍要报告问题?",
	"GitHubIssue.copyToClipboardAndOpenIssue": "是，将内容复制到剪贴板并打开问题",
	"GitHubIssue.pleaseFillThisOut": "提交问题之前，请填写此部分并删除此评论!",
	"GitHubIssue.missingFields": "请在单击“提交 GitHub Issue”之前提供遇到的问题的详细信息。",
	"GitHubIssue.askForIssueTitle": "请提供描述性标题来总结你的问题。",
	"GitHubIssue.titlePlaceholder": "例如: 无法启动本地 kernel 会话",
	"DataScience.allowExtensionToUseJupyterKernelApi": "是否要授予扩展“{0}”对 Jupyter Kernels 的访问权限? 单击“{1}”将允许此扩展针对 Jupyter Kernels 执行代码。",
	"DataScience.thanksForUsingJupyterKernelApiPleaseRegisterWithUs": "感谢试用 Jupyter API。请在我们的存储库上提交问题，以便在生产环境中使用此 API。这会阻止我们在更新 API 时中断你的扩展(因为它仍在进行中)。",
	"Common.bannerLabelYes": "是",
	"Common.bannerLabelNo": "否",
	"Common.doNotShowAgain": "不再显示",
	"Common.reload": "重新加载",
	"Common.moreInfo": "详细信息",
	"Common.and": "与",
	"Common.download": "下载",
	"Common.ok": "确定",
	"Common.install": "安装",
	"Common.learnMore": "了解更多信息",
	"Common.reportThisIssue": "报告此问题",
	"CommonSurvey.remindMeLaterLabel": "稍后提醒我",
	"CommonSurvey.yesLabel": "是的，立即参加调查",
	"CommonSurvey.noLabel": "不，谢谢",
	"Common.clickHereForMoreInfoWithHtml": "有关详细信息，请单击 <a href=\"{0}\">此处</a>。",
	"OutputChannelNames.languageServer": "Python 语言服务器",
	"OutputChannelNames.python": "Python",
	"OutputChannelNames.pythonTest": "Python 测试日志",
	"OutputChannelNames.jupyter": "Jupyter",
	"ExtensionSurveyBanner.bannerMessage": "能否请你花 2 分钟时间告诉我们 Jupyter 扩展如何为你工作?",
	"ExtensionSurveyBanner.bannerLabelYes": "是的，立即参加调查",
	"ExtensionSurveyBanner.bannerLabelNo": "不，谢谢",
	"ExtensionSurveyBanner.maybeLater": "以后再说",
	"DataScience.restartKernelMessage": "是否要重启 Jupyter kernel? 所有变量都将丢失。",
	"DataScience.restartKernelMessageYes": "是",
	"DataScience.restartingKernelFailed": "Kernel 重启失败。Jupyter 服务器已挂起。请重新加载 VS Code。",
	"DataScience.interruptingKernelFailed": "Kernel 中断失败。Jupyter 服务器已挂起。请重新加载 VS Code。",
	"DataScienceSurveyBanner.bannerMessage": "你能花 2 分钟时间告诉我们数据科学功能如何为你工作吗?",
	"DataScienceSurveyBanner.bannerLabelYes": "是的，立即参加调查",
	"DataScienceSurveyBanner.bannerLabelNo": "不，谢谢",
	"InteractiveShiftEnterBanner.bannerMessage": "是否要在 \"Shift-enter\" 的“交互式”窗口(IPython 控制台)中运行代码? 选择“否”以继续在 Python 终端中运行代码。稍后可以在设置中更改此设置。",
	"DataScience.automaticallyReconnectingToAKernelProgressMessage": "重新连接到内核 {0}",
	"DataScience.restartingKernelStatus": "正在重启 Kernel {0}",
	"DataScience.executingCode": "正在执行单元格",
	"DataScience.collapseAll": "折叠所有单元格输入",
	"DataScience.expandAll": "展开所有单元格输入",
	"DataScience.export": "导出为 Jupyter 笔记本",
	"DataScience.restartServer": "重启 Jupyter kernel",
	"DataScience.undo": "撤消",
	"DataScience.redo": "重做",
	"DataScience.clearAll": "删除所有单元格",
	"DataScience.restartedKernelHeader": "已重启 \"{0}\" kernel",
	"DataScience.restartingKernelCustomHeader": "_正在重启 {0}..._",
	"DataScience.restartingKernelHeader": "_正在重新启动 kernel..._",
	"DataScience.startedNewKernelHeader": "已启动 \"{0}\" kernel",
	"DataScience.connectKernelHeader": "已连接到 \"{0}\" kernel",
	"DataScience.executingCodeFailure": "执行代码失败: {0}",
	"DataScience.inputWatermark": "在此处键入代码，然后按 Shift-Enter 运行",
	"DataScience.deleteButtonTooltip": "删除单元格",
	"DataScience.gotoCodeButtonTooltip": "转到代码",
	"DataScience.copyBackToSourceButtonTooltip": "将代码粘贴到文件中",
	"DataScience.copyToClipboardButtonTooltip": "将源复制到剪贴板",
	"DataScience.plotOpen": "展开图像",
	"DataScience.libraryNotInstalled": "未安装数据科学库 {0}。是否进行安装?",
	"DataScience.libraryNotInstalledCorrectlyOrOutdated": "数据科学库 {0} 未正确安装或过时。重新安装?",
	"DataScience.libraryRequiredToLaunchJupyterNotInstalled": "运行单元格需要 {0} 包。",
	"DataScience.librariesRequiredToLaunchJupyterNotInstalled": "运行单元格需要 {0} 包。",
	"DataScience.libraryRequiredToLaunchJupyterNotInstalledInterpreter": "运行 \"{0}\" 的单元格需要 {1} 包。",
	"DataScience.librariesRequiredToLaunchJupyterNotInstalledInterpreter": "运行 \"{0}\" 的单元格需要 {1} 包。",
	"DataScience.jupyterInstall": "安装",
	"DataScience.jupyterSelectURIPrompt": "输入正在运行的 Jupyter 服务器的 URI",
	"DataScience.jupyterSelectURIInvalidURI": "指定的 URI 无效",
	"DataScience.jupyterSelectUserAndPasswordTitle": "输入用户名和密码以连接到 Jupyter 中心",
	"DataScience.jupyterSelectUserPrompt": "输入用户名",
	"DataScience.jupyterSelectPasswordPrompt": "输入密码",
	"DataScience.removeRemoteJupyterServerEntryInQuickPick": "删除",
	"DataScience.jupyterNotebookFailure": "Jupyter 笔记本无法启动。\r\n{0}",
	"DataScience.remoteJupyterServerProvidedBy3rdPartyExtensionNoLongerValid": "扩展 \"{0}\" 提供的远程 Jupyter 服务器不再可用。",
	"DataScience.remoteJupyterConnectionFailedWithServer": "无法连接到远程 Jupyter 服务器 \"{0}\"。验证服务器是否正在运行且可访问。",
	"DataScience.remoteJupyterConnectionFailedWithServerWithError": "无法连接到远程 Jupyter 服务器 \"{0}\"。验证服务器是否正在运行且可访问。({1})。",
	"DataScience.remoteJupyterConnectionFailedWithoutServerWithError": "连接失败。验证服务器是否正在运行且可访问。({0})。",
	"DataScience.remoteJupyterConnectionFailedWithoutServerWithErrorWeb": "连接失败。验证服务器是否正在运行并且可从浏览器访问。({0})。有关详细信息，请参阅 \"https://aka.ms/vscjremoteweb\"。",
	"DataScience.jupyterNotebookRemoteConnectFailedWeb": "无法连接到远程 Jupyter 服务器。\r\n检查是否可以从浏览器访问 Jupyter 服务器 URI。\r\n{0}。有关详细信息，请单击[此处](https://aka.ms/vscjremoteweb)。",
	"DataScience.jupyterNotebookRemoteConnectSelfCertsFailed": "无法连接到远程 Jupyter 笔记本。\r\n指定服务器正在使用自签名证书。启用“允许未经授权的远程连接”设置以连接\r\n{0}\r\n{1}",
	"DataScience.changeJupyterRemoteConnection": "更改 Jupyter 服务器连接。",
	"DataScience.notebookVersionFormat": "Jupyter Notebook 版本: {0}",
	"DataScience.jupyterKernelSpecNotFound": "无法创建 Jupyter kernel 规格，并且无可用规格",
	"DataScience.jupyterKernelSpecModuleNotFound": "所选解释器 ({0}) 中未安装 \"Kernelspec\" 模块。\r\n 请重新安装或更新 \"jupyter\"。",
	"DataScience.jupyterGetVariablesBadResults": "无法从 Jupyter 服务器提取变量信息。",
	"DataScience.liveShareConnectFailure": "无法连接到主机 Jupyter 会话。找不到 URI。",
	"DataScience.liveShareCannotSpawnNotebooks": "实时共享连接不支持生成 Jupyter 笔记本",
	"DataScience.liveShareCannotImportNotebooks": "当前不支持通过实时共享连接导入笔记本",
	"DataScience.liveShareHostFormat": "{0} Jupyter 服务器",
	"DataScience.liveShareSyncFailure": "实时共享启动期间同步失败。",
	"DataScience.liveShareServiceFailure": "在实时共享连接期间启动 \"{0}\" 服务失败。",
	"DataScience.documentMismatch": "无法运行单元格，发现重复的文件 {0}。",
	"DataScience.pythonInteractiveCreateFailed": "无法创建“交互式”窗口。请尝试重新安装 Jupyter 扩展。",
	"DataScience.interruptKernel": "中断 Jupyter kernel",
	"DataScience.clearAllOutput": "清除所有输出",
	"DataScience.exportingFormat": "正在导出 {0}",
	"DataScience.exportCancel": "取消",
	"Common.canceled": "已取消",
	"Common.cancel": "取消",
	"Common.yesPlease": "是的，请通知我",
	"DataScience.interruptKernelStatus": "正在中断 Jupyter Kernel",
	"DataScience.restartKernelAfterInterruptMessage": "中断 kernel 超时。是否要重新启动 kernel? 所有变量都将丢失。",
	"DataScience.pythonInterruptFailedHeader": "键盘中断导致 kernel 崩溃。Kernel 已重新启动。",
	"DataScience.sysInfoURILabel": "Jupyter 服务器 URI:",
	"DataScience.jupyterStartTimedout": "启动 Jupyter 已超时。有关更多详细信息，请查看 \"Jupyter\" 输出面板。",
	"DataScience.startingJupyterLogMessage": "使用命令行 {1} 从 {0} 启动 Jupyter",
	"DataScience.jupyterCommandLineDefaultLabel": "默认值(推荐)",
	"DataScience.jupyterCommandLineDefaultDetail": "Jupyter 扩展将确定 Jupyter 的相应命令行",
	"DataScience.jupyterCommandLineCustomLabel": "自定义",
	"DataScience.jupyterCommandLineCustomDetail": "自定义启动时传递给 Jupyter 的命令行",
	"DataScience.jupyterCommandLineReloadQuestion": "更改 Jupyter 命令行时，请重新加载窗口。",
	"DataScience.jupyterCommandLineReloadAnswer": "重新加载",
	"DataScience.jupyterCommandLineQuickPickPlaceholder": "选择一个选项",
	"DataScience.jupyterCommandLineQuickPickTitle": "为 Jupyter 选择命令行",
	"DataScience.jupyterCommandLinePrompt": "输入 Jupyter 的自定义命令行",
	"Common.loadingExtension": "Jupyter 扩展正在加载...",
	"Common.openOutputPanel": "显示输出",
	"DataScience.variableExplorerNameColumn": "名称",
	"DataScience.variableExplorerTypeColumn": "类型",
	"DataScience.variableExplorerCountColumn": "大小",
	"DataScience.variableExplorerValueColumn": "值",
	"DataScience.showDataExplorerTooltip": "在数据查看器中显示变量快照",
	"DataScience.dataExplorerInvalidVariableFormat": "“{0}”不是活动变量。",
	"DataScience.jupyterGetVariablesExecutionError": "变量提取过程中失败: \r\n{0}",
	"DataScience.loadingMessage": "正在加载...",
	"DataScience.fetchingDataViewer": "正在提取数据...",
	"DataScience.noRowsInDataViewer": "没有与当前筛选器匹配的行",
	"DataScience.jupyterServer": "Jupyter 服务器",
	"DataScience.noKernel": "无 Kernel",
	"DataScience.serverNotStarted": "尚未开始",
	"DataScience.localJupyterServer": "本地",
	"DataScience.pandasTooOldForViewingFormat": "Python 包 “pandas” 是版本 {0}。查看数据需要版本 {1} 或更高版本。",
	"DataScience.pandasRequiredForViewing": "查看数据需要 Python 包 “pandas” 版本 {0} (或更高版本)。",
	"DataScience.failedToGetVersionOfPandas": "无法获取 Pandas 版本以使用数据查看器。",
	"DataScience.valuesColumn": "值",
	"DataScience.liveShareInvalid": "会话中的一个或多个来宾未安装 Jupyter [extension](https://marketplace.visualstudio.com/itemdetails?itemName=ms-toolsai.jupyter)。\r\n你的 Live Share 会话无法继续并且将关闭。",
	"Common.noIWillDoItLater": "否，我将稍后执行此操作",
	"Common.notNow": "以后再说",
	"Common.gotIt": "知道了!",
	"DataScience.noRowsInVariableExplorer": "未定义任何变量",
	"DataScience.loadingRowsInVariableExplorer": "正在加载变量",
	"DataScience.tooManyColumnsMessage": "包含超过 1000 列的变量可能需要很长时间才能显示。是否确实要继续?",
	"DataScience.tooManyColumnsYes": "是",
	"DataScience.tooManyColumnsNo": "否",
	"DataScience.tooManyColumnsDontAskAgain": "不再询问",
	"DataScience.filterRowsTooltip": "允许筛选多行。使用 =、> 或 < 符号筛选数值。",
	"DataScience.previewHeader": "--- 开始预览 {0} ---",
	"DataScience.previewFooter": "--- 结束预览{0} ---",
	"DataScience.previewStatusMessage": "正在生成 {0}",
	"DataScience.plotViewerTitle": "情节",
	"DataScience.exportPlotTitle": "保存绘图图像",
	"DataScience.pdfFilter": "PDF",
	"DataScience.pngFilter": "PNG",
	"DataScience.svgFilter": "SVG",
	"DataScience.previousPlot": "上一个",
	"DataScience.nextPlot": "下一个",
	"DataScience.panPlot": "平移",
	"DataScience.zoomInPlot": "放大",
	"DataScience.zoomOutPlot": "缩小",
	"DataScience.exportPlot": "导出到不同格式",
	"DataScience.deletePlot": "删除",
	"DataScience.collapseSingle": "折叠",
	"DataScience.expandSingle": "展开",
	"DataScience.editSection": "在此处输入新单元格。",
	"DataScience.restartKernelMessageDontAskAgain": "是，不再询问",
	"DataScience.selectedImageListLabel": "选择的映像",
	"DataScience.imageListLabel": "图像",
	"DataScience.exportImageFailed": "导出图像时出错: {0}",
	"downloading.file": "正在下载 {0}...",
	"downloading.file.progress": "{2} KB ({3}%)的 {0}{1}",
	"DataScience.jupyterDataRateExceeded": "无法查看变量，因为超过了数据速率。请使用更高的数据速率限制重启服务器。例如，--NotebookApp.iopub_data_rate_limit=10000000000.0",
	"DataScience.addCellBelowCommandTitle": "添加单元格",
	"DataScience.debugCellCommandTitle": "调试单元格",
	"DataScience.debugStepOverCommandTitle": "单步跳过",
	"DataScience.debugContinueCommandTitle": "继续",
	"DataScience.debugStopCommandTitle": "停止",
	"DataScience.runCurrentCellAndAddBelow": "运行当前单元格并在下面添加空单元格",
	"DataScience.jupyterDebuggerNotInstalledError": "调试单元格需要 Pip 模块 {0}。需要安装它来调试单元格。",
	"DataScience.jupyterDebuggerOutputParseError": "无法分析 {0} 输出，请记录 https://github.com/microsoft/vscode-jupyter 的问题",
	"DataScience.jupyterDebuggerPortNotAvailableError": "无法打开端口 {0} 进行调试。请在 remoteDebuggerPort 设置中指定其他端口。",
	"DataScience.jupyterDebuggerPortBlockedError": "无法连接端口 {0} 进行调试。请让端口通过防火墙 {0}。",
	"DataScience.jupyterDebuggerPortNotAvailableSearchError": "{0}-{1} 范围内无法找到用于调试的端口。请在 remoteDebuggerPort 设置中指定一个端口。",
	"DataScience.jupyterDebuggerPortBlockedSearchError": "无法连接端口进行调试。请让端口 {0}-{1} 通过防火墙。",
	"DataScience.jupyterDebuggerInstallNew": "调试单元格需要 Pip 模块 {0}。安装 {0} 并继续调试单元格?",
	"DataScience.jupyterDebuggerInstallNewRunByLine": "按行运行需要 Pip 模块 {0}。是否安装 {0} 并继续按行运行?",
	"DataScience.jupyterDebuggerInstallUpdate": "安装的 {0} 版本不支持调试单元格。是否将 {0} 更新到最新版本并继续调试单元格?",
	"DataScience.jupyterDebuggerInstallUpdateRunByLine": "安装的 {0} 版本不支持逐行运行。将 {0} 更新到最新版本并继续按行运行?",
	"DataScience.jupyterDebuggerInstallYes": "是",
	"DataScience.jupyterDebuggerInstallNo": "否",
	"DataScience.cellStopOnErrorMessage": "由于上一个单元格中出现错误，单元格已取消。",
	"DataScience.instructionComments": "# 若要添加新单元格，请键入 \"{0}\"\r\n# 若要添加新的 markdown 单元格，请键入 \"{0} [markdown]\"\r\n",
	"DataScience.scrollToCellTitleFormatMessage": "转到 [{0}]",
	"DataScience.save": "保存笔记本",
	"DataScience.nativeEditorTitle": "Notebook 编辑器",
	"DataScience.untitledNotebookFileName": "无标题",
	"DataScience.dirtyNotebookMessage1": "是否要保存对 {0} 的更改?",
	"DataScience.dirtyNotebookMessage2": "如果不保存，你的更改将丢失。",
	"DataScience.dirtyNotebookYes": "保存",
	"DataScience.dirtyNotebookNo": "不保存",
	"DataScience.dirtyNotebookCancel": "取消",
	"DataScience.dirtyNotebookDialogTitle": "保存",
	"DataScience.dirtyNotebookDialogFilter": "Jupyter Notebooks",
	"DataScience.exportAsPythonFileTooltip": "转换并保存到 Python 脚本",
	"DataScience.exportAsPythonFileTitle": "另存为 Python 文件",
	"DataScience.exportButtonTitle": "导出",
	"DataScience.runCell": "运行单元格",
	"DataScience.deleteCell": "删除单元格",
	"DataScience.moveCellUp": "上移单元格",
	"DataScience.moveCellDown": "下移单元格",
	"DataScience.moveSelectedCellUp": "向上移动所选单元格",
	"DataScience.insertBelow": "在下方插入单元格",
	"DataScience.insertAbove": "在上方插入单元格",
	"DataScience.addCell": "添加单元格",
	"DataScience.runAll": "运行所有单元格",
	"DataScience.toggleCellOutput": "切换单元格输出",
	"DataScience.convertingToPythonFile": "将 ipynb 转换为 python 文件",
	"DataScience.untitledNotebookMessage": "如果不保存，你的更改将丢失。",
	"DataScience.untitledNotebookYes": "保存",
	"DataScience.untitledNotebookNo": "取消",
	"DataScience.noInterpreter": "未选择 python",
	"DataScience.notebookNotFound": "python -m jupyter notebook --version 未运行",
	"DataScience.savePngTitle": "保存图像",
	"DataScience.jupyterSelectURIQuickPickTitle": "输入正在运行的 Jupyter 服务器的 URI",
	"DataScience.jupyterSelectURIQuickPickTitleOld": "选择如何连接到 Jupyter",
	"DataScience.jupyterSelectURIQuickPickPlaceholder": "选择一个选项",
	"DataScience.jupyterSelectURIQuickPickCurrent": "当前: {0}",
	"DataScience.jupyterSelectURINoneLabel": "无",
	"DataScience.jupyterSelectURINoneDetail": "不连接到任何远程 Jupyter 服务器",
	"DataScience.jupyterSelectURINewLabel": "现有",
	"DataScience.jupyterSelectURINewDetail": "指定现有服务器的 URI",
	"DataScience.jupyterSelectURIMRUDetail": "上次连接时间: {0}",
	"DataScience.jupyterSelectURIRunningDetailFormat": "上次连接 {0}。{1} 现有连接。",
	"DataScience.jupyterSelectURINotRunningDetail": "此时无法连接。状态未知。",
	"DataScience.fallbackToUseActiveInterpreterAsKernel": "找不到创建笔记本时使用的 kernel \"{0}\"。使用当前解释器。",
	"DataScience.fallBackToRegisterAndUseActiveInterpreterAsKernel": "Couldn't find kernel '{0}' that the notebook was created with. Registering a new kernel using the current interpreter.",
	"DataScience.fallBackToPromptToUseActiveInterpreterOrSelectAKernel": "找不到创建笔记本所用的 kernel \"{0}\"。",
	"DataScience.selectKernel": "更改 Kernel",
	"DataScience.selectDifferentKernel": "选择其他 Kernel",
	"DataScience.selectDifferentJupyterInterpreter": "更改解释器",
	"DataScience.selectJupyterInterpreter": "选择解释器以启动 Jupyter",
	"DataScience.switchingKernelProgress": "将 kernel 切换到 \"{0}\"",
	"DataScience.sessionStartFailedWithKernel": "无法启动 Kernel \"{0}\"。 \r\n查看 Jupyter [log](command:jupyter.viewOutput)，了解更多详细信息。",
	"DataScience.failedToStartKernel": "无法启动 Kernel。",
	"DataScience.failedToRestartKernel": "无法重新启动 Kernel。",
	"DataScience.failedToInterruptKernel": "无法中断 Kernel。",
	"DataScience.kernelDied": "Kernel 已终止。有关更多详细信息，请查看 Jupyter [log](command:jupyter.viewOutput)。\r\n错误: {0}...",
	"DataScience.kernelDiedWithoutError": "内核 \"{0}\" 已终止。有关详细信息，请单击[此处](https://aka.ms/vscodeJupyterKernelCrash)。有关更多详细信息，请查看 Jupyter [log](command:jupyter.viewOutput)。",
	"DataScience.kernelDiedWithoutErrorAndAutoRestarting": "Kernel \"{0}\" 已终止，Jupyter 正在自动重新启动。有关详细信息，请单击[此处](https://aka.ms/vscodeJupyterKernelCrash)。有关更多详细信息，请查看 Jupyter [log](command:jupyter.viewOutput)。",
	"DataScience.kernelDisconnected": "无法连接到内核 \"{0}\"，请验证 Jupyter 服务器连接。有关更多详细信息，请查看 Jupyter [log](命令: jupyter.viewOutput)。",
	"DataScience.kernelCrashedDueToCodeInCurrentOrPreviousCell": "在当前单元格或上一个单元格中执行代码时 Kernel 崩溃。请查看单元格中的代码，以确定故障的可能原因。有关详细信息，请单击 <a href='https://aka.ms/vscodeJupyterKernelCrash'>此处</a>。有关更多详细信息，请查看 Jupyter [log](command:jupyter.viewOutput)。",
	"DataScience.fileSeemsToBeInterferingWithKernelStartup": "文件 \"{0}\" 似乎正在替代内置模块并干扰 kernel 的启动。请考虑重命名文件并重新启动 kernel。",
	"DataScience.DataScience.moduleSeemsToBeInterferingWithKernelStartup": "模块“{0}”似乎正在替代内置模块并干扰 kernel 的启动。请考虑重命名文件夹并再次启动 kernel。",
	"DataScience.failedToStartKernelDueToMissingModule": "由于缺少模块 \"{0}\"，kernel 启动失败。请考虑安装此模块。",
	"DataScience.failedToStartKernelDueToImportFailure": "由于无法导入模块 \"{0}\"，因此 kernel 启动失败。",
	"DataScience.failedToStartKernelDueToImportFromFileFailure": "The kernel failed to start as '{0}' could not be imported from '{1}'.",
	"DataScience.failedToStartKernelDueToUnknownDllLoadFailure": "The kernel failed to start as a dll could not be loaded.",
	"DataScience.failedToStartKernelDueToDllLoadFailure": "The kernel failed to start as the dll '{0}' could not be loaded.",
	"DataScience.failedToStartKernelDueToWin32APIFailure": "由于 Win32api 模块出错，kernel 启动失败。请考虑(重新)安装此模块。",
	"DataScience.failedToStartKernelDueToPyZmqFailure": "由于 \"pyzmq\" 模块出错，kernel 启动失败。请考虑重新安装此模块。",
	"DataScience.failedToStartKernelDueToOldIPython": "由于 IPython 的过时版本，kernel 启动失败。请考虑将此模块更新到最新版本。",
	"DataScience.failedToStartKernelDueToOldIPyKernel": "由于 IPyKernel 的过时版本，kernel 启动失败。请考虑将此模块更新到最新版本。",
	"DataScience.failedToStartJupyter": "无法在环境 \"{0}\" 中启动 Jupyter。 \r\n查看 Jupyter [log](command:jupyter.viewOutput)，了解更多详细信息。",
	"DataScience.failedToStartJupyterWithErrorInfo": "无法在环境 \"{0}\" 中启动 Jupyter。 \r\n{1} \r\n查看 Jupyter [log](command:jupyter.viewOutput)，了解更多详细信息。",
	"DataScience.failedToStartJupyterDueToOutdatedTraitlets": "无法在环境 \"{0}\" 中启动 Jupyter，原因可能是 \"traitlets\" 的版本已过时。\r\n{1} \r\n请考虑将 \"traitlets\" 模块更新为 \"5.1.1\" 或更高版本。\r\n查看 Jupyter [log](command:jupyter.viewOutput)，了解更多详细信息。",
	"DataScience.installPackageInstructions": "运行以下命令，将 \"{0}\" 安装到 Python 环境中。\r\n命令: \"{1}\"",
	"DataScience.cannotRunCellKernelIsDead": "无法运行单元格，因为 kernel“{0}”已失效。",
	"DataScience.waitingForJupyterSessionToBeIdle": "正在等待 Jupyter 会话处于空闲状态",
	"DataScience.gettingListOfKernelsForLocalConnection": "正在提取 Kernels",
	"DataScience.gettingListOfKernelsForRemoteConnection": "正在提取 Kernels",
	"DataScience.gettingListOfKernelSpecs": "提取 Kernel 规格",
	"DataScience.startingJupyterNotebook": "正在启动 Jupyter Notebook",
	"DataScience.registeringKernel": "正在注册 Kernel",
	"DataScience.trimmedOutput": "由于性能原因，输出已被剪裁。\r\n若要查看完整输出，请将设置 \"jupyter.textOutputLimit\" 设置为 0。",
	"DataScience.connectingToJupyterUri": "在 {0} 连接到 Jupyter 服务器",
	"DataScience.createdNewNotebook": "{0}: 创建新笔记本 ",
	"DataScience.createdNewKernel": "{0}: Kernel 已启动: {1}",
	"DataScience.kernelInvalid": "Kernel {0} 不可用。有关详细信息，请查看 Jupyter 输出选项卡。",
	"DataScience.nativeDependencyFail": "无法启动 Jupyter 服务器，因为你的 OS 不受支持。如果要继续，请选择已在运行的服务器。{0}",
	"DataScience.selectNewServer": "选取正在运行的服务器",
	"DataScience.jupyterSelectURIRemoteLabel": "现有",
	"DataScience.jupyterSelectURIQuickPickTitleRemoteOnly": "选择已在运行的 Jupyter 服务器",
	"DataScience.jupyterSelectURIRemoteDetail": "指定现有服务器的 URI",
	"DataScience.latestExtension": "下载最新版本的 Jupyter 扩展",
	"DataScience.loadClassFailedWithNoInternet": "加载 {0} 时出错:{1}。加载第三方小组件所需的 Internet 连接。",
	"DataScience.useCDNForWidgets": "小组件要求我们从第三方网站下载支持文件。有关详细信息，请单击[此处](https://aka.ms/PVSCIPyWidgets)。",
	"DataScience.useCDNForWidgetsNoInformation": "小组件要求我们从第三方网站下载支持文件。",
	"DataScience.enableCDNForWidgetsSettingHtml": "小组件要求我们从第三方网站下载支持文件。单击<a href='https://command:jupyter.enableLoadingWidgetScriptsFromThirdPartySource'>此处</a>启用此功能，或单击<a href='https://aka.ms/PVSCIPyWidgets'>此处</a>了解详细信息。(加载 {0} 时出错:{1})。",
	"DataScience.enableCDNForWidgetsSetting": "小组件要求我们从第三方网站下载支持文件。(加载 {0} 时出错: {1})。",
	"DataScience.enableCDNForWidgetsButton": "启用下载",
	"DataScience.widgetScriptNotFoundOnCDNWidgetMightNotWork": "无法从配置的小组件源 {2} 找到小组件 \"{0}\" 版本 \"{1}\"。预期行为可能会受到影响。有关详细信息，请单击[此处](https://aka.ms/PVSCIPyWidgets)。",
	"DataScience.cdnWidgetScriptNotAccessibleWarningMessage": "由于网络访问，无法从第三方网站 {1} 下载小组件“{0}”。预期行为可能会受到影响。有关详细信息，请单击[此处](https://aka.ms/PVSCIPyWidgets)。",
	"DataScience.unhandledMessage": "来自小组件的未处理 kernel 消息: {0} : {1}",
	"DataScience.qgridWidgetScriptVersionCompatibilityWarning": "无法加载小组件 \"qgrid\" 的兼容版本。请考虑降级到版本 1.1.1。",
	"DataScience.kernelStarting": "_正在连接到 kernel..._",
	"DataScience.kernelStartingCustom": "_正在连接到 {0}..._",
	"DataScience.libraryRequiredToLaunchJupyterKernelNotInstalledInterpreter": "运行 \"{0}\" 的单元格需要 {1} 包。",
	"DataScience.libraryRequiredToLaunchJupyterKernelNotInstalledInterpreterAndRequiresUpdate": "运行具有 \"{0}\" 的单元格需要安装 {1} 包或需要更新。",
	"DataScience.runByLine": "按行运行 (F10)",
	"DataScience.stopRunByLine": "停止",
	"DataScience.couldNotInstallLibrary": "无法安装 {0} 包。如果 pip 不可用，请使用所选包管理器将此库手动安装到 Python 环境中。",
	"DataScience.rawKernelSessionFailed": "无法启动 kernel {0} 的会话。选择要启动的另一个 kernel。",
	"DataScience.rawKernelStartFailedDueToTimeout": "由于连接超时，无法启动 Kernel \"{0}\"。 \r\n查看 Jupyter [log](command:jupyter.viewOutput)，了解更多详细信息。",
	"DataScience.rawKernelConnectingSession": "连接到 kernel {0}",
	"DataScience.reloadCustomEditor": "请重新加载 VS Code 以使用自定义编辑器 API",
	"DataScience.reloadVSCodeNotebookEditor": "请重新加载 VS Code 以使用 Notebook 编辑器",
	"DataScience.step": "运行下一行 (F10)",
	"DataScience.usingPreviewNotebookWithOtherNotebookWarning": "不建议在预览 Notebook 编辑器和稳定 Notebook 编辑器中打开同一文件。这样做可能会导致笔记本数据丢失或损坏。",
	"DataScience.unknownServerUri": "无法使用服务器 URI。是否卸载了提供 Jupyter 服务器连接的扩展?",
	"DataScienceRendererExtension.installingExtension": "正在安装 Notebook Renderers 扩展...",
	"DataScienceRendererExtension.installationCompleteMessage": "完成。",
	"DataScienceRendererExtension.startingDownloadOutputMessage": "正在开始下载 Notebook Renderers 扩展。",
	"DataScienceRendererExtension.downloadingMessage": "正在下载 Notebook Renderers 扩展...",
	"DataScienceRendererExtension.downloadCompletedOutputMessage": "Notebook Renderers 扩展下载完成。",
	"DataScience.uriProviderDescriptionFormat": "{0} (从 {1} 扩展)",
	"DataScience.unknownPackage": "未知",
	"DataScience.interactiveWindowTitle": "交互",
	"DataScience.interactiveWindowTitleFormat": "交互 - {0}",
	"DataScience.interactiveWindowModeBannerTitle": "是否要为此文件打开新的交互窗口? [详细信息](command:workbench.action.openSettings?%5B%22jupyter.interactiveWindowMode%22%5D)。",
	"DataScience.interactiveWindowModeBannerSwitchYes": "是",
	"DataScience.interactiveWindowModeBannerSwitchAlways": "始终",
	"DataScience.interactiveWindowModeBannerSwitchNo": "否",
	"DataScience.noKernelsSpecifyRemote": "没有可用于单元格执行的 kernel，请[为连接指定 Jupyter 服务器](command:jupyter.selectjupyteruri)",
	"DataScience.ipykernelNotInstalled": "IPyKernel 未安装到解释器 {0}",
	"DataScience.ipykernelNotInstalledBecauseCanceled": "IPyKernel 未安装到解释器中。已取消安装。",
	"DataScience.needIpykernel6": "此功能所需的 Ipykernel 设置",
	"DataScience.setup": "安装",
	"DataScience.startingRunByLine": "开始按行运行",
	"DataScience.illegalEditorConfig": "无法同时启用 CustomEditor 和 NativeNotebook 试验",
	"DataScience.pythonExtensionRequired": "需要 Python 扩展才能执行该任务。单击“是”打开 Python 扩展安装页。",
	"DataScience.pythonExtensionRequiredToRunNotebook": "运行 Python 笔记本需要 Python 扩展。",
	"DataScience.installingPythonExtension": "正在安装 Python 扩展并查找内核。",
	"DataScience.pythonExtensionInstalled": "现已安装 Python 扩展。在重新启动笔记本或交互窗口会话之前，某些功能可能不可用。",
	"DataScience.showDataViewerFail": "无法创建数据查看器。有关详细信息，请查看“输出”窗口的 \"Jupyter\" 选项卡。",
	"DataScience.notebookCreationPickerPlaceHolder": "选择创建空白笔记本的选项",
	"DataScience.refreshDataViewer": "刷新数据查看器",
	"DataScience.refreshDataViewerCommandPalette": "刷新数据查看器",
	"DataScience.sliceDropdownAxisLabel": "Axis",
	"DataScience.sliceDropdownIndexLabel": "索引",
	"DataScience.sliceSubmitButton": "应用",
	"DataScience.sliceSummaryTitle": "切片",
	"DataScience.dataViewerShowFilters": "显示筛选器",
	"DataScience.dataViewerHideFilters": "隐藏筛选器",
	"DataScience.sliceData": "切片数据",
	"DataScience.sliceIndexError": "索引 {0} 超出轴 {1} 元素 {2} 的范围",
	"DataScience.sliceMismatchedAxesError": "应为 {0} 轴，在切片表达式中得到了 {1}",
	"DataScience.clearFilters": "清除所有筛选器",
	"DataScience.defaultNotebookName": "默认",
	"DataScience.recommendExtensionForNotebook": "对于面向语言 \"{1}\" 的笔记本，建议使用 {0} 扩展",
	"DataScience.interactiveClearAllCells": "全部清除",
	"DataScience.interactiveRemoveCell": "删除单元格",
	"DataScience.interactiveGoToCode": "转到代码",
	"DataScience.kernelWasNotStarted": "Kernel 未启动。需要 kernel 会话才能开始调试。",
	"DataScience.noNotebookToDebug": "没有要调试的活动笔记本文档。",
	"DataScience.cantStartDebugging": "无法启动调试。",
	"DataScience.customEditorBanner": "此编辑器已弃用，我们将在 1.59 VS Code后将其删除。 [详细了解我们的新笔记本编辑器](https://aka.ms/vscodeNotebookEditorBanner)。",
	"DataScience.importingIpynb": "正在导入笔记本文件。",
	"DataScience.exportingToFormat": "正在导出到 {0}。",
	"DataScience.matplotlibWidgetInsteadOfOther": "\"%matplotlib 小组件\" 或 \"%matplotlib 内联\" 在 VS Code 笔记本中效果最佳。",
	"DataScience.matplotlibWidgetCodeActionTitle": "详细信息",
	"DataScience.usingNonPrereleaseYes": "是",
	"DataScience.usingNonPrereleaseNo": "否",
	"DataScience.usingNonPrereleaseNoAndDontAskAgain": "不再询问",
	"DataScience.usingNonPrerelease": "在 VS Code 预览体验成员上运行时，建议使用 Jupyter 扩展的 \"预发布\" 版本。是否要切换?",
	"DataScience.cellAtFormat": "{0} 单元格 {1}'",
	"DataScience.jupyterServerConsoleOutputChannel": "Jupyter 服务器控制台",
	"DataScience.kernelConsoleOutputChannel": "{0} Kernel 控制台输出",
	"Installer.noCondaOrPipInstaller": "所选环境中没有可用的 Conda 或 Pip 安装程序。",
	"Installer.noPipInstaller": "所选环境中没有可用的 Pip 安装程序。",
	"Installer.searchForHelp": "搜索帮助",
	"Installer.couldNotInstallLibrary": "无法安装 {0}。如果 pip 不可用，请使用所选包管理器将此库手动安装到 Python 环境中。",
	"Installer.dataScienceInstallPrompt": "未安装数据科学库 {0}。是否进行安装?",
	"Products.installingModule": "正在安装 {0}",
	"DataScience.webNotSupported": "Jupyter 扩展的 Web 版本不支持操作。",
	"DataScience.outputSizeExceedLimit": "输出超过 <a href={0}>大小限制</a>。在 <a href={1}>文本编辑器中</a> 打开完整输出数据",
	"DataScience.installPythonTitle": "安装 Python",
	"DataScience.installPythonExtensionViaKernelPickerTitle": "安装 Python 扩展",
	"DataScience.switchToLocalKernelsTitle": "连接到本地内核",
	"DataScience.switchToRemoteKernelsTitle": "连接到 Jupyter 服务器",
	"DataScience.switchToAnotherRemoteKernelsTitle": "连接到另一个 Jupyter 服务器",
	"DataScience.failedToInstallPythonExtension": "未能安装 Python 扩展。",
	"DataScience.kernelPrefixForRemote": "(远程)",
	"DataScience.pythonFileOverridesPythonPackage": "此文件可能会替代现有 Python 包并干扰内核执行，请考虑重命名它。",
	"DataScience.alwaysIgnoreWarningsAboutOverridingPythonPackages": "始终忽略有关替代 Python 包的警告",
	"DataScience.ignoreWarningAboutOverridingPythonPackage": "忽略“{0}”的警告",
	"DataScience.moreInfoAboutFileNamesOverridingPythonPackages": "有关替代 Python 包的详细信息",
	"DataScience.reservedPythonFileNamesDiagnosticCollectionName": "保留的 Python 文件名",
	"DataScience.filesPossiblyOverridingPythonModulesMayHavePreventedKernelFromStarting": "在工作目录中找到的以下一些文件可能阻止了内核启动。请考虑重命名它们。",
	"DataScience.listOfFilesWithLinksThatMightNeedToBeRenamed": "文件: 可能需要重命名 {0}。",
	"jupyter.configuration.jupyter.diagnostics.reservedPythonNames.enabled.markdownDescription": "是否显示有关可能 [替代 Python 包](https://aka.ms/JupyterKernelStartFailureOverrideReservedName)的 Python 文件名的警告。",
	"jupyter.configuration.jupyter.diagnostics.reservedPythonNames.exclude.markdownDescription": "配置 [glob 模式](https://code.visualstudio.com/docs/editor/codebasics#_advanced-search-options)，以排除文件和文件收到有关 [替代 Python 包](https://aka.ms/JupyterKernelStartFailureOverrideReservedName)的警告。"
}