{"products.installingModule":"Instalando {0}","capabilities.untrustedWorkspace.description":"Não há suporte para a execução de células em Janela Interativa e Blocos de Anotações em workspaces não confiáveis.","contributes.walkthroughs.jupyterWelcome.title":"Introdução aos Jupyter Notebooks","contributes.walkthroughs.jupyterWelcome.description":"Suas primeiras etapas para configurar um projeto do Jupyter com todas as ferramentas e recursos avançados que a Extensão Jupyter tem a oferecer!","contributes.walkthroughs.jupyterWelcome.steps.ipynb.newUntitledIpynb.title":"Criar ou abrir um Jupyter Notebook","contributes.walkthroughs.jupyterWelcome.steps.ipynb.newUntitledIpynb.description":"Clique com o botão direito do mouse no explorador de arquivos e crie um novo arquivo com uma extensão .ipynb. Ou abra a [Paleta de Comandos](command:workbench.action.showCommands) e execute o comando \r\n``Create: New Jupyter Notebook``.\r\n[Criar novo Jupyter Notebook](command:toSide:ipynb.newUntitledIpynb)\r\n Se você tiver um projeto existente, você também pode [abrir uma pasta](command:toSide:workbench.action.files.openFolder) e/ou clone um projeto do GitHub: [clone um repositório Git](command:toSide:git.clone).","contributes.walkthroughs.jupyterWelcome.steps.ipynb.newUntitledIpynb.media.altText":"Criando um novo Jupyter Notebook","contributes.walkthroughs.jupyterWelcome.steps.jupyter.selectKernel.title":"Selecionar um kernel do Jupyter","contributes.walkthroughs.jupyterWelcome.steps.jupyter.selectKernel.description":"Clique em Selecionar Kernel no canto superior direito do notebook e escolha o ambiente no qual executar o kernel. Ou, com um notebook aberto e em foco, abra a [Paleta de Comandos](command:workbench.action.showCommands) e execute o comando: \r\n``Notebook: Select Notebook Kernel``. \r\n[Abrir Paleta de Comandos para Selecionar um Kernel do Jupyter](command:workbench.action.showCommands)","contributes.walkthroughs.jupyterWelcome.steps.jupyter.selectKernel.media.altText":"Selecionando ou alterando um kernel do notebook","contributes.walkthroughs.jupyterWelcome.steps.jupyter.exploreAndDebug.title":"Explorar dados e depurar","contributes.walkthroughs.jupyterWelcome.steps.jupyter.exploreAndDebug.description":"📅 Você pode usar o [Visualizador de Dados](https://code.visualstudio.com/docs/datascience/data-science-tutorial#_prepare-the-data) para exibir, classificar e filtrar as linhas de dados. Depois de carregar seus dados, clique em \" Variáveis\" no canto superior direito do bloco de anotações e clique no ícone do Visualizador de Dados à esquerda da tabela de dados. \r\n \r\n[Saiba mais sobre o Visualizador de Dados](https://code.visualstudio.com/docs/datascience/data-science-tutorial#_prepare-the-data)classe \r\n \r\n📒 Depure seu notebook usando o modo [Executar por Linha](https://code.visualstudio.com/docs/datascience/jupyter-notebooks#_run por linha) para executar uma célula uma linha por vez. Clique no ícone Executar por Linha da célula (botão Reproduzir com linhas) ou pressione F10. \r\n \r\n[Saiba mais sobre Executar por Linha](https://code.visualstudio.com/docs/datascience/jupyter-notebooks#_run por linha)","contributes.walkthroughs.jupyterWelcome.steps.jupyter.exploreAndDebug.media.altText":"Abrindo visualizador de dados","contributes.walkthroughs.jupyterWelcome.steps.jupyter.dataScienceLearnMore.title":"Saiba mais!","contributes.walkthroughs.jupyterWelcome.steps.jupyter.dataScienceLearnMore.description":"🎨 Explore todos os recursos que a Extensão do Jupyter tem a oferecer procurando \"Jupyter\" na [Paleta de Comandos](command:workbench.action.showCommands). \r\n 📈 Saiba mais sobre como começar a usar a ciência de dados em [Python](command:workbench.action.openWalkthrough?%7B%22category%22%3A%22ms-python.python%23pythonDataScienceWelcome%22%2C%22step%22%3A%22ms-python.python%23python.createNewNotebook%22%7D) instalando a Extensão Python ([pesquisar extensão do Python](command:workbench.extensions.search?\"ms-python.python\")). \r\n 📃 Descubra mais recursos em nossos [Tutoriais](https://code.visualstudio.com/docs/datascience/jupyter-notebooks).  \r\n[Saiba mais](https://aka.ms/AAdar6q)","contributes.walkthroughs.jupyterWelcome.steps.jupyter.dataScienceLearnMore.media.altText":"Imagem representando nossa página de documentação e recursos da lista de endereçamento.","jupyter.command.dataScience.clearCache.title":"Limpar Cache","jupyter.command.dataScience.clearUserProviderJupyterServerCache.title":"Limpar o Cache do Servidor Jupyter do Usuário","jupyter.command.jupyter.replayPylanceLog.title":"Reproduzir Log de Pylance","jupyter.command.jupyter.replayPylanceLogStep.title":"Log de Pylance de Etapa","jupyter.command.jupyter.exportAsPythonScript.title":"Exportar para Script do Python","jupyter.command.jupyter.exportToHTML.title":"Exportar para HTML","jupyter.command.jupyter.exportToPDF.title":"Exportar para PDF","jupyter.command.jupyter.debug.title":"Depurar","jupyter.command.jupyter.filterKernels.title":"Filtrar Kernels","jupyter.command.jupyter.runByLine.title":"Executar por Linha","jupyter.command.jupyter.debugCell.title":"Depurar Célula","jupyter.command.jupyter.runByLineNext.title":"Executar Próxima Linha","jupyter.command.jupyter.runByLineStop.title":"Continuar Execução","DataScience.checkingIfImportIsSupported":"Verificando se \"importar\" tem suporte","DataScience.validatingKernelDependencies":"Validando dependências de kernel","DataScience.installingMissingDependencies":"Instalando dependências ausentes","DataScience.exportNotebookToPython":"Exportando Notebook para Python","DataScience.performingExport":"Executando Exportação","DataScience.convertingToPDF":"Convertendo para PDF...","DataScience.exportHTMLQuickPickLabel":"HTML","DataScience.exportPDFQuickPickLabel":"PDF","DataScience.openExportedFileMessage":"Deseja abrir o arquivo exportado?","DataScience.openExportFileYes":"Sim","DataScience.openExportFileNo":"Não","DataScience.failedExportMessage":"Falha na exportação.","DataScience.validationErrorMessageForRemoteUrlProtocolNeedsToBeHttpOrHttps":"Deve ser http(s)","DataScience.exportFailedGeneralMessage":"Verifique o painel \"Jupyter\" [output](command:jupyter.viewOutput) para obter mais detalhes.","DataScience.exportToPDFDependencyMessage":"Se você não tiver instalado o xelatex (TeX), precisará fazer isso antes de exportar para PDF. Para obter mais instruções, acesse https://nbconvert.readthedocs.io/en/latest/install.html#installing-tex. \r\nPara evitar a instalação do xelatex (TeX), tente exportar para HTML e usar o recurso do navegador \"Imprimir como PDF\".","DataScience.insecureSessionMessage":"A conexão por HTTP sem um token pode não ser segura. Deseja se conectar a um servidor possivelmente inseguro?","DataScience.insecureSessionDenied":"Conexão com servidor inseguro negada.","DataScience.pythonNotInstalled":"Python não está instalado. \r\nFaça download e instale o Python para executar células neste bloco de anotações.","DataScience.installKernel":"O Kernel Jupyter \"{0}\" não pôde ser encontrado e precisa ser instalado para executar células neste notebook.","DataScience.customizeLayout":"Personalizar layout...","DataScience.warnWhenSelectingKernelWithUnSupportedPythonVersion":"Não há mais suporte para a versão do Python associada ao kernel selecionado. Considere selecionar um kernel diferente.","DataScience.activatingPythonEnvironment":"Ativando o ambiente Python \"{0}\"","jupyter.kernel.percentPipCondaInstallInsteadOfBang":"Use \"%{0} install\" em vez de \"!{0} install\"","jupyter.kernel.pipCondaInstallHoverWarning":"\"!{0} install\" pode instalar pacotes no ambiente errado. [Mais informações] ({1})","jupyter.kernel.replacePipCondaInstallCodeAction":"Substituir por \"%{0} install\"","jupyter.kernel.filter.placeholder":"Escolha os kernels disponíveis no seletor de kernel.","jupyter.kernel.category.jupyterSession":"({0}) Sessão do Jupyter","jupyter.kernel.category.jupyterKernel":"Kernel do Jupyter","jupyter.kernel.category.jupyterRemoteKernel":"({0}) Kernel do Jupyter","DataScience.kernelDefaultRemoteDisplayName":"Remoto","jupyter.kernel.category.conda":"Conda Env","jupyter.kernel.category.poetry":"Poetry Env","jupyter.kernel.category.pipenv":"Pipenv Env","jupyter.kernel.category.pyenv":"PyEnv Env","jupyter.kernel.category.global":"Global Env","jupyter.kernel.category.virtual":"Virtual Env","jupyter.kernel.recommended":"Recomendações","jupyter.kernel.createPythonEnvironment":"Criar Ambiente do Python","jupyter.command.jupyter.viewLanguageServerOutput.title":"Mostrar a Saída do Servidor de Linguagem","jupyter.command.jupyter.selectAndRunTestMethod.title":"Executar Método de Teste...","jupyter.command.jupyter.selectAndDebugTestMethod.title":"Método de Teste de Depuração...","jupyter.command.jupyter.selectAndRunTestFile.title":"Executar Arquivo de Teste...","jupyter.command.jupyter.runCurrentTestFile.title":"Executar Arquivo de Teste Atual","jupyter.command.jupyter.runFailedTests.title":"Executar Testes com Falha","jupyter.command.jupyter.discoverTests.title":"Descobrir Testes","jupyter.command.jupyter.discoveringTests.title":"Descobrindo...","jupyter.command.jupyter.stopTests.title":"Parar","jupyter.command.jupyter.configureTests.title":"Configurar Testes","jupyter.command.jupyter.execSelectionInTerminal.title":"Executar a Seleção/Linha no Terminal do Python","jupyter.command.jupyter.execSelectionInDjangoShell.title":"Executar a Seleção/Linha no Shell do Django","jupyter.command.jupyter.goToPythonObject.title":"Vá para Objeto Python","jupyter.command.jupyter.setLinter.title":"Selecionar Linter","jupyter.command.jupyter.enableLinting.title":"Habilitar Linting","jupyter.command.jupyter.runLinting.title":"Executar o Linting","jupyter.command.jupyter.runFileInteractive.title":"Executar Arquivo Atual na Janela Interativa","jupyter.command.jupyter.debugFileInteractive.title":"Depurar Arquivo Atual na Janela Interativa","jupyter.command.jupyter.runallcells.title":"Executar Todas as Células","jupyter.command.jupyter.notebookeditor.expandallcells.title":"Expandir Todas as Células do Notebook","jupyter.command.jupyter.notebookeditor.collapseallcells.title":"Recolher Todas as Células do Notebook","jupyter.command.jupyter.runallcellsabove.title":"Executar Acima","jupyter.command.jupyter.runcellandallbelow.title":"Executar Abaixo","jupyter.command.jupyter.runallcellsabove.palette.title":"Executar Células Acima da Célula Atual","jupyter.command.jupyter.runcurrentcellandallbelow.palette.title":"Executar Célula Atual e Abaixo","jupyter.command.jupyter.debugcurrentcell.palette.title":"Depurar Célula Atual","jupyter.command.jupyter.debugcell.title":"Depurar Célula","jupyter.command.jupyter.debugstepover.title":"Contornar","jupyter.command.jupyter.debugcontinue.title":"Continuar","jupyter.command.jupyter.debugstop.title":"Parar","jupyter.command.jupyter.runtoline.title":"Executar até a Linha na Janela Interativa","jupyter.command.jupyter.runfromline.title":"Executar da Linha na Janela Interativa","jupyter.command.jupyter.runcurrentcell.title":"Executar Célula Atual","jupyter.command.jupyter.runcurrentcelladvance.title":"Executar Célula Atual e Avançar","jupyter.command.jupyter.execSelectionInteractive.title":"Executar Seleção/Linha na Janela Interativa","jupyter.command.jupyter.runcell.title":"Executar Célula","jupyter.command.jupyter.insertCellBelowPosition.title":"Inserir Célula Abaixo da Posição","jupyter.command.jupyter.insertCellBelow.title":"Inserir uma Célula Abaixo","jupyter.command.jupyter.insertCellAbove.title":"Inserir uma Célula Acima","jupyter.command.jupyter.deleteCells.title":"Excluir as Células Selecionadas","jupyter.command.jupyter.selectCell.title":"Selecionar Célula","jupyter.command.jupyter.selectCellContents.title":"Selecionar Conteúdo da Célula","jupyter.command.jupyter.extendSelectionByCellAbove.title":"Estender Seleção por Célula Acima","jupyter.command.jupyter.extendSelectionByCellBelow.title":"Estender Seleção por Célula Abaixo","jupyter.command.jupyter.moveCellsUp.title":"Mover Células Selecionadas para Cima","jupyter.command.jupyter.moveCellsDown.title":"Mover Células Selecionadas para Baixo","jupyter.command.jupyter.changeCellToMarkdown.title":"Alterar Célula para Markdown","jupyter.command.jupyter.changeCellToCode.title":"Alterar Célula para Código","jupyter.command.jupyter.gotoNextCellInFile.title":"Ir para Próxima Célula","jupyter.command.jupyter.gotoPrevCellInFile.title":"Ir para Célula Anterior","jupyter.command.jupyter.showhistorypane.title":"Mostrar Janela Interativa","jupyter.command.jupyter.createnewinteractive.title":"Criar Janela Interativa","jupyter.command.jupyter.selectjupyteruri.title":"Especificar o Servidor Jupyter para Conexões","DataScience.jupyterNativeNotebookUriStatusLabelForLocal":"Servidor Jupyter: local","DataScience.jupyterNativeNotebookUriStatusLabelForRemote":"Servidor Jupyter: Remoto","jupyter.command.jupyter.selectjupytercommandline.title":"Especificar Argumentos de Linha de Comando do Jupyter","jupyter.command.jupyter.importnotebook.title":"Importar Jupyter Notebook","jupyter.command.jupyter.importnotebookfile.title":"Importar Notebook para Script","jupyter.command.jupyter.exportoutputasnotebook.title":"Exportar Janela Interativa como Jupyter Notebook","jupyter.command.jupyter.exportfileasnotebook.title":"Exportar Arquivo Python Atual como Jupyter Notebook","jupyter.command.jupyter.exportfileandoutputasnotebook.title":"Exportar Arquivo e Saída Atuais do Python como Jupyter Notebook","jupyter.command.jupyter.undocells.title":"Desfazer Última Ação Interativa","jupyter.command.jupyter.redocells.title":"Refazer Última Ação Interativa","jupyter.command.jupyter.removeallcells.title":"Excluir Todas as Células Interativas","jupyter.command.jupyter.notebookeditor.removeallcells.title":"Excluir Todas as Células do Editor de Notebook","jupyter.command.jupyter.notebookeditor.addcellbelow.title":"Adicionar Célula Vazia ao Arquivo de Notebook","jupyter.command.jupyter.notebookeditor.keybind.undo.title":"Desfazer","jupyter.command.jupyter.notebookeditor.keybind.save.title":"Salvar","jupyter.command.jupyter.interruptkernel.title":"Interromper o Kernel","jupyter.command.jupyter.interruptkernel.shorttitle":"Interromper","DataScience.restartKernel":"Reiniciar o Kernel","jupyter.command.jupyter.restartkernel.title":"Reiniciar o Kernel","jupyter.command.jupyter.restartkernel.shorttitle":"Reiniciar","jupyter.command.jupyter.expandallcells.title":"Expandir Todas as Células Interativas","jupyter.command.jupyter.collapseallcells.title":"Recolher Todas as Células Interativas","jupyter.command.jupyter.expandallcells.shorttitle":"Expandir","jupyter.command.jupyter.collapseallcells.shorttitle":"Recolher","jupyter.command.jupyter.addcellbelow.title":"Adicionar Célula Vazia ao Arquivo","jupyter.command.jupyter.createnewnotebook.title":"Criar novo Jupyter Notebook","jupyter.command.jupyter.scrolltocell.title":"Rolar Célula para Exibição","jupyter.command.jupyter.selectJupyterInterpreter.title":"Selecionar Interpretador para Iniciar o Servidor Jupyter","jupyter.command.jupyter.enableDebugLogging.title":"Habilitar o Registro no Log de Depuração","jupyter.command.jupyter.resetLoggingLevel.title":"Redefinir Nível de Log","jupyter.command.jupyter.showDataViewer.title":"Exibir Valor no Visualizador de Dados","jupyter.command.jupyter.viewOutput.title":"Mostrar Saída","DataScience.viewJupyterLogForFurtherInfo":"Consulte o [log](command:jupyter.viewOutput) do Jupyter para obter mais detalhes.","jupyter.showJupyterLogs":"Mostrar Logs do Jupyter","jupyter.command.jupyter.clearSavedJupyterUris.title":"Limpar Lista de Servidores Remotos do Jupyter","jupyter.command.jupyter.openVariableView.title":"Abrir Exibição de Variáveis","jupyter.command.jupyter.openVariableView.shorttitle":"Variáveis","jupyter.command.jupyter.openOutlineView.title":"Mostrar Sumário (Exibição de Estrutura de Tópicos)","jupyter.command.jupyter.openOutlineView.shorttitle":"Estrutura de tópicos","DataScience.currentlySelectedJupyterInterpreterForPlaceholder":"atual: {0}","jupyter.command.jupyter.analysis.clearCache.title":"Limpar Cache de Análise de Módulo","jupyter.command.jupyter.analysis.restartLanguageServer.title":"Reiniciar o Servidor de Linguagem","jupyter.commandPalette.jupyter.replayPylanceLog.title":"Reproduzir Log de Pylance","jupyter.notebookRenderer.IPyWidget.displayName":"Renderizador Jupyter IPyWidget","jupyter.notebookRenderer.Error.displayName":"Renderizador de Erros do Jupyter","jupyter.debuggers.kernel":"Adaptador de Depuração do Kernel do Python","jupyter.debuggers.interactive":"Janela Interativa do Python","jupyter.configuration.jupyter.experiments.enabled.description":"Habilita/desabilita testes A/B.","jupyter.configuration.jupyter.showVariableViewWhenDebugging.description":"Abra a Exibição de Variável ao iniciar uma sessão Executar por Linha.","jupyter.configuration.jupyter.logging.level.description":"O nível de log no qual a extensão faz logon.","jupyter.configuration.jupyter.experiments.optInto.markdownDescription":"Lista de experimentos a serem aceitos. Se estiver vazio, o usuário será atribuído aos grupos de experimentos padrão. [Saiba mais](https://github.com/microsoft/vscode-jupyter/wiki/Experiments).","jupyter.configuration.jupyter.experiments.optOutFrom.markdownDescription":"Lista de experimentos para recusar. Se estiver vazio, o usuário será atribuído aos grupos de experimentos padrão. [Saiba mais](https://github.com/microsoft/vscode-jupyter/wiki/Experiments).","jupyter.configuration.jupyter.enableKeyboardShortcuts.deprecationMessage":"Essa configuração foi preterida, pois os atalhos de teclado do Jupyter foram movidos para a extensão ms-toolsai.jupyter-keymap. Se você quiser desabilitar os atalhos de teclado do Jupyter, desinstale ou desabilite essa extensão.","jupyter.configuration.jupyter.enableKeyboardShortcuts.description":"Habilita atalhos de teclado no estilo Jupyter para Notebooks.","jupyter.configuration.jupyter.allowImportFromNotebook.deprecationMessage":"Essa configuração foi preterida e será removida na próxima versão.","jupyter.configuration.jupyter.allowImportFromNotebook.description":"Permite que um usuário importe um jupyter notebook para um arquivo Python sempre que um for aberto.","jupyter.configuration.jupyter.widgetScriptSources.items.enumDescriptions.0":"Carrega scripts de widget (javascript) de https://www.jsdelivr.com/","jupyter.configuration.jupyter.widgetScriptSources.items.enumDescriptions.1":"Carrega scripts de widget (javascript) de https://unpkg.com/","jupyter.configuration.jupyter.widgetScriptSources.markdownDescription":"Define o local e a ordem das fontes em que os arquivos de script para Widgets são baixados (por exemplo, ipywscriptst, bqplot, beakerx, ipyleaflet etc.). Não selecionar nenhuma dessas opções pode resultar em widgets que não estão sendo renderizados ou funcionam corretamente. Consulte [aqui](https://aka.ms/PVSCIPyWidgets) para obter mais informações. Depois de atualizado, você precisará reiniciar o Kernel.","jupyter.configuration.jupyter.askForLargeDataFrames.description":"Avisar o usuário antes de tentar abrir quadros de dados muito grandes.","jupyter.configuration.jupyter.askForKernelRestart.description":"Avisar o usuário antes de reiniciar um kernel.","jupyter.configuration.jupyter.exportWithOutputEnabled.description":"Habilite a exportação de um arquivo python para um jupyter notebook e execute todas as células ao fazer isso.","jupyter.configuration.jupyter.jupyterLaunchTimeout.description":"Quantidade de tempo (em ms) para aguardar a inicialização Jupyter Notebook servidor.","jupyter.configuration.jupyter.jupyterLaunchRetries.description":"Número de vezes para tentar se conectar ao Jupyter Notebook","jupyter.configuration.jupyter.jupyterCommandLineArguments.description":"Quando um Editor do Notebook ou um servidor Jupyter de Janela Interativa for iniciado, esses argumentos serão passados para ele. Por padrão, essa lista é gerada pela Extensão do Jupyter.","jupyter.configuration.jupyter.notebookFileRoot.description":"Defina o diretório raiz para a execução de blocos de anotações e a Janela interativa.","jupyter.configuration.jupyter.searchForJupyter.deprecationMessage":"Essa configuração foi preterida e será removida na próxima versão.","jupyter.configuration.jupyter.searchForJupyter.description":"Pesquise todos os interpretadores do Python instalados para uma instalação do Jupyter ao iniciar o Janela interativa","jupyter.configuration.jupyter.useDefaultConfigForJupyter.description":"Ao executar o Jupyter localmente, crie uma configuração do Jupyter vazia padrão para a Janela interativa","jupyter.configuration.jupyter.jupyterInterruptTimeout.description":"Quantidade de tempo (em ms) para aguardar uma interrupção antes de solicitar a reinicialização do kernel do Jupyter.","jupyter.configuration.jupyter.allowInput.deprecationMessage":"Essa configuração foi preterida e será removida na próxima versão.","jupyter.configuration.jupyter.allowInput.description":"Permitir a entrada do código Python diretamente no Janela interativa","jupyter.configuration.jupyter.showCellInputCode.deprecationMessage":"Essa configuração foi preterida e será removida na próxima versão.","jupyter.configuration.jupyter.showCellInputCode.description":"Mostrar código de entrada da célula.","jupyter.configuration.jupyter.collapseCellInputCodeByDefault.description":"Recolha o código de entrada da célula por padrão.","jupyter.configuration.jupyter.collapseCellInputCodeByDefault.markdownDeprecationMessage":"Essa configuração foi preterida. Use `#interactiveWindow.collapseCellInputCode#`.","jupyter.configuration.jupyter.maxOutputSize.deprecationMessage":"Essa configuração foi preterida e será removida na próxima versão.","jupyter.configuration.jupyter.maxOutputSize.description":"Tamanho máximo (em pixels) da saída de texto no Editor do Notebook antes que uma barra de rolagem seja exibida. Primeiro, habilite a rolagem para saídas de célula nas configurações.","jupyter.configuration.jupyter.alwaysScrollOnNewCell.description":"Role automaticamente a janela interativa para mostrar a saída da última instrução executada. Se for false, a janela interativa só rolará automaticamente se a parte inferior da célula anterior estiver visível.","jupyter.configuration.jupyter.alwaysScrollOnNewCell.deprecationMessage":"Essa configuração é obsoleta. Use a configuração 'interactiveWindow.alwaysScrollOnNewCell'.","jupyter.configuration.jupyter.enableScrollingForCellOutputs.deprecationMessage":"Essa configuração foi preterida e será removida na próxima versão.","jupyter.configuration.jupyter.enableScrollingForCellOutputs.description":"Habilita a rolagem para saídas de célula grandes no Editor do Notebook. Essa configuração não se aplica à Janela Interativa.","jupyter.configuration.jupyter.sendSelectionToInteractiveWindow.description":"Ao pressionar Shift+Enter, envie o código selecionado em um arquivo Python para a janela interativa do Jupyter em vez do terminal do Python.","jupyter.configuration.jupyter.variableExplorerExclude.description":"Tipos a serem excluídos da exibição no Gerenciador de variáveis interativas","jupyter.configuration.jupyter.codeRegularExpression.description":"Expressão regular usada para identificar células de código. Todo o código até a próxima correspondência é considerado parte desta célula.","jupyter.configuration.jupyter.defaultCellMarker.description":"Marcador de célula usado para delinear uma célula em um arquivo python.","jupyter.configuration.jupyter.markdownRegularExpression.description":"Expressão regular usada para identificar células markdown. Todos os comentários após essa expressão são considerados parte do markdown.","jupyter.configuration.jupyter.allowLiveShare.deprecationMessage":"Essa configuração foi preterida porque Live Share suporte para a janela interativa não existe mais na Extensão do Jupyter.","jupyter.configuration.jupyter.allowLiveShare.description":"Permitir que o Janela interativa seja compartilhado durante uma sessão Live Share sessão","jupyter.configuration.jupyter.ignoreVscodeTheme.deprecationMessage":"Essa configuração foi preterida e será removida na próxima versão.","jupyter.configuration.jupyter.ignoreVscodeTheme.description":"Não use o tema VS Code no Janela interativa (requer recarregamento de VS Code). Isso força o Janela interativa usar 'Light +(default light)' e desabilita os padrões matplotlib.","jupyter.configuration.jupyter.themeMatplotlibPlots.description":"No tema do Editor da Janela interativa e do Notebook, matplotlib emite para corresponder ao tema do editor do VS Code.","jupyter.configuration.jupyter.liveShareConnectionTimeout.deprecationMessage":"Essa configuração foi preterida e será removida na próxima versão.","jupyter.configuration.jupyter.liveShareConnectionTimeout.description":"Tempo de espera para que as conexões de convidado verifiquem se a Extensão do Python está instalada.","jupyter.configuration.jupyter.decorateCells.description":"Desenhe um realce atrás da célula ativa no momento.","jupyter.configuration.jupyter.enableCellCodeLens.description":"Habilita a lente de código para 'células' em um arquivo Python.","jupyter.configuration.jupyter.enableAutoMoveToNextCell.description":"Permite mover para a próxima célula ao clicar em uma lente de código 'Executar Célula'.","jupyter.configuration.jupyter.allowUnauthorizedRemoteConnection.description":"Permitir a conexão do Janela interativa a um servidor Jupyter https que não tenha certificados válidos. Isso pode ser um risco à segurança, portanto, use somente para servidores conhecidos e confiáveis.","jupyter.configuration.jupyter.generateSVGPlots.description":"Gerar saída SVG para gráficos de notebook. Isso permite uma melhor exibição no visualizador de gráficos às custas da velocidade de geração e do tamanho do arquivo.","jupyter.configuration.jupyter.codeLenses.description":"Conjunto de comandos a serem colocados como lentes de código acima de uma célula.","jupyter.configuration.jupyter.debugCodeLenses.description":"Conjunto de comandos de depuração a serem colocados como lentes de código acima de uma célula durante a depuração.","jupyter.configuration.jupyter.debugpyDistPath.description":"Caminho para bits de depuração para depuração de células.","jupyter.configuration.jupyter.stopOnFirstLineWhileDebugging.description":"Ao depurar uma célula, pare na primeira linha.","jupyter.configuration.jupyter.remoteDebuggerPort.description":"Ao depurar uma célula, abra essa porta na caixa remota. Se -1 for especificado, será tentada uma porta aleatória entre 8889 e 9000.","jupyter.configuration.jupyter.disableJupyterAutoStart.description":"Quando verdadeiro, desabilita o Jupyter de ser iniciado automaticamente para você. Em vez disso, você deve executar uma célula para iniciar o Jupyter.","jupyter.configuration.jupyter.textOutputLimit.deprecationMessage":"Essa configuração foi preterida em favor de `notebook.output.textLineLimit`. Essa configuração será removida em uma versão futura.","jupyter.configuration.jupyter.textOutputLimit.description":"Limite a quantidade de texto na saída de texto da célula Interativa a esse valor. 0 para permitir qualquer quantidade de caracteres.","jupyter.configuration.jupyter.colorizeInputBox.deprecationMessage":"Essa configuração foi preterida e será removida em uma versão futura.","jupyter.configuration.jupyter.colorizeInputBox.description":"Se a cor de espiada do tema deve ou não ser usada como plano de fundo para a caixa de entrada.","jupyter.configuration.jupyter.stopOnError.description":"Pare de executar células se uma célula gerar uma exceção.","jupyter.configuration.jupyter.addGotoCodeLenses.description":"Depois de executar uma célula, adicione uma lente de código 'Goto' na célula. Observe que desabilitar todas as lentes de código desabilita essa lente de código também.","jupyter.configuration.jupyter.variableQueries.markdownDescription":"Linguagem para mapeamento de consulta para retornar a lista de variáveis ativas em um kernel do Jupyter. Usado pelo Gerenciador de Variáveis na Janela Interativa e Notebooks. Exemplo:\r\n```\r\n[\r\n  {\r\n    \"language\": \"python\",\r\n    \"query\": \"%who_ls\",\r\n    \"parseExpr\": \"'(\\\\w+)'\"\r\n  }\r\n]\r\n```","jupyter.configuration.jupyter.kernels.filter.items.markdownDescription":"Caminho totalmente qualificado para a especificação do kernel ou o ambiente do Python. \r\nPor exemplo, `~/miniconda3/envs/sample/bin/python`.","jupyter.configuration.jupyter.kernels.filter.markdownDescription":"Lista de kernels do Jupyter e/ou ambientes Python que devem ser excluídos do seletor de kernel.","jupyter.configuration.jupyter.interactiveWindowMode.description":"Comportamento da Janela Interativa. 'perFile' criará uma nova janela interativa para cada arquivo que executa uma célula. 'single' permite uma única janela. 'multiple' permite a criação de vários.","jupyter.configuration.jupyter.pythonCellFolding.description":"Habilite as regiões de dobragem para as células de código em arquivos Python. Essa configuração requer um recarregamento VS Code.","jupyter.configuration.jupyter.interactiveWindowViewColumn.description":"Onde abrir uma Janela Interativa que não está associada a um arquivo python. 'beside' abrirá a janela interativa à direita do editor ativo. 'active' abrirá a janela interativa no lugar do editor ativo. 'secondGroup' abrirá a janela interativa no segundo grupo de editores.","jupyter.configuration.jupyter.magicCommandsAsComments.description":"Remover comentários de atribuições de shell (#!), mágica de linha (#!%) e mágica de célula (#!%%) ao analisar células de código.","jupyter.configuration.jupyter.pythonExportMethod.description":"O método a ser usado ao exportar um notebook para um arquivo Python. 'direct' copiará o código diretamente como está. 'commentMagics' comentará linhas começando com mágicas de linha (%), mágicas de célula (%%) e comandos de shell (!). 'nbconvert' instalará o recurso e o usará para a conversão, que pode converter a sintaxe iPython na sintaxe do Python.","jupyter.configuration.jupyter.runStartupCommands.description":"Uma série de instruções do Python ou comandos mágicos do iPython. Pode ser uma matriz de cadeias de caracteres ou uma única cadeia de caracteres com comandos separados por '\\n'. Os comandos serão executados silenciosamente sempre que a janela interativa for carregada. Por exemplo, defina isso como '%load_ext autoreload\\n%autoreload 2' para recarregar automaticamente as alterações feitas em arquivos importados sem precisar reiniciar a sessão interativa.","jupyter.configuration.jupyter.debugJustMyCode.description":"Durante a depuração, percorrer apenas o código escrito pelo usuário. Desabilite isso para permitir a entrada no código da biblioteca.","jupyter.configuration.jupyter.showOutlineButtonInNotebookToolbar.description":"Mostrar o botão Estrutura de Tópicos na barra de ferramentas do Jupyter Notebook.","jupyter.configuration.jupyter.newCellOnRunLast.description":"Acrescente uma nova célula vazia a um arquivo de janela interativa ao executar a última célula no momento.","jupyter.configuration.jupyter.pythonCompletionTriggerCharacters.description":"Caracteres que disparam o preenchimento automático em um kernel jupyter do Python.","jupyter.configuration.jupyter.logKernelOutputSeparately.description":"Cria painéis de saída separados para saída do console do servidor de kernels/jupyter","jupyter.configuration.jupyter.excludeUserSitePackages.description":"Adicione PYTHONNOUSERSITE aos kernels antes de iniciar. Isso impede que pacotes de site globais/de usuário sejam usados no PYTHONPATH do kernel.","jupyter.configuration.jupyter.enableExtendedKernelCompletions.markdownDescription":"Habilita o suporte a Jedi para preenchimentos estendidos do IntelliSense na execução de kernels Jupyter (consulte esta [configuração](https://ipython.readthedocs.io/en/stable/config/options/terminal.html?highlight=use_jedi#configtrait-Completer.use_jedi)). Isso pode afetar muito o desempenho da execução da célula do notebook. Use com cuidado.","Pylance.proposePylanceMessage":"Experimente um novo servidor de linguagem mais rápido e rico em recursos para Python da Microsoft, Pylance! Instale a extensão agora.","Pylance.tryItNow":"Experimentar agora","Pylance.remindMeLater":"Lembrar mais tarde","Pylance.installPylanceMessage":"A extensão Pylance não está instalada. Clique em Sim para abrir a página de instalação do Pylance.","Pylance.pylanceNotInstalledMessage":"A extensão do Pylance não está instalada.","Pylance.pylanceInstalledReloadPromptMessage":"A extensão do Pylance agora está instalada. Recarregar a janela para ativar?","DataScience.unknownMimeTypeFormat":"O tipo Mime {0} não tem suporte no momento.","DataScience.historyTitle":"Interativo","DataScience.dataExplorerTitle":"Visualizador de dados","DataScience.badWebPanelFormatString":"<html><body><h1>{0} não é um nome de arquivo válido</h1></body></html>","DataScience.sessionDisposed":"Não é possível executar o código, a sessão foi descartada.","DataScience.rawKernelProcessNotStarted":"O processo de kernel bruto não pôde ser iniciado.","DataScience.rawKernelProcessExitBeforeConnect":"O processo de kernel bruto foi encerrado antes da conexão.","DataScience.passwordFailure":"Falha ao se conectar ao servidor protegido por senha. Verifique se a senha está correta.","DataScience.exportDialogTitle":"Exportar para o Jupyter Notebook","DataScience.exportDialogFilter":"Jupyter Notebooks","DataScience.exportDialogComplete":"Notebook gravado em {0}","DataScience.exportDialogFailed":"Falha ao exportar o notebbok. {0}","DataScience.exportOpenQuestion1":"Abrir no editor","DataScience.notebookExport":"Exportar","DataScience.exportAsNotebook.shorttitle":"Salvar","DataScience.exportAs":"Exportar como","DataScience.notebookExportAs":"Exportar como","DataScience.notebookExportAs.shorttitle":"Exportar","DataScience.exportAsQuickPickPlaceholder":"Exportar como...","DataScience.exportPythonQuickPickLabel":"Script do Python","DataScience.collapseInputTooltip":"Recolher bloco de entrada","DataScience.collapseVariableExplorerTooltip":"Ocultar as variáveis ativas no kernel do Jupyter","DataScience.collapseVariableExplorerLabel":"Variáveis","DataScience.expandVariableExplorerTooltip":"Mostrar as variáveis ativas no kernel do Jupyter","DataScience.close":"Fechar","DataScience.interactiveCopyCell":"Copiar célula","DataScience.runInDedicatedExtensionHost":"Executar no Host de Extensão Dedicado","DataScience.variableLoadingValue":"Carregando...","DataScience.importDialogTitle":"Importar Jupyter Notebook","DataScience.importDialogFilter":"Jupyter Notebooks","DataScience.notebookCheckForImportYes":"Importar","DataScience.reloadRequired":"Recarregue a janela para que as novas configurações entrem em vigor.","DataScience.notebookCheckForImportNo":"Mais tarde","DataScience.notebookCheckForImportDontAskAgain":"Não Perguntar Novamente","DataScience.notebookCheckForImportTitle":"Deseja importar o Jupyter Notebook para o código Python?","DataScience.jupyterNotSupported":"Não é possível iniciar o Jupyter. Erro ao tentar localizar o Jupyter: {0}","DataScience.jupyterNotSupportedBecauseOfEnvironment":"Falha ao ativar {0} para executar o Jupyter com {1}.","DataScience.jupyterNbConvertNotSupported":"A importação de notebooks requer que o Jupyter seja instalado.","DataScience.removeRemoteJupyterConnectionButtonText":"Esquecer conexão","DataScience.changeRemoteJupyterConnectionButtonText":"Gerenciar conexões","DataScience.jupyterLaunchNoURL":"Falha ao localizar a URL do servidor Jupyter Notebook iniciado","DataScience.jupyterLaunchTimedOut":"O servidor Jupyter Notebook falhou ao iniciar a tempo","DataScience.jupyterSelfCertFail":"O certificado de segurança usado pelo servidor {0} não foi emitido por uma autoridade de certificação confiável.\r\nIsso pode indicar uma tentativa de roubar suas informações.\r\nDeseja habilitar a configuração Permitir Conexão Remota Não Autorizada para este espaço de trabalho para permitir que você se conecte?","DataScience.jupyterExpiredCertFail":"O certificado de segurança usado pelo servidor {0} expirou.\r\nIsso pode indicar uma tentativa de roubar suas informações.\r\nDeseja habilitar configuração Permitir Conexão Remota Não Autorizada para este espaço de trabalho para permitir que você se conecte?","DataScience.jupyterSelfCertFailErrorMessageOnly":"O certificado de segurança usado pelo servidor não foi emitido por uma autoridade de certificação confiável.\r\nIsso pode indicar uma tentativa de roubar suas informações.","DataScience.jupyterSelfCertExpiredErrorMessageOnly":"O certificado de segurança usado pelo servidor expirou.\r\nIsso pode indicar uma tentativa de roubar suas informações.","DataScience.jupyterSelfCertEnable":"Sim, conectar mesmo assim","DataScience.jupyterSelfCertClose":"Não, fechar a conexão","DataScience.jupyterServerCrashed":"O servidor Jupyter falhou. Não é possível conectar. \r\nCódigo de erro do Jupyter: {0}","DataScience.rawConnectionDisplayName":"Conexão de kernel direta","DataScience.rawConnectionBrokenError":"Conexão de kernel direta interrompida","DataScience.pythonInteractiveHelpLink":"Obter mais ajuda","DataScience.markdownHelpInstallingMissingDependencies":"Consulte [https://aka.ms/pyaiinstall](https://aka.ms/pyaiinstall) para obter ajuda sobre como instalar o Jupyter e as dependências relacionadas.","DataScience.importingFormat":"Importando {0}","DataScience.startingJupyter":"Iniciando o servidor Jupyter","DataScience.connectingToJupyter":"Conectando-se ao servidor Jupyter","DataScience.connectingToKernel":"Conectando-se ao kernel: {0}","DataScience.connectedToKernel":"Conectado.","DataScience.connected":"Conectado","DataScience.disconnected":"Desconectado","Experiments.inGroup":"O usuário pertence ao grupo de experimentos \"{0}\"","Logging.CurrentWorkingDirectory":"cwd:","Logging.WarnUserAboutDebugLoggingSetting":"Você habilitou o log de depuração para a extensão Jupyter, que continuará a gravar logs no disco. Deseja desativar o log de depuração?","Logging.YesTurnOffDebugLogging":"Sim, desativar o log de depuração","Logging.NoResponse":"Não","Logging.NoAndDontAskAgain":"Não, e não perguntar novamente","GitHubIssue.Failure":"Encontramos um erro ao enviar o GitHub Issue. Você ainda gostaria de relatar um problema?","GitHubIssue.copyToClipboardAndOpenIssue":"Sim, copiar conteúdo para a área de transferência e abrir o problema","GitHubIssue.pleaseFillThisOut":"Preencha esta seção e exclua este comentário antes de enviar um problema.","GitHubIssue.missingFields":"Forneça detalhes do problema encontrado antes de clicar em Enviar GitHub Issue.","GitHubIssue.askForIssueTitle":"Forneça um título descritivo resumindo seu problema.","GitHubIssue.titlePlaceholder":"Por exemplo: não é possível iniciar uma sessão de kernel local","DataScience.allowExtensionToUseJupyterKernelApi":"Deseja dar acesso à extensão '{0}' aos Kernels Jupyter? Clicar em '{1}' permitiria que essa extensão executasse código nos Jupyter Kernels.","DataScience.thanksForUsingJupyterKernelApiPleaseRegisterWithUs":"Obrigado por experimentar a API do Jupyter. Registre um problema em nosso repositório para usar essa API em produção. Isso nos impediria de interromper sua extensão ao atualizar a API (pois ainda é um trabalho em andamento).","Common.bannerLabelYes":"Sim","Common.bannerLabelNo":"Não","Common.doNotShowAgain":"Não mostrar novamente","Common.reload":"Recarregar","Common.moreInfo":"Mais informações","Common.and":"e","Common.download":"Baixar","Common.ok":"Ok","Common.install":"Instalar","Common.learnMore":"Saiba mais","Common.refresh":"Atualizar","Common.refreshing":"Atualizando...","Common.reportThisIssue":"Relatar esse problema","CommonSurvey.remindMeLaterLabel":"Lembrar mais tarde","CommonSurvey.yesLabel":"Sim, participar da pesquisa agora","CommonSurvey.noLabel":"Não, obrigado.","Common.clickHereForMoreInfoWithHtml":"Clique <a href=\"{0}\">aqui</a> para obter mais informações.","OutputChannelNames.languageServer":"Servidor de Linguagem Python","OutputChannelNames.python":"Python","OutputChannelNames.pythonTest":"Log de Teste do Python","OutputChannelNames.jupyter":"Jupyter","ExtensionSurveyBanner.bannerMessage":"Você pode levar 2 minutos para nos dizer como a extensão Jupyter está funcionando para você?","ExtensionSurveyBanner.bannerLabelYes":"Sim, participar da pesquisa agora","ExtensionSurveyBanner.bannerLabelNo":"Não, obrigado.","ExtensionSurveyBanner.maybeLater":"Talvez mais tarde","DataScience.restartKernelMessage":"Deseja reiniciar o kernel do Jupyter atual? Todas as variáveis serão perdidas.","DataScience.restartKernelMessageYes":"Sim","DataScience.restartingKernelFailed":"Falha na reinicialização do Kernel. O servidor Jupyter está suspenso. Recarregue o VS Code.","DataScience.interruptingKernelFailed":"Falha na interrupção do Kernel. O servidor Jupyter está suspenso. Recarregue o VS Code.","DataScienceSurveyBanner.bannerMessage":"Você poderia reservar dois minutos para nos dizer como os recursos de Ciência de Dados estão funcionando para você?","DataScienceSurveyBanner.bannerLabelYes":"Sim, participar da pesquisa agora","DataScienceSurveyBanner.bannerLabelNo":"Não, obrigado.","InteractiveShiftEnterBanner.bannerMessage":"Deseja executar o código na janela “Interativa” (um console IPython) para “shift-enter”? Selecione “Não” para continuar a executar o código no Terminal do Python. Isso pode ser alterado posteriormente nas configurações.","DataScience.automaticallyReconnectingToAKernelProgressMessage":"Reconectando-se ao kernel {0}","DataScience.restartingKernelStatus":"Iniciando Kernel {0}","DataScience.executingCode":"Executando célula","DataScience.collapseAll":"Recolher todas as entradas de célula","DataScience.expandAll":"Expandir todas as entradas de célula","DataScience.export":"Exportar como Jupyter Notebook","DataScience.restartServer":"Reiniciar o kernel do Jupyter","DataScience.undo":"Desfazer","DataScience.redo":"Refazer","DataScience.clearAll":"Remover todas as células","DataScience.restartedKernelHeader":"Restarted '{0}' kernel","DataScience.restartingKernelCustomHeader":"_Reiniciando {0}..._","DataScience.restartingKernelHeader":"_Reiniciando o kernel..._","DataScience.startedNewKernelHeader":"O kernel “{0}” foi iniciado","DataScience.connectKernelHeader":"Conectado ao kernel \"{0}\"","DataScience.executingCodeFailure":"Falha ao executar código: {0}","DataScience.inputWatermark":"Digite o código aqui e pressione shift+enter para executar","DataScience.gotoCodeButtonTooltip":"Ir para o código","DataScience.copyBackToSourceButtonTooltip":"Colar código no arquivo","DataScience.copyToClipboardButtonTooltip":"Copiar origem para a área de transferência","DataScience.plotOpen":"Expandir imagem","DataScience.libraryNotInstalled":"A Biblioteca de Ciência de Dados {0} não está instalada. Deseja instalar?","DataScience.libraryNotInstalledCorrectlyOrOutdated":"A biblioteca de Data Science {0} não está instalada corretamente ou está desatualizada. Reinstalar?","DataScience.libraryRequiredToLaunchJupyterNotInstalled":"A execução de células exige o pacote {0}.","DataScience.librariesRequiredToLaunchJupyterNotInstalled":"A execução de células exige o pacote {0}.","DataScience.libraryRequiredToLaunchJupyterNotInstalledInterpreter":"A execução de células com \"{0}\" requer o pacote {1}.","DataScience.librariesRequiredToLaunchJupyterNotInstalledInterpreter":"A execução de células com \"{0}\" requer o pacote {1}.","DataScience.jupyterInstall":"Instalar","DataScience.jupyterSelectURIPrompt":"Insira o URI do servidor Jupyter em execução","DataScience.jupyterSelectURIInvalidURI":"URI inválido especificado","DataScience.jupyterSelectUserAndPasswordTitle":"Insira seu nome de usuário e senha para se conectar ao Hub do Jupyter","DataScience.jupyterSelectUserPrompt":"Insira seu nome de usuário","DataScience.jupyterSelectPasswordPrompt":"Insira sua senha","DataScience.jupyterRenameServer":"Alterar o nome de exibição do servidor (deixe em branco para usar o URI)","DataScience.removeRemoteJupyterServerEntryInQuickPick":"Remover","DataScience.jupyterNotebookFailure":"Falha ao iniciar o Jupyter Notebook. \r\n{0}","DataScience.remoteJupyterServerProvidedBy3rdPartyExtensionNoLongerValid":"O Servidor Jupyter remoto contribuído pela extensão \"{0}\" não está mais disponível.","DataScience.remoteJupyterConnectionFailedWithServer":"Falha ao se conectar ao Servidor Jupyter remoto \"{0}\". Verifique se o servidor está em execução e acessível.","DataScience.remoteJupyterConnectionFailedWithServerWithError":"Falha ao se conectar ao servidor Jupyter remoto \"{0}\". Verifique se o servidor está em execução e acessível. ({1}).","DataScience.remoteJupyterConnectionFailedWithoutServerWithError":"Falha de conexão. Verifique se o servidor está em execução e acessível. ({0}).","DataScience.remoteJupyterConnectionFailedWithoutServerWithErrorWeb":"Falha na conexão. Verifique se o servidor está em execução e acessível a partir de um navegador. ({0}). Ao conectar-se a partir do vscode.dev, os servidores Jupyter devem ser iniciados com opções específicas para se conectar. Veja [aqui](https://aka.ms/vscjremoteweb) para mais informações.","DataScience.remoteJupyterConnectionFailedWebExtension":"Ao conectar-se a partir do vscode.dev, os servidores Jupyter devem ser iniciados com opções específicas para se conectar. Veja [aqui](https://aka.ms/vscjremoteweb) para mais informações.","DataScience.jupyterNotebookRemoteConnectFailedWeb":"Falha ao conectar-se ao servidor Jupyter remoto.\r\nVerifique se o URI do Servidor Jupyter pode ser acessado em um navegador.\r\n{0}. Clique [aqui](https://aka.ms/vscjremoteweb) para obter mais informações.","DataScience.jupyterNotebookRemoteConnectSelfCertsFailed":"Falha ao se conectar ao Jupyter Notebook.\r\nO servidor especificado está usando certificados autoassinados. Habilite a configuração Permitir Conexão Remota Não Autorizada para se conectar mesmo assim\r\n{0}\r\n{1}","DataScience.changeJupyterRemoteConnection":"Alterar a conexão do servidor Jupyter.","DataScience.notebookVersionFormat":"Versão do Jupyter Notebook: {0}","DataScience.jupyterKernelSpecNotFound":"Não é possível criar uma especificação de kernel do Jupyter e nenhuma está disponível para uso","DataScience.jupyterKernelSpecModuleNotFound":"O módulo \"Kernelspec\" não está instalado no interpretador selecionado ({0}).\r\n Reinstale ou atualize o \"jupyter\".","DataScience.jupyterGetVariablesBadResults":"Falha ao buscar informações de variável do servidor Jupyter.","DataScience.liveShareConnectFailure":"Não é possível conectar-se à sessão do Jupyter do host. URI não encontrado.","DataScience.liveShareCannotSpawnNotebooks":"Não há suporte para a geração de Jupyter Notebooks em uma conexão de compartilhamento ao vivo","DataScience.liveShareCannotImportNotebooks":"Atualmente, não há suporte para a importação de notebook em uma conexão de compartilhamento ao vivo","DataScience.liveShareHostFormat":"{0} Servidor Jupyter","DataScience.liveShareSyncFailure":"Falha de sincronização durante a inicialização do compartilhamento ao vivo.","DataScience.liveShareServiceFailure":"Falha ao iniciar o serviço \"{0}\" durante a conexão de compartilhamento ao vivo.","DataScience.documentMismatch":"Não é possível executar células, documentos duplicados para {0} encontrados.","DataScience.pythonInteractiveCreateFailed":"Falha ao criar uma janela 'Interativa'. Tente reinstalar a extensão Jupyter.","DataScience.interruptKernel":"Interromper o kernel do Jupyter","DataScience.clearAllOutput":"Limpar todas as saídas","DataScience.exportingFormat":"Exportando {0}","DataScience.exportCancel":"Cancelar","Common.canceled":"Cancelado","Common.cancel":"Cancelar","Common.yesPlease":"Sim, por favor","DataScience.interruptKernelStatus":"Interrompendo o Kernel do Jupyter","DataScience.restartKernelAfterInterruptMessage":"A interrupção do kernel atingiu o tempo limite. Em vez disso, deseja reiniciar o kernel? Todas as variáveis serão perdidas.","DataScience.pythonInterruptFailedHeader":"A interrupção do teclado falhou no kernel. Kernel reiniciado.","DataScience.sysInfoURILabel":"URI do Servidor Jupyter: ","DataScience.jupyterStartTimedout":"A inicialização do Jupyter atingiu o tempo limite. Verifique o painel de saída do “Jupyter” para obter mais detalhes.","DataScience.startingJupyterLogMessage":"Iniciando o Jupyter de {0} com a linha de comando {1}","DataScience.jupyterCommandLineDefaultLabel":"Padrão (recomendado)","DataScience.jupyterCommandLineDefaultDetail":"A extensão Jupyter determinará a linha de comando apropriada para o Jupyter","DataScience.jupyterCommandLineCustomLabel":"Personalizar","DataScience.jupyterCommandLineCustomDetail":"Personalizar a linha de comando passada para o Jupyter na inicialização","DataScience.jupyterCommandLineReloadQuestion":"Recarregue a janela ao alterar a linha de comando do Jupyter.","DataScience.jupyterCommandLineReloadAnswer":"Recarregar","DataScience.jupyterCommandLineQuickPickPlaceholder":"Escolha uma opção","DataScience.jupyterCommandLineQuickPickTitle":"Escolher linha de comando para o Jupyter","DataScience.jupyterCommandLinePrompt":"Insira sua linha de comando personalizada para o Jupyter","Common.loadingExtension":"Carregando extensão Jupyter...","Common.openOutputPanel":"Mostrar saída","DataScience.variableExplorerNameColumn":"Nome","DataScience.variableExplorerTypeColumn":"Modelo","DataScience.variableExplorerCountColumn":"Tamanho","DataScience.variableExplorerValueColumn":"Valor","DataScience.showDataExplorerTooltip":"Mostrar instantâneo da variável no visualizador de dados","DataScience.dataExplorerInvalidVariableFormat":"\"{0}\" não é uma variável ativa.","DataScience.jupyterGetVariablesExecutionError":"Falha durante a extração de variáveis: \r\n{0}","DataScience.loadingMessage":"carregando...","DataScience.fetchingDataViewer":"Buscando dados...","DataScience.noRowsInDataViewer":"Nenhuma linha corresponde ao filtro atual","DataScience.jupyterServer":"Servidor Jupyter","DataScience.noKernel":"Nenhum Kernel","DataScience.serverNotStarted":"Não iniciado","DataScience.localJupyterServer":"local","DataScience.pandasTooOldForViewingFormat":"O pacote Python 'pandas' é a versão {0}. A versão {1} ou superior é necessária para exibir dados.","DataScience.pandasRequiredForViewing":"O pacote Python 'pandas' versão {0} (ou superior) é necessário para exibir dados.","DataScience.failedToGetVersionOfPandas":"Falha ao obter a versão do Pandas para usar o Visualizador de Dados.","DataScience.valuesColumn":"valores","DataScience.liveShareInvalid":"Um ou mais convidados na sessão não têm a [extension](https://marketplace.visualstudio.com/itemdetails?itemName=ms-toolsai.jupyter) do Jupyter instalada.\r\nA sessão Live Share não pode continuar e será fechada.","Common.noIWillDoItLater":"Não, farei isso mais tarde","Common.notNow":"Agora não","Common.gotIt":"Entendido!","DataScience.noRowsInVariableExplorer":"Nenhuma variável definida","DataScience.loadingRowsInVariableExplorer":"Carregando variáveis","DataScience.tooManyColumnsMessage":"Variáveis com mais de 1000 colunas podem levar muito tempo para serem exibidas. Tem certeza de que deseja continuar?","DataScience.tooManyColumnsYes":"Sim","DataScience.tooManyColumnsNo":"Não","DataScience.tooManyColumnsDontAskAgain":"Não Perguntar Novamente","DataScience.filterRowsTooltip":"Permite filtrar várias linhas. Use os símbolos =, > ou < para filtrar valores numéricos.","DataScience.previewHeader":"--- Iniciar visualização do {0} ---","DataScience.previewFooter":"--- Encerrar visualização do {0} ---","DataScience.previewStatusMessage":"Gerando visualização do {0}","DataScience.plotViewerTitle":"Plotagem","DataScience.exportPlotTitle":"Salvar imagem de plotagem","DataScience.pdfFilter":"PDF","DataScience.pngFilter":"PNG","DataScience.svgFilter":"SVG","DataScience.previousPlot":"Anterior","DataScience.nextPlot":"Avançar","DataScience.panPlot":"Panorâmica","DataScience.zoomInPlot":"Ampliar","DataScience.zoomOutPlot":"Reduzir","DataScience.exportPlot":"Exportar para formatos diferentes","DataScience.deletePlot":"Remover","DataScience.collapseSingle":"Recolher","DataScience.expandSingle":"Expandir","DataScience.editSection":"Insira novas células aqui.","DataScience.restartKernelMessageDontAskAgain":"Sim, e Não Perguntar Novamente","DataScience.selectedImageListLabel":"Imagem selecionada","DataScience.imageListLabel":"Imagem","DataScience.exportImageFailed":"Erro ao exportar imagem: {0}","downloading.file":"Baixando {0}...","downloading.file.progress":"{0}{1} de {2} KB ({3}%)","DataScience.jupyterDataRateExceeded":"Não é possível exibir a variável porque a taxa de dados foi excedida. Reinicie o servidor com um limite de taxa de dados mais alto. Por exemplo: --NotebookApp.iopub_data_rate_limit=10000000000.0","DataScience.addCellBelowCommandTitle":"Adicionar célula","DataScience.debugCellCommandTitle":"Depurar Célula","DataScience.debugStepOverCommandTitle":"Pular método","DataScience.debugContinueCommandTitle":"Continuar","DataScience.debugStopCommandTitle":"Interromper","DataScience.runCurrentCellAndAddBelow":"Execute a célula atual e adicione uma célula vazia abaixo","DataScience.jupyterDebuggerNotInstalledError":"O módulo pip {0} é necessário para depurar células. Você precisará instalá-lo para depurar células.","DataScience.jupyterDebuggerOutputParseError":"Não é possível analisar a saída {0}. Registre um problema com https://github.com/microsoft/vscode-jupyter","DataScience.jupyterDebuggerPortNotAvailableError":"A porta {0} não pode ser aberta para depuração. Especifique uma porta diferente na configuração remoteDebuggerPort.","DataScience.jupyterDebuggerPortBlockedError":"A porta {0} não pode ser conectada para depuração. Permita que a porta {0} passe pelo firewall.","DataScience.jupyterDebuggerPortNotAvailableSearchError":"Não foi possível encontrar as portas no intervalo {0}-{1} para depuração. Especifique uma porta na configuração remoteDebuggerPort.","DataScience.jupyterDebuggerPortBlockedSearchError":"Não é possível conectar uma porta para depuração. Permita que as portas {0}-{1} passem pelo firewall.","DataScience.jupyterDebuggerInstallNew":"O módulo pip {0} é necessário para depurar células. Instalar {0} e continuar a depurar a célula?","DataScience.jupyterDebuggerInstallNewRunByLine":"O módulo pip {0} é necessário para execução por linha. Instalar {0} e continuar a executar por linha?","DataScience.jupyterDebuggerInstallUpdate":"A versão do {0} instalada não dá suporte à depuração de células. Atualizar {0} para a versão mais recente e continuar a depurar a célula?","DataScience.jupyterDebuggerInstallUpdateRunByLine":"A versão do {0} instalada não dá suporte à execução por linha. Atualizar {0} para a versão mais recente e continuar a ser executado por linha?","DataScience.jupyterDebuggerInstallYes":"Sim","DataScience.jupyterDebuggerInstallNo":"Não","DataScience.cellStopOnErrorMessage":"A célula foi cancelada devido a um erro em uma célula anterior.","DataScience.instructionComments":"# Para adicionar uma nova célula, digite \"{0}\"\r\n# Para adicionar uma nova célula markdown, digite \"{0} [markdown]\"\r\n","DataScience.scrollToCellTitleFormatMessage":"Ir para [{0}]","DataScience.save":"Salvar o notebook","DataScience.nativeEditorTitle":"Editor do Notebook","DataScience.untitledNotebookFileName":"Sem título","DataScience.dirtyNotebookMessage1":"Deseja salvar as alterações feitas em {0}?","DataScience.dirtyNotebookMessage2":"Suas alterações serão perdidas se você não as salvar.","DataScience.dirtyNotebookYes":"Salvar","DataScience.dirtyNotebookNo":"Não salvar","DataScience.dirtyNotebookCancel":"Cancelar","DataScience.dirtyNotebookDialogTitle":"Salvar","DataScience.dirtyNotebookDialogFilter":"Jupyter Notebooks","DataScience.exportAsPythonFileTooltip":"Converter e salvar em um script Python","DataScience.exportAsPythonFileTitle":"Salvar como Arquivo Python","DataScience.exportButtonTitle":"Exportar","DataScience.runCell":"Executar célula","DataScience.deleteCell":"Excluir célula","DataScience.moveCellUp":"Mover a célula para cima","DataScience.moveCellDown":"Mover a célula para baixo","DataScience.moveSelectedCellUp":"Mover a célula selecionada para cima","DataScience.insertBelow":"Inserir a célula abaixo","DataScience.insertAbove":"Inserir a célula acima","DataScience.addCell":"Adicionar célula","DataScience.runAll":"Executar todas as células","DataScience.toggleCellOutput":"Ativar/Desativar Saída de Célula","DataScience.convertingToPythonFile":"Convertendo ipynb em arquivo Python","DataScience.untitledNotebookMessage":"Suas alterações serão perdidas se você não as salvar.","DataScience.untitledNotebookYes":"Salvar","DataScience.untitledNotebookNo":"Cancelar","DataScience.noInterpreter":"Nenhum Python selecionado","DataScience.notebookNotFound":"python -m jupyter notebook --version não está em execução","DataScience.savePngTitle":"Salvar imagem","DataScience.jupyterSelectURIQuickPickTitle":"Insira o URI do servidor Jupyter em execução","DataScience.jupyterSelectURIQuickPickTitleOld":"Escolha como se conectar ao Jupyter","DataScience.jupyterSelectURIQuickPickPlaceholder":"Escolha uma opção","DataScience.jupyterSelectURIQuickPickCurrent":"Atual: {0}","DataScience.jupyterSelectURINoneLabel":"Nenhum","DataScience.jupyterSelectURINoneDetail":"Não se conectar a nenhum servidor Jupyter remoto","DataScience.jupyterSelectURINewLabel":"Existente","DataScience.jupyterSelectURINewDetail":"Especificar o URI de um servidor existente","DataScience.jupyterSelectURIMRUDetail":"Última conexão: {0}","DataScience.jupyterSelectURIRunningDetailFormat":"Última conexão {0}. {1} conexões existentes.","DataScience.jupyterSelectURINotRunningDetail":"Não é possível conectar no momento. Status desconhecido.","DataScience.fallbackToUseActiveInterpreterAsKernel":"Não foi possível encontrar o kernel \"{0}\" com o qual o notebook foi criado. Usando o interpretador atual.","DataScience.fallBackToRegisterAndUseActiveInterpreterAsKernel":"Não foi possível encontrar o kernel \"{0}\" com o qual o notebook foi criado. Registrando um novo kernel usando o interpretador atual.","DataScience.fallBackToPromptToUseActiveInterpreterOrSelectAKernel":"Não foi possível encontrar o kernel \"{0}\" com o qual o notebook foi criado.","DataScience.selectKernel":"Alterar Kernel","DataScience.selectDifferentKernel":"Selecionar um Kernel diferente","DataScience.selectDifferentJupyterInterpreter":"Alterar interpretador","DataScience.selectJupyterInterpreter":"Selecione um interpretador para iniciar o Jupyter","DataScience.switchingKernelProgress":"Alternando o kernel para \"{0}\"","DataScience.sessionStartFailedWithKernel":"Falha ao iniciar o Kernel \"{0}\". \r\nConsulte o [log](command:jupyter.viewOutput) do Jupyter para obter mais detalhes.","DataScience.failedToStartKernel":"Falha ao iniciar o Kernel.","DataScience.failedToRestartKernel":"Falha ao reiniciar o Kernel.","DataScience.failedToInterruptKernel":"Falha ao interromper o Kernel.","DataScience.failedToStartAnUntrustedKernelSpec":"O kernel '{0}' não foi iniciado, pois está localizado em um local inseguro '{1}'.  \r\nClique [aqui](https://aka.ms/JupyterTrustedKernelPaths) para obter mais detalhes, opcionalmente atualize a configuração [jupyter.kernels.trusted](comando: workbench.action.openSettings? [\"jupyter.kernels.trusted\"]) para confiar no kernel.","jupyter.configuration.jupyter.kernels.trusted.markdownDescription":"Insira caminhos completos para arquivos de especificação do Kernel que devem ser confiáveis. Por exemplo. 'C:\\Program Data\\Jupyter\\kernels\\python3\\kernel.json'.  \r\n**Nota**: Kernels podem executar código com privilégios de usuário. Clique [aqui](https://aka.ms/JupyterTrustedKernelPaths) para mais detalhes.","DataScience.kernelDied":"O kernel foi encerrado. Exiba o [log](command:jupyter.viewOutput) do Jupyter para obter mais detalhes. \r\nErro: {0}...","DataScience.kernelDiedWithoutError":"O kernel \"{0}\" foi encerrado. Clique [aqui](https://aka.ms/vscodeJupyterKernelCrash) para obter mais informações. Consulte o [log](command:jupyter.viewOutput) do Jupyter para obter mais detalhes.","DataScience.kernelDiedWithoutErrorAndAutoRestarting":"O kernel \"{0}\" foi encerrado e está sendo reiniciado automaticamente pelo Jupyter. Clique [aqui](https://aka.ms/vscodeJupyterKernelCrash) para obter mais informações. Consulte o [log](command:jupyter.viewOutput) do Jupyter para obter mais detalhes.","DataScience.kernelDisconnected":"Não foi possível conectar ao kernel '{0}', verifique a conexão do Jupyter Server. Veja Jupyter [log](command:jupyter.viewOutput) para mais detalhes.","DataScience.kernelCrashedDueToCodeInCurrentOrPreviousCell":"O Kernel falhou ao executar o código na célula atual ou em uma célula anterior. Examine o código nas células para identificar uma possível causa da falha. Clique <a href=\"https://aka.ms/vscodeJupyterKernelCrash\">aqui</a> para obter mais informações. Consulte o [log](command:jupyter.viewOutput) do Jupyter para obter mais detalhes.","DataScience.fileSeemsToBeInterferingWithKernelStartup":"O arquivo \"{0}\" parece estar substituindo módulos internos e interferindo na inicialização do kernel. Considere renomear o arquivo e iniciar o kernel novamente.","DataScience.DataScience.moduleSeemsToBeInterferingWithKernelStartup":"O módulo '{0}' parece estar substituindo módulos embutidos e interferindo na inicialização do kernel. Considere renomear a pasta e iniciar o kernel novamente.","DataScience.failedToStartKernelDueToMissingModule":"Falha ao iniciar o kernel devido ao módulo ausente \"{0}\". Considere instalar este módulo.","DataScience.failedToStartKernelDueToImportFailure":"O kernel não pôde ser iniciado porque o módulo \"{0}\" não pôde ser importado.","DataScience.failedToStartKernelDueToImportFromFileFailure":"O kernel não pôde ser iniciado porque \"{0}\" não pôde ser importado de \"{1}\".","DataScience.failedToStartKernelDueToUnknownDllLoadFailure":"Falha ao iniciar o kernel, pois não foi possível carregar uma dll.","DataScience.failedToStartKernelDueToDllLoadFailure":"O kernel não pôde ser iniciado porque a dll \"{0}\" não pôde ser carregada.","DataScience.failedToStartKernelDueToWin32APIFailure":"Falha ao iniciar o kernel devido a um erro com o módulo Win32api. Considere (re)instalar este módulo.","DataScience.failedToStartKernelDueToPyZmqFailure":"Falha ao iniciar o kernel devido a um erro com o módulo \"pyzmq\". Considere reinstalar este módulo.","DataScience.failedToStartKernelDueToOldIPython":"Falha ao iniciar o kernel devido a uma versão desatualizada do IPython. Considere atualizar este módulo para a versão mais recente.","DataScience.failedToStartKernelDueToOldIPyKernel":"Falha ao iniciar o kernel devido a uma versão desatualizada do IPyKernel. Considere atualizar este módulo para a versão mais recente.","DataScience.failedToStartJupyter":"Falha ao iniciar o Jupyter no ambiente \"{0}\". \r\nConsulte o [log](command:jupyter.viewOutput) do Jupyter para obter mais detalhes.","DataScience.failedToStartJupyterWithErrorInfo":"Falha ao iniciar o Jupyter no ambiente \"{0}\". \r\n{1} \r\nConsulte o [log](command:jupyter.viewOutput) do Jupyter para obter mais detalhes.","DataScience.failedToStartJupyterDueToOutdatedTraitlets":"Falha ao iniciar o Jupyter no ambiente \"{0}\" possivelmente devido a uma versão desatualizada de \"traitlets\". \r\n{1} \r\nConsidere atualizar o módulo \"traitlets\" para \"5.1.1\" ou posterior. \r\nConsulte o [log](command:jupyter.viewOutput) do Jupyter para obter mais detalhes.","DataScience.installPackageInstructions":"Execute o seguinte comando para instalar \"{0}\" no ambiente do Python. \r\nComando: \"{1}\"","DataScience.cannotRunCellKernelIsDead":"Não é possível executar células, pois o kernel \"{0}\" está inativo.","DataScience.waitingForJupyterSessionToBeIdle":"Aguardando que a sessão do Jupyter esteja ociosa","DataScience.gettingListOfKernelsForLocalConnection":"Buscando Kernels","DataScience.gettingListOfKernelsForRemoteConnection":"Buscando Kernels","DataScience.gettingListOfKernelSpecs":"Buscando especificações de Kernel","DataScience.startingJupyterNotebook":"Iniciando o Jupyter Notebook","DataScience.registeringKernel":"Registrando o Kernel","DataScience.trimmedOutput":"A saída foi cortada por motivos de desempenho.\r\nPara ver a saída completa, defina a configuração \"jupyter.textOutputLimit\" como 0.","DataScience.connectingToJupyterUri":"Conectando-se ao servidor Jupyter em {0}","DataScience.createdNewNotebook":"{0}: criando um novo notebook ","DataScience.createdNewKernel":"{0}: Kernel iniciado: {1}","DataScience.kernelInvalid":"O Kernel {0} não é utilizável. Verifique a guia de saída do Jupyter para obter mais informações.","DataScience.nativeDependencyFail":"Não é possível iniciar um servidor Jupyter porque não há suporte para o sistema operacional. Selecione um servidor já em execução se desejar continuar. {0}","DataScience.selectNewServer":"Escolher Servidor em Execução","DataScience.jupyterSelectURIRemoteLabel":"Existente","DataScience.jupyterSelectURIQuickPickTitleRemoteOnly":"Escolher um servidor Jupyter já em execução","DataScience.jupyterSelectURIRemoteDetail":"Especificar o URI de um servidor existente","DataScience.latestExtension":"Baixar a versão mais recente da Extensão do Jupyter","DataScience.loadClassFailedWithNoInternet":"Erro ao carregar {0}:{1}. Conexão com a Internet necessária para carregar widgets de terceiros.","DataScience.useCDNForWidgets":"Os widgets exigem que baixemos arquivos de suporte de um site de terceiros. Clique [aqui](https://aka.ms/PVSCIPyWidgets) para obter mais informações.","DataScience.useCDNForWidgetsNoInformation":"Os widgets exigem que baixemos os arquivos de suporte de um site de terceiros.","DataScience.enableCDNForWidgetsSettingHtml":"Os widgets exigem que baixemos arquivos de suporte de um site de terceiros. Clique <a href=\"https://command:jupyter.enableLoadingWidgetScriptsFromThirdPartySource\">aqui</a> para habilitar isso ou clique<a href=\"https://aka.ms/PVSCIPyWidgets\">aqui</a> para obter mais informações. (Erro ao carregar {0}:{1}).","DataScience.enableCDNForWidgetsSetting":"Os widgets exigem que baixemos arquivos de suporte de um site de terceiros. (Erro ao carregar {0}:{1}).","DataScience.enableCDNForWidgetsButton":"Habilitar downloads","DataScience.widgetScriptNotFoundOnCDNWidgetMightNotWork":"Não é possível localizar o widget \"{0}\" versão \"{1}\" de fontes de widget configuradas {2}. O comportamento esperado pode ser afetado. Clique [aqui](https://aka.ms/PVSCIPyWidgets) para obter mais informações.","DataScience.cdnWidgetScriptNotAccessibleWarningMessage":"Não foi possível fazer o download do widget '{0}' a partir do site de 3.º {1}, devido ao acesso à rede. O comportamento esperado pode ser afetado. Clique [aqui](https://aka.ms/PVSCIPyWidgets) para obter mais informações.","DataScience.unhandledMessage":"Mensagem de kernel sem tratamento de um widget: {0}: {1}","DataScience.qgridWidgetScriptVersionCompatibilityWarning":"Não é possível carregar uma versão compatível do widget \"qgrid\". Considere fazer downgrade para a versão 1.1.1.","DataScience.kernelStarting":"_Conectando ao kernel..._","DataScience.kernelStartingCustom":"_Conectando a {0}..._","DataScience.libraryRequiredToLaunchJupyterKernelNotInstalledInterpreter":"A execução de células com \"{0}\" requer o pacote {1}.","DataScience.libraryRequiredToLaunchJupyterKernelNotInstalledInterpreterAndRequiresUpdate":"A execução de células com \"{0}\" requer o pacote {1} instalado ou requer uma atualização.","DataScience.runByLine":"Executar por linha (F10)","DataScience.stopRunByLine":"Parar","DataScience.couldNotInstallLibrary":"Não foi possível instalar o pacote {0}. Se o pip não estiver disponível, use o gerenciador de pacotes de sua escolha para instalar manualmente essa biblioteca no seu ambiente Python.","DataScience.rawKernelSessionFailed":"Não é possível iniciar a sessão do kernel {0}. Selecione outro kernel para inicializar.","DataScience.rawKernelStartFailedDueToTimeout":"Não é possível iniciar o Kernel \"{0}\" devido ao tempo limite da conexão. \r\nConsulte o [log](command:jupyter.viewOutput) do Jupyter para obter mais detalhes.","DataScience.rawKernelConnectingSession":"Conectando-se ao kernel {0}","DataScience.reloadCustomEditor":"Recarregue o VS Code para usar a API do editor personalizado","DataScience.reloadVSCodeNotebookEditor":"Recarregar o VS Code para usar o Editor de Notebook","DataScience.step":"Executar próxima linha (F10)","DataScience.usingPreviewNotebookWithOtherNotebookWarning":"Não é recomendável abrir o mesmo arquivo no Editor de Notebook de Visualização e no Editor de Notebook estável. Isso pode resultar em perda de dados ou corrupção de notebooks.","DataScience.unknownServerUri":"O URI do servidor não pode ser usado. Você desinstalou uma extensão que forneceu uma conexão de servidor Jupyter?","DataScienceRendererExtension.installingExtension":"Instalando a extensão Renderizadores do Notebook...","DataScienceRendererExtension.installationCompleteMessage":"concluído.","DataScienceRendererExtension.startingDownloadOutputMessage":"Iniciando o download da extensão Renderizadores de Notebook.","DataScienceRendererExtension.downloadingMessage":"Baixando Extensão de Renderizadores de Notebook...","DataScienceRendererExtension.downloadCompletedOutputMessage":"Download da extensão Renderizadores de Notebook concluído.","DataScience.uriProviderDescriptionFormat":"{0} (Da extensão {1})","DataScience.unknownPackage":"desconhecido","DataScience.interactiveWindowTitle":"Interativo","DataScience.interactiveWindowTitleFormat":"Interativo - {0}","DataScience.interactiveWindowModeBannerTitle":"Deseja abrir uma nova Janela interativa para este arquivo? [Mais Informações](command:workbench.action.openSettings?%5B%22jupyter.interactiveWindowMode%22%5D).","DataScience.interactiveWindowModeBannerSwitchYes":"Sim","DataScience.interactiveWindowModeBannerSwitchAlways":"Sempre","DataScience.interactiveWindowModeBannerSwitchNo":"Não","DataScience.noKernelsSpecifyRemote":"Nenhum kernel disponível para execução de célula, [especifique um servidor Jupyter para conexões](command:jupyter.selectjupyteruri)","DataScience.ipykernelNotInstalled":"IPyKernel não instalado no interpretador {0}","DataScience.ipykernelNotInstalledBecauseCanceled":"IPyKernel não instalado no interpretador. Instalação cancelada.","DataScience.needIpykernel6":"Configuração do Ipykernel necessária para este recurso","DataScience.setup":"Configuração","DataScience.startingRunByLine":"Iniciando Execução por Linha","DataScience.illegalEditorConfig":"Os experimentos CustomEditor e NativeNotebook não podem ser ativados juntos","DataScience.pythonExtensionRequired":"A extensão Python é necessária para executar essa tarefa. Clique em Sim para abrir a página de instalação da extensão Python para Jupyter.","DataScience.pythonExtensionRequiredToRunNotebook":"Extensão do Python necessária para executar notebooks do Python.","DataScience.installingPythonExtension":"Instalando a extensão do Python e localizando kernels.","DataScience.pythonExtensionInstalled":"A extensão do Python agora está instalada. Alguns recursos podem não estar disponíveis até que uma sessão de notebook ou janela interativa seja reiniciada.","DataScience.showDataViewerFail":"Falha ao criar o Visualizador de Dados. Verifique a guia Jupyter na janela Saída para obter mais informações.","DataScience.notebookCreationPickerPlaceHolder":"Selecione uma opção para criar um bloco de anotações em branco","DataScience.refreshDataViewer":"Atualizar visualizador de dados","DataScience.refreshDataViewerCommandPalette":"Atualizar Visualizador de Dados","DataScience.sliceDropdownAxisLabel":"Axis","DataScience.sliceDropdownIndexLabel":"Índice","DataScience.sliceSubmitButton":"Aplicar","DataScience.sliceSummaryTitle":"DIVISÃO","DataScience.dataViewerShowFilters":"Exibir filtros","DataScience.dataViewerHideFilters":"Ocultar os filtros","DataScience.sliceData":"Fatiar Dados","DataScience.sliceIndexError":"Index {0} fora do intervalo do eixo {1} com elementos {2}","DataScience.sliceMismatchedAxesError":"Eixos {0} esperados; recebido {1} na expressão de fatia","DataScience.clearFilters":"Limpar todos os filtros","DataScience.defaultNotebookName":"padrão","DataScience.recommendExtensionForNotebook":"A extensão {0} é recomendada para notebooks direcionados ao idioma \"{1}\"","DataScience.interactiveClearAllCells":"Limpar tudo","DataScience.interactiveGoToCode":"Ir para o código","DataScience.kernelWasNotStarted":"O Kernel não foi iniciado. Uma sessão de Kernel é necessária para iniciar a depuração.","DataScience.noNotebookToDebug":"Nenhum documento ativo do notebook a ser depurado.","DataScience.cantStartDebugging":"Não é possível iniciar a depuração.","DataScience.customEditorBanner":"Este editor foi preterido e o removeremos após a versão 1.59 do VS Code.  [Saiba mais sobre nosso novo editor de notebook](https://aka.ms/vscodeNotebookEditorBanner).","DataScience.importingIpynb":"Importando arquivo de notebook.","DataScience.exportingToFormat":"Exportando para {0}.","DataScience.matplotlibWidgetInsteadOfOther":"“%matplotlib widget” ou “%matplotlib embutido” funciona melhor em notebooks do VS Code.","DataScience.matplotlibWidgetCodeActionTitle":"Mais informações","DataScience.cellAtFormat":"{0} Célula: {1}'","DataScience.jupyterServerConsoleOutputChannel":"Console do Servidor Jupyter","DataScience.kernelConsoleOutputChannel":"{0} Saída do Console do Kernel","Installer.noCondaOrPipInstaller":"Não há nenhum instalador Conda ou Pip disponível no ambiente selecionado.","Installer.noPipInstaller":"Não há nenhum instalador Pip disponível no ambiente selecionado.","Installer.searchForHelp":"Pesquisar ajuda","Installer.couldNotInstallLibrary":"Não foi possível instalar {0}. Se o pip não estiver disponível, use o gerenciador de pacotes de sua escolha para instalar manualmente essa biblioteca no seu ambiente Python.","Installer.dataScienceInstallPrompt":"A Biblioteca de Ciência de Dados {0} não está instalada. Deseja instalar?","Products.installingModule":"Instalando {0}","DataScience.webNotSupported":"Operação não suportada na versão web da extensão Jupyter.","DataScience.outputSizeExceedLimit":"A saída excede o <a href={0}>limite de tamanho</a>. Abra os dados de saída completos <a href={1}>em um editor de texto</a>","DataScience.installPythonTitle":"Instalar o Python","DataScience.installPythonExtensionViaKernelPickerTitle":"Instalar a Extensão Python","DataScience.pickDocumentKernelSourceTitle":"Selecione Outro Kernel do Jupyter...","DataScience.failedToInstallPythonExtension":"Falha ao instalar a Extensão Python.","DataScience.kernelPrefixForRemote":"(Remoto)","DataScience.pythonFileOverridesPythonPackage":"Este arquivo pode substituir um pacote Python existente e interferir na execução do kernel, considere renomeá-lo.","DataScience.alwaysIgnoreWarningsAboutOverridingPythonPackages":"Sempre ignore os avisos sobre a substituição de pacotes Python","DataScience.ignoreWarningAboutOverridingPythonPackage":"Ignorar aviso para '{0}'","DataScience.moreInfoAboutFileNamesOverridingPythonPackages":"Mais informações sobre como substituir pacotes Python","DataScience.reservedPythonFileNamesDiagnosticCollectionName":"Nomes de arquivos Python reservados","DataScience.filesPossiblyOverridingPythonModulesMayHavePreventedKernelFromStarting":"Alguns dos seguintes arquivos encontrados no diretório de trabalho podem ter impedido a inicialização do Kernel. Considere renomeá-los.","DataScience.listOfFilesWithLinksThatMightNeedToBeRenamed":"Arquivo(s): {0} pode precisar ser renomeado.","jupyter.configuration.jupyter.diagnostics.reservedPythonNames.enabled.markdownDescription":"Se deve mostrar avisos sobre nomes de arquivos Python que podem potencialmente [substituir pacotes Python](https://aka.ms/JupyterKernelStartFailureOverrideReservedName).","jupyter.configuration.jupyter.diagnostics.reservedPythonNames.exclude.markdownDescription":"Configure [padrões glob](https://code.visualstudio.com/docs/editor/codebasics#_advanced-search-options) para excluir arquivos e pastas de serem avisados sobre [substituição de pacotes Python](https://aka.ms/JupyterKernelStartFailureOverrideReservedName).","DataScience.localKernelFinderDisplayName":"Kernels Locais","DataScience.localKernelSpecs":"Especificações do Kernel Local","DataScience.pickLocalKernelSpecTitle":"Selecionar uma especificação do Kernel Local","DataScience.localPythonEnvironments":"Ambientes Locais do Python","DataScience.pickLocalKernelPythonEnvTitle":"Selecionar um Ambiente Local do Python","DataScience.universalRemoteKernelFinderDisplayName":"Remoto - {0}","DataScience.remoteKernelFinderDisplayName":"Remoto Atual","DataScience.kernelPickerSelectSourceTitle":"Selecione Outro Kernel do Jupyter...","DataScience.kernelPickerSelectKernelTitle":"Selecione Kernel","DataScience.kernelPickerSelectLocalKernelSpecTitle":"Selecionar uma Especificação Local do Kernel","DataScience.kernelPickerSelectPythonEnvironmentTitle":"Selecionar um Ambiente Local do Python","DataScience.kernelPickerSelectKernelFromRemoteTitle":"Selecionar um Kernel de {0}","DataScience.UserJupyterServerUrlProviderDisplayName":"Servidor Jupyter existente","DataScience.UserJupyterServerUrlProviderDetail":"Conecte-se a um servidor Jupyter existente","DataScience.UserJupyterServerUrlAlreadyExistError":"Já existe um Servidor Jupyter com a mesma URL."}
