{"jupyter.command.jupyter.runallcells.title":"Alle cellen uitvoeren","jupyter.command.jupyter.runcurrentcell.title":"Huidige cel uitvoeren","jupyter.command.jupyter.runcurrentcelladvance.title":"Huidige cel uitvoeren en doorgaan","jupyter.command.jupyter.runcell.title":"Cel uitvoeren","jupyter.command.jupyter.selectjupyteruri.title":"Jupyter-server-URI specificeren","jupyter.command.jupyter.importnotebook.title":"Jupyter-notebook importeren","jupyter.command.jupyter.importnotebookonfile.title":"Jupyter-notebook importeren","jupyter.command.jupyter.exportoutputasnotebook.title":"Interactief Python-venster als Jupyter-notebook exporteren","jupyter.command.jupyter.exportfileasnotebook.title":"Huidige Python-bestand als Jupyter-notebook exporteren","jupyter.command.jupyter.exportfileandoutputasnotebook.title":"Huidige Python-bestand exporteren en outputten als Jupyter-notebook","jupyter.command.jupyter.undocells.title":"Laatste interactieve Python-actie ongedaan maken","jupyter.command.jupyter.redocells.title":"Laatste interactieve Python-actie opnieuw uitvoeren","jupyter.command.jupyter.removeallcells.title":"Alle interactieve Python-cellen verwijderen","jupyter.command.jupyter.interruptkernel.title":"IPython-kernel onderbreken","jupyter.command.jupyter.restartkernel.title":"IPython-kernel herstarten","jupyter.command.jupyter.expandallcells.title":"Alle interactieve Python-vensters openen","jupyter.command.jupyter.collapseallcells.title":"Alle interactieve Python-vensters sluiten","ExtensionSurveyBanner.bannerLabelYes":"Ja, neem nu deel aan het onderzoek","ExtensionSurveyBanner.bannerLabelNo":"Nee, bedankt","DataScience.unknownMimeTypeFormat":"Mime type {0} wordt momenteel niet ondersteund.","DataScience.historyTitle":"Interactieve Python","DataScience.badWebPanelFormatString":"<html><body><h1>{0} is geen geldige bestandsnaam</h1></body></html>","DataScience.sessionDisposed":"Kan code niet uitvoeren, de sessie is gesloten.","DataScience.exportDialogTitle":"Exporteren naar Jupyter-notebook","DataScience.exportDialogFilter":"Jupyter-notebooks","DataScience.exportDialogComplete":"Notebook geschreven naar {0}","DataScience.exportDialogFailed":"Niet gelukt om te exporteren naar Jupyter-notebook. {0}","DataScience.collapseInputTooltip":"Invoerblok sluiten","DataScience.importDialogTitle":"Jupyter-notebook importeren","DataScience.importDialogFilter":"Jupyter-notebooks","DataScience.notebookCheckForImportYes":"Importeer","DataScience.notebookCheckForImportNo":"Later","DataScience.notebookCheckForImportDontAskAgain":"Niet opnieuw vragen","DataScience.notebookCheckForImportTitle":"Wil je het Jupyter-notebook importeren als Python-code?","DataScience.jupyterNbConvertNotSupported":"Notebooks importeren vereist Jupyter-nbconvert geinstalleerd.","DataScience.jupyterLaunchTimedOut":"Het is niet gelukt de Jupyter-notebook-server op tijd te starten","DataScience.jupyterLaunchNoURL":"Het is niet gelukt de URL van de gestarte Jupyter-notebook-server te vinden","DataScience.pythonInteractiveHelpLink":"Krijg meer hulp","DataScience.importingFormat":"Aan het importeren {0}","DataScience.startingJupyter":"Jupyter-server starten","DataScience.connectingToJupyter":"Met Jupyter-server verbinden","DataScience.restartKernelMessage":"Wil je de IPython-kernel herstarten? Alle variabelen zullen verloren gaan.","DataScience.restartKernelMessageYes":"Herstarten","DataScience.restartKernelMessageNo":"Annuleren","DataScienceSurveyBanner.bannerMessage":"Zou je alsjeblieft 2 minuten kunnen nemen om ons te vertellen hoe de Python-data-science-functionaliteiten voor jou werkt?","DataScienceSurveyBanner.bannerLabelYes":"Ja, neem nu deel aan het onderzoek","DataScienceSurveyBanner.bannerLabelNo":"Nee, bedankt","DataScience.restartingKernelStatus":"IPython-Kernel herstarten {0}","DataScience.executingCode":"Cel aan het uitvoeren","DataScience.collapseAll":"Alle cel-invoeren sluiten","DataScience.expandAll":"Alle cel-invoeren openen","DataScience.export":"Als Jupyter-Notebook exporteren","DataScience.restartServer":"IPython-kernel herstarten","DataScience.undo":"Herhaal","DataScience.redo":"Opnieuw uitvoeren","DataScience.clearAll":"Alle cellen verwijderen","DataScience.pythonVersionHeader":"Python versie:","DataScience.pythonRestartHeader":"Kernel herstart:","DataScience.jupyterNotebookFailure":"Jupyter-notebook kon niet starten. \r\n{0}","DataScience.notebookVersionFormat":"Jupyter-notebook versie: {0}","DataScience.jupyterKernelSpecNotFound":"Kan geen Jupyter-kernel-spec aanmaken en er zijn er geen beschikbaar voor gebruik","DataScience.interruptKernel":"IPython-kernel onderbreken","DataScience.exportingFormat":"Aan het exporteren {0}","DataScience.exportCancel":"Annuleren","Common.canceled":"Geannuleerd","DataScience.importChangeDirectoryComment":"{0} De werkmap van de werkruimte root naar de ipynb-bestandslocatie veranderen. Schakel deze toevoeging uit met de instelling DataScience.changeDirOnImportExport","DataScience.exportChangeDirectoryComment":"# De map wijzigen naar de VSCode-werktuimte root zodat de relatieve pad-ladingen correct werken. Schakel deze toevoeging uit met de instelling DataScience.changeDirOnImportExport","DataScience.interruptKernelStatus":"IPython-kernel onderbreken","DataScience.restartKernelAfterInterruptMessage":"Het onderbreken van de kernel duurde te lang. Wil je de kernel in plaats daarvan herstarten? Alle variabelen zullen verloren gaan.","DataScience.pythonInterruptFailedHeader":"Toetsenbord-interrupt liet de kernel crashen. Kernel herstart.","DataScience.sysInfoURILabel":"Jupyter-server URI: "}
