{
	"products.installingModule": "Installation en cours de {0}",
	"capabilities.untrustedWorkspace.description": "L'exécution de cellules dans la fenêtre interactive et les blocs-notes n'est pas prise en charge dans les espaces de travail non approuvés.",
	"contributes.walkthroughs.jupyterWelcome.title": "Bien démarrer avec les notebooks Jupyter",
	"contributes.walkthroughs.jupyterWelcome.description": "Vos premiers pas pour configurer un projet Jupyter avec tous les outils et fonctionnalités puissants que l'extension Jupyter a à offrir !",
	"contributes.walkthroughs.jupyterWelcome.steps.ipynb.newUntitledIpynb.title": "Créer ou ouvrir un Jupyter Notebook",
	"contributes.walkthroughs.jupyterWelcome.steps.ipynb.newUntitledIpynb.description": "Faites un clic droit dans l'explorateur de fichiers et créez un nouveau fichier avec une extension .ipynb. Ou ouvrez la [Palette de commandes](command:workbench.action.showCommands) et exécutez la commande \r\n``Create: New Jupyter Notebook``.\r\n[Create New Jupyter Notebook](command:toSide:ipynb.newUntitledIpynb)\r\n Si vous avez un projet existant, vous pouvez également [ouvrir un dossier](command:toSide:workbench.action.files.openFolder) et/ou cloner un projet depuis GitHub : [cloner un dépôt Git](command:toSide:git.clone).",
	"contributes.walkthroughs.jupyterWelcome.steps.ipynb.newUntitledIpynb.media.altText": "Création d'un nouveau bloc-notes Jupyter",
	"contributes.walkthroughs.jupyterWelcome.steps.jupyter.selectKernel.title": "Sélectionnez un noyau Jupyter",
	"contributes.walkthroughs.jupyterWelcome.steps.jupyter.selectKernel.description": "Cliquez sur Sélectionner le noyau en haut à droite du bloc-notes et choisissez l'environnement dans lequel exécuter votre noyau. Ou, avec un bloc-notes ouvert et en surbrillance, ouvrez la [Palette de commandes] (command:workbench.action.showCommands) et exécutez la commande : \r\n``Notebook: Select Notebook Kernel``. \r\n[Ouvrir la palette de commandes pour sélectionner un noyau Jupyter] (command:workbench.action.showCommands)",
	"contributes.walkthroughs.jupyterWelcome.steps.jupyter.selectKernel.media.altText": "Sélection ou modification d'un noyau de bloc-notes",
	"contributes.walkthroughs.jupyterWelcome.steps.jupyter.exploreAndDebug.title": "Explorer les données et déboguer",
	"contributes.walkthroughs.jupyterWelcome.steps.jupyter.exploreAndDebug.description": "📅 Vous pouvez utiliser [Data Viewer](https://code.visualstudio.com/docs/datascience/data-science-tutorial#_prepare-the-data) pour afficher, trier et filtrer les lignes de données. Après avoir chargé vos données, cliquez sur \"Variables\" en haut à droite du notebook et cliquez sur l'icône Data Viewer à gauche du tableau de données. \r\n \r\n[En savoir plus sur Data Viewer](https://code.visualstudio.com/docs/datascience/data-science-tutorial#_prepare-the-data)\r\n \r\n📒 Déboguez votre bloc-notes à l'aide de [Exécuter par ligne](https://code.visualstudio.com/docs/datascience/jupyter-notebooks#_run-by-line) pour exécuter une cellule une ligne à la fois. Cliquez sur l'icône Exécuter par ligne dans votre cellule (bouton de lecture avec lignes) ou appuyez sur F10. \r\n \r\n[En savoir plus sur Run by Line](https://code.visualstudio.com/docs/datascience/jupyter-notebooks#_run-by-line)",
	"contributes.walkthroughs.jupyterWelcome.steps.jupyter.exploreAndDebug.media.altText": "Ouverture de la visionneuse de données",
	"contributes.walkthroughs.jupyterWelcome.steps.jupyter.dataScienceLearnMore.title": "En savoir plus !",
	"contributes.walkthroughs.jupyterWelcome.steps.jupyter.dataScienceLearnMore.description": "🎨 Explorer toutes les fonctionnalités que l'extension Jupyter a à offrir en recherchant \"Jupyter\" dans la [Palette de commandes] (command:workbench.action.showCommands). \r\n 📈 En savoir plus sur les premiers pas avec la science des données dans [Python](command:workbench.action.openWalkthrough?%7B%22category%22%3A%22ms-python.python%23pythonDataScienceWelcome%22%2C%22step%22%3A%22ms-python.python%23python.createNewNotebook%22%7D) en installant l'extension Python ([search Python extension](command:workbench.extensions.search?\"ms-python.python\")). \r\n 📃 Découvrez plus de fonctionnalités dans nos [Tutoriels](https://code.visualstudio.com/docs/datascience/jupyter-notebooks).  \r\n[Learn more](https://aka.ms/AAdar6q)",
	"contributes.walkthroughs.jupyterWelcome.steps.jupyter.dataScienceLearnMore.media.altText": "Image représentant notre page de documentation et nos ressources de liste de diffusion.",
	"jupyter.command.dataScience.clearCache.title": "Effacer le cache",
	"jupyter.command.jupyter.replayPylanceLog.title": "Rejouer le journal Pylance",
	"jupyter.command.jupyter.replayPylanceLogStep.title": "Journal de l'étape Pylance",
	"jupyter.command.jupyter.exportAsPythonScript.title": "Exporter en script Python",
	"jupyter.command.jupyter.exportToHTML.title": "Exporter au format HTML",
	"jupyter.command.jupyter.exportToPDF.title": "Exporter au format PDF",
	"jupyter.command.jupyter.debug.title": "Déboguer",
	"jupyter.command.jupyter.filterKernels.title": "Filtrer les noyaux",
	"jupyter.command.jupyter.runByLine.title": "Exécuter par ligne",
	"jupyter.command.jupyter.debugCell.title": "Cellule de débogage",
	"jupyter.command.jupyter.runByLineNext.title": "Exécuter la ligne suivante",
	"jupyter.command.jupyter.runByLineStop.title": "Continuer l’exécution",
	"DataScience.checkingIfImportIsSupported": "Vérification de la prise en charge de « l’importation »",
	"DataScience.validatingKernelDependencies": "Validation des dépendances du kernel",
	"DataScience.installingMissingDependencies": "Installer les dépendances manquantes",
	"DataScience.exportNotebookToPython": "Exportation du Notebook vers Python",
	"DataScience.performingExport": "Exécution de l’exportation",
	"DataScience.convertingToPDF": "Conversion au format PDF",
	"DataScience.exportHTMLQuickPickLabel": "HTML",
	"DataScience.exportPDFQuickPickLabel": "PDF",
	"DataScience.openExportedFileMessage": "Voulez-vous ouvrir le fichier exporté?",
	"DataScience.openExportFileYes": "Oui",
	"DataScience.openExportFileNo": "Non",
	"DataScience.failedExportMessage": "Échec de l'exportation",
	"DataScience.validationErrorMessageForRemoteUrlProtocolNeedsToBeHttpOrHttps": "Doit être http(s)",
	"DataScience.exportFailedGeneralMessage": "Pour plus d’informations, consultez le panneau « Jupyter » [output](command:jupyter.viewOutput).",
	"DataScience.exportToPDFDependencyMessage": "Si vous n’avez pas installé xelatex (TeX), vous devrez le faire avant de pouvoir exporter au format PDF. Pour obtenir des instructions supplémentaires, accédez à https://nbconvert.readthedocs.io/en/latest/install.html#installing-tex. \r\nPour éviter d’installer xelatex (TeX), vous pouvez essayer d’exporter au format HTML et d’utiliser la fonctionnalité « Imprimer au format PDF » de vos navigateurs.",
	"DataScience.insecureSessionMessage": "La connexion via HTTP sans jeton peut être une connexion non sécurisée. Voulez-vous vous connecter à un serveur potentiellement non sécurisé?",
	"DataScience.insecureSessionDenied": "Connexion au serveur non sécurisé refusée",
	"DataScience.pythonNotInstalled": "Python n’est pas installé. \r\nTéléchargez et installez Python pour exécuter des cellules dans ce notebook.",
	"DataScience.installKernel": "Jupyter Kernel '{0}' est introuvable et doit être installé pour exécuter des cellules dans ce bloc-notes.",
	"DataScience.customizeLayout": "Personnaliser la disposition",
	"DataScience.warnWhenSelectingKernelWithUnSupportedPythonVersion": "La version de Python associée au kernel sélectionné n’est plus prise en charge. Sélectionnez un autre kernel.",
	"DataScience.activatingPythonEnvironment": "Activation de l’environnement Python «{0}»",
	"jupyter.kernel.percentPipCondaInstallInsteadOfBang": "Utiliser « %{0} install » au lieu de « !{0} install »",
	"jupyter.kernel.pipCondaInstallHoverWarning": "« !{0} install » peut installer des packages dans un environnement incorrect. [Plus d’informations] ({1})",
	"jupyter.kernel.replacePipCondaInstallCodeAction": "Remplacer par « %{0} install »",
	"jupyter.kernel.filter.placeholder": "Choose the kernels that are available in the kernel picker.",
	"jupyter.kernel.category.jupyterSession": "(Distant) Session Jupyter",
	"jupyter.kernel.category.jupyterKernel": "Jupyter Kernel",
	"jupyter.kernel.category.jupyterRemoteKernel": "(Remote) Jupyter Kernel",
	"jupyter.kernel.category.conda": "Conda Env",
	"jupyter.kernel.category.poetry": "Env Poetry",
	"jupyter.kernel.category.pipenv": "Env Pipenv",
	"jupyter.kernel.category.pyenv": "Env PyEnv",
	"jupyter.kernel.category.global": "Env global",
	"jupyter.kernel.category.virtual": "Env virtuel",
	"jupyter.command.jupyter.viewLanguageServerOutput.title": "Afficher la sortie du serveur de langage",
	"jupyter.command.jupyter.selectAndRunTestMethod.title": "Exécuter la méthode de test...",
	"jupyter.command.jupyter.selectAndDebugTestMethod.title": "Déboguer la méthode de test ...",
	"jupyter.command.jupyter.selectAndRunTestFile.title": "Exécuter le fichier du test...",
	"jupyter.command.jupyter.runCurrentTestFile.title": "Exécuter le fichier de test actuel",
	"jupyter.command.jupyter.runFailedTests.title": "Exécuter les tests non réussis",
	"jupyter.command.jupyter.discoverTests.title": "Découvrir les tests",
	"jupyter.command.jupyter.discoveringTests.title": "Découverte...",
	"jupyter.command.jupyter.stopTests.title": "Arrêter",
	"jupyter.command.jupyter.configureTests.title": "Configurer les tests",
	"jupyter.command.jupyter.execSelectionInTerminal.title": "Exécuter la sélection/la ligne dans le terminal Python",
	"jupyter.command.jupyter.execSelectionInDjangoShell.title": "Exécuter la sélection/la ligne dans l’interpréteur de commandes Django",
	"jupyter.command.jupyter.goToPythonObject.title": "Accéder à l’objet Python",
	"jupyter.command.jupyter.setLinter.title": "Sélectionner Linter",
	"jupyter.command.jupyter.enableLinting.title": "Activer le linting",
	"jupyter.command.jupyter.runLinting.title": "Exécuter le linting",
	"jupyter.command.jupyter.runFileInteractive.title": "Exécuter le fichier actif dans la fenêtre interactive",
	"jupyter.command.jupyter.debugFileInteractive.title": "Déboguer le fichier actif dans la fenêtre interactive",
	"jupyter.command.jupyter.runallcells.title": "Exécuter toutes les cellules",
	"jupyter.command.jupyter.notebookeditor.expandallcells.title": "Développer toutes les cellules Notebook",
	"jupyter.command.jupyter.notebookeditor.collapseallcells.title": "Réduire toutes les cellules Notebook",
	"jupyter.command.jupyter.runallcellsabove.title": "Exécuter au-dessus",
	"jupyter.command.jupyter.runcellandallbelow.title": "Exécuter ci-dessous",
	"jupyter.command.jupyter.runallcellsabove.palette.title": "Exécuter les cellules au-dessus de la cellule active",
	"jupyter.command.jupyter.runcurrentcellandallbelow.palette.title": "Exécuter la cellule active et en dessous",
	"jupyter.command.jupyter.debugcurrentcell.palette.title": "Exécuter la cellule actuelle",
	"jupyter.command.jupyter.debugcell.title": "Cellule de débogage",
	"jupyter.command.jupyter.debugstepover.title": "Pas à pas principal",
	"jupyter.command.jupyter.debugcontinue.title": "Continuer",
	"jupyter.command.jupyter.debugstop.title": "Arrêter",
	"jupyter.command.jupyter.runtoline.title": "Exécuter vers une ligne dans une fenêtre interactive",
	"jupyter.command.jupyter.runfromline.title": "Exécuter à partir d’une ligne dans une fenêtre interactive",
	"jupyter.command.jupyter.runcurrentcell.title": "Exécuter la cellule actuelle",
	"jupyter.command.jupyter.runcurrentcelladvance.title": "Exécuter la cellule active et avancer",
	"jupyter.command.jupyter.execSelectionInteractive.title": "Exécuter la sélection/la ligne dans une fenêtre interactive",
	"jupyter.command.jupyter.runcell.title": "Exécuter la cellule",
	"jupyter.command.jupyter.insertCellBelowPosition.title": "Insérer une cellule en dessous du poste",
	"jupyter.command.jupyter.insertCellBelow.title": "Insérer une cellule en dessous",
	"jupyter.command.jupyter.insertCellAbove.title": "Insérer une cellule au-dessus",
	"jupyter.command.jupyter.deleteCells.title": "Voulez-vous supprimer les cellules sélectionnées?",
	"jupyter.command.jupyter.selectCell.title": "Sélectionner la cellule",
	"jupyter.command.jupyter.selectCellContents.title": "Sélectionner le contenu de la cellule",
	"jupyter.command.jupyter.extendSelectionByCellAbove.title": "Étendre la sélection par cellule au-dessus",
	"jupyter.command.jupyter.extendSelectionByCellBelow.title": "Étendre la sélection par cellule au-dessous",
	"jupyter.command.jupyter.moveCellsUp.title": "Déplacer les cellules sélectionnées vers le haut",
	"jupyter.command.jupyter.moveCellsDown.title": "Déplacer les cellules sélectionnées vers le bas",
	"jupyter.command.jupyter.changeCellToMarkdown.title": "Changer la cellule en Markdown",
	"jupyter.command.jupyter.changeCellToCode.title": "Changer la cellule en code",
	"jupyter.command.jupyter.gotoNextCellInFile.title": "Passer à la cellule suivante",
	"jupyter.command.jupyter.gotoPrevCellInFile.title": "Accéder à la cellule précédente",
	"jupyter.command.jupyter.showhistorypane.title": "Afficher une fenêtre interactive",
	"jupyter.command.jupyter.createnewinteractive.title": "Créer une fenêtre interactive",
	"jupyter.command.jupyter.selectjupyteruri.title": "Spécifier Jupyter Server pour les connexions",
	"DataScience.jupyterNativeNotebookUriStatusLabelForLocal": "Jupyter Server : local",
	"DataScience.jupyterNativeNotebookUriStatusLabelForRemote": "Jupyter Server : distant",
	"jupyter.command.jupyter.selectjupytercommandline.title": "Spécifier les arguments de ligne de commande Jupyter",
	"jupyter.command.jupyter.importnotebook.title": "Importer Jupyter Notebook",
	"jupyter.command.jupyter.importnotebookfile.title": "Convertir en script Python",
	"jupyter.command.jupyter.exportoutputasnotebook.title": "Exporter la fenêtre interactive en tant que Jupyter Notebook",
	"jupyter.command.jupyter.exportfileasnotebook.title": "Exporter le fichier Python actuel en tant que Jupyter Notebook",
	"jupyter.command.jupyter.exportfileandoutputasnotebook.title": "Exporter le fichier Python actuel et la sortie en tant que Jupyter Notebook",
	"jupyter.command.jupyter.undocells.title": "Annuler la dernière action interactive",
	"jupyter.command.jupyter.redocells.title": "Rétablir la dernière action interactive",
	"jupyter.command.jupyter.removeallcells.title": "Supprimer toutes les cellules interactives",
	"jupyter.command.jupyter.notebookeditor.removeallcells.title": "Supprimer toutes les cellules de l’éditeur Notebook",
	"jupyter.command.jupyter.notebookeditor.addcellbelow.title": "Ajouter une cellule vide au fichier Notebook",
	"jupyter.command.jupyter.notebookeditor.keybind.undo.title": "Annuler",
	"jupyter.command.jupyter.notebookeditor.keybind.save.title": "Enregistrer",
	"jupyter.command.jupyter.interruptkernel.title": "Interrompre le Kernel",
	"jupyter.command.jupyter.interruptkernel.shorttitle": "Interrompre",
	"DataScience.restartKernel": "Redémarrer le Kernel",
	"jupyter.command.jupyter.restartkernel.title": "Redémarrer le Kernel",
	"jupyter.command.jupyter.restartkernel.shorttitle": "Redémarrer",
	"jupyter.command.jupyter.expandallcells.title": "Élargir toutes les cellules interactives",
	"jupyter.command.jupyter.collapseallcells.title": "Réduire toutes les cellules interactives",
	"jupyter.command.jupyter.expandallcells.shorttitle": "Développer",
	"jupyter.command.jupyter.collapseallcells.shorttitle": "Réduire",
	"jupyter.command.jupyter.addcellbelow.title": "Ajouter une cellule vide au fichier",
	"jupyter.command.jupyter.createnewnotebook.title": "Créer un nouveau Jupyter Notebook",
	"jupyter.command.jupyter.scrolltocell.title": "Faire défiler la cellule dans l’affichage",
	"jupyter.command.jupyter.selectJupyterInterpreter.title": "Sélectionnez Interpreter pour lancer le serveur Jupyter.",
	"jupyter.command.jupyter.enableDebugLogging.title": "Activer la journalisation de débogage",
	"jupyter.command.jupyter.resetLoggingLevel.title": "Réinitialiser le niveau de journalisation",
	"jupyter.command.jupyter.showDataViewer.title": "Afficher la valeur dans la visionneuse de données",
	"jupyter.command.jupyter.viewOutput.title": "Afficher la sortie",
	"DataScience.viewJupyterLogForFurtherInfo": "Pour plus d’informations, consultez Jupyter [log](command:jupyter.viewOutput).",
	"jupyter.showJupyterLogs": "Afficher les journaux Jupyter",
	"jupyter.command.jupyter.clearSavedJupyterUris.title": "Effacer la liste des serveurs distants Jupyter",
	"jupyter.command.jupyter.openVariableView.title": "Ouvrir l’affichage des variables",
	"jupyter.command.jupyter.openVariableView.shorttitle": "Variables",
	"jupyter.command.jupyter.openOutlineView.title": "Afficher la table des matières (mode Plan)",
	"jupyter.command.jupyter.openOutlineView.shorttitle": "Structure",
	"DataScience.currentlySelectedJupyterInterpreterForPlaceholder": "actuel : {0}",
	"jupyter.command.jupyter.analysis.clearCache.title": "Effacer le cache d’analyse de module",
	"jupyter.command.jupyter.analysis.restartLanguageServer.title": "Redémarrer le serveur de langue",
	"jupyter.commandPalette.jupyter.replayPylanceLog.title": "Rejouer le journal Pylance",
	"jupyter.notebookRenderer.IPyWidget.displayName": "Moteur de rendu Jupyter IPyWidget",
	"jupyter.notebookRenderer.Error.displayName": "Moteur de rendu d'erreurs Jupyter",
	"jupyter.debuggers.kernel": "Adaptateur de débogage du noyau Python",
	"jupyter.debuggers.interactive": "Fenêtre interactive Python",
	"jupyter.configuration.jupyter.experiments.enabled.description": "Active/désactive les tests A/B.",
	"jupyter.configuration.jupyter.showVariableViewWhenDebugging.description": "Affichez la vue Variable lors du démarrage d'une session Exécuter par ligne.",
	"jupyter.configuration.jupyter.logging.level.description": "Le niveau de journalisation auquel l'extension se connecte.",
	"jupyter.configuration.jupyter.experiments.optInto.markdownDescription": "Liste des tests auxquels participer. Si vide, l'utilisateur se voit attribuer les groupes de tests par défaut. [En savoir plus](https://github.com/microsoft/vscode-jupyter/wiki/Experiments).",
	"jupyter.configuration.jupyter.experiments.optOutFrom.markdownDescription": "Liste des expériences à désactiver. Si vide, l'utilisateur se voit attribuer les groupes de tests par défaut. [En savoir plus](https://github.com/microsoft/vscode-jupyter/wiki/Experiments).",
	"jupyter.configuration.jupyter.enableKeyboardShortcuts.deprecationMessage": "Ce paramètre est devenu obsolète car les raccourcis clavier Jupyter ont été déplacés dans l'extension ms-toolsai.jupyter-keymap. Si vous souhaitez désactiver les raccourcis clavier Jupyter, veuillez plutôt désinstaller ou désactiver cette extension.",
	"jupyter.configuration.jupyter.enableKeyboardShortcuts.description": "Active les raccourcis clavier de style Jupyter pour les ordinateurs portables.",
	"jupyter.configuration.jupyter.allowImportFromNotebook.deprecationMessage": "Ce paramètre est obsolète et sera supprimé dans la prochaine version.",
	"jupyter.configuration.jupyter.allowImportFromNotebook.description": "Permet à un utilisateur d'importer un bloc-notes jupyter dans un fichier python à chaque fois qu'il est ouvert.",
	"jupyter.configuration.jupyter.widgetScriptSources.items.enumDescriptions.0": "Charge les scripts de widget (javascript) à partir de https://www.jsdelivr.com/",
	"jupyter.configuration.jupyter.widgetScriptSources.items.enumDescriptions.1": "Charge les scripts de widget (javascript) à partir de https://unpkg.com/",
	"jupyter.configuration.jupyter.widgetScriptSources.markdownDescription": "Définit l'emplacement et l'ordre des sources à partir desquelles les fichiers de scripts pour les widgets sont téléchargés (par exemple, ipywidgest, bqplot, beakerx, ipyleaflet, etc.). Si vous ne sélectionnez aucun de ces éléments, les widgets ne s'afficheront pas ou ne fonctionneront pas correctement. Voir [ici](https://aka.ms/PVSCIPyWidgets) pour plus d'informations. Une fois mis à jour, vous devrez redémarrer le noyau.",
	"jupyter.configuration.jupyter.askForLargeDataFrames.description": "Avertissez l'utilisateur avant d'essayer d'ouvrir des blocs de données très volumineux.",
	"jupyter.configuration.jupyter.askForKernelRestart.description": "Avertir l'utilisateur avant de redémarrer un noyau.",
	"jupyter.configuration.jupyter.exportWithOutputEnabled.description": "Activez l'exportation d'un fichier python dans un cahier jupyter et exécutez toutes les cellules lors de cette opération.",
	"jupyter.configuration.jupyter.jupyterLaunchTimeout.description": "Durée (en ms) d'attente pour le démarrage du serveur Jupyter Notebook.",
	"jupyter.configuration.jupyter.jupyterLaunchRetries.description": "Nombre de tentatives de connexion au Jupyter Notebook",
	"jupyter.configuration.jupyter.jupyterCommandLineArguments.description": "Lorsqu'un serveur Notebook Editor ou Interactive Window Jupyter est démarré, ces arguments lui sont transmis. Par défaut, cette liste est générée par l'extension Jupyter.",
	"jupyter.configuration.jupyter.notebookFileRoot.description": "Définissez le répertoire racine pour exécuter les blocs-notes et la Fenêtre interactive.",
	"jupyter.configuration.jupyter.searchForJupyter.deprecationMessage": "Ce paramètre est obsolète et sera supprimé dans la prochaine version.",
	"jupyter.configuration.jupyter.searchForJupyter.description": "Rechercher tous les interpréteurs Python installés pour une installation Jupyter lors du démarrage de la Fenêtre interactive",
	"jupyter.configuration.jupyter.useDefaultConfigForJupyter.description": "Lorsque vous exécutez Jupyter localement, créez une configuration Jupyter vide par défaut pour la Fenêtre interactive",
	"jupyter.configuration.jupyter.jupyterInterruptTimeout.description": "Durée (en ms) d'attente d'une interruption avant de demander de redémarrer le noyau Jupyter.",
	"jupyter.configuration.jupyter.allowInput.deprecationMessage": "Ce paramètre est obsolète et sera supprimé dans la prochaine version.",
	"jupyter.configuration.jupyter.allowInput.description": "Autoriser la saisie de code python directement dans la Fenêtre interactive",
	"jupyter.configuration.jupyter.showCellInputCode.deprecationMessage": "Ce paramètre est obsolète et sera supprimé dans la prochaine version.",
	"jupyter.configuration.jupyter.showCellInputCode.description": "Afficher le code d'entrée de la cellule.",
	"jupyter.configuration.jupyter.collapseCellInputCodeByDefault.description": "Réduire le code d'entrée de la cellule par défaut.",
	"jupyter.configuration.jupyter.collapseCellInputCodeByDefault.markdownDeprecationMessage": "Ce paramètre est obsolète, veuillez utiliser `#interactiveWindow.collapseCellInputCode#` à la place.",
	"jupyter.configuration.jupyter.maxOutputSize.deprecationMessage": "Ce paramètre est obsolète et sera supprimé dans la prochaine version.",
	"jupyter.configuration.jupyter.maxOutputSize.description": "Taille maximale (en pixels) de la sortie de texte dans l'éditeur Notebook avant l'apparition d'une barre de défilement. Activez d'abord le défilement des sorties de cellule dans les paramètres.",
	"jupyter.configuration.jupyter.alwaysScrollOnNewCell.description": "Faites défiler automatiquement la fenêtre interactive pour afficher la sortie de la dernière instruction exécutée. Si false, la fenêtre interactive ne défilera automatiquement que si le bas de la cellule précédente est visible.",
	"jupyter.configuration.jupyter.alwaysScrollOnNewCell.deprecationMessage": "Ce paramètre est obsolète. Utilisez plutôt le paramètre 'interactiveWindow.alwaysScrollOnNewCell'.",
	"jupyter.configuration.jupyter.enableScrollingForCellOutputs.deprecationMessage": "Ce paramètre est obsolète et sera supprimé dans la prochaine version.",
	"jupyter.configuration.jupyter.enableScrollingForCellOutputs.description": "Active le défilement pour les sorties de grandes cellules dans l'éditeur Notebook. Ce paramètre ne s'applique pas à la Fenêtre interactive.",
	"jupyter.configuration.jupyter.sendSelectionToInteractiveWindow.description": "Lorsque vous appuyez sur Maj + Entrée, envoyez le code sélectionné dans un fichier Python à la fenêtre interactive Jupyter, par opposition au terminal Python.",
	"jupyter.configuration.jupyter.variableExplorerExclude.description": "Types à exclure de l'affichage dans l'explorateur de variables interactif",
	"jupyter.configuration.jupyter.codeRegularExpression.description": "Expression régulière utilisée pour identifier les cellules de code. Tout le code jusqu'à la prochaine correspondance est considéré comme faisant partie de cette cellule.",
	"jupyter.configuration.jupyter.defaultCellMarker.description": "Marqueur de cellule utilisé pour délimiter une cellule dans un fichier python.",
	"jupyter.configuration.jupyter.markdownRegularExpression.description": "Expression régulière utilisée pour identifier les cellules de démarquage. Tous les commentaires après cette expression sont considérés comme faisant partie de la démarque.",
	"jupyter.configuration.jupyter.allowLiveShare.deprecationMessage": "Ce paramètre est obsolète car la prise en charge de Live Share pour la fenêtre interactive n'existe plus dans l'extension Jupyter.",
	"jupyter.configuration.jupyter.allowLiveShare.description": "Autoriser le partage de la Fenêtre interactive lors d'une session Live Share",
	"jupyter.configuration.jupyter.ignoreVscodeTheme.deprecationMessage": "Ce paramètre est obsolète et sera supprimé dans la prochaine version.",
	"jupyter.configuration.jupyter.ignoreVscodeTheme.description": "N'utilisez pas le thème VS Code dans la Fenêtre interactive (nécessite le rechargement de VS Code). Cela force la Fenêtre interactive à utiliser 'Light + (default light)' et désactive les valeurs par défaut de matplotlib.",
	"jupyter.configuration.jupyter.themeMatplotlibPlots.description": "Dans la Fenêtre interactive et le thème de l'éditeur Notebook, les sorties matplotlib correspondent au thème de l'éditeur de code VS.",
	"jupyter.configuration.jupyter.liveShareConnectionTimeout.deprecationMessage": "Ce paramètre est obsolète et sera supprimé dans la prochaine version.",
	"jupyter.configuration.jupyter.liveShareConnectionTimeout.description": "Temps d'attente des connexions invitées pour vérifier que l'extension Python est installée.",
	"jupyter.configuration.jupyter.decorateCells.description": "Dessinez une surbrillance derrière la cellule actuellement active.",
	"jupyter.configuration.jupyter.enableCellCodeLens.description": "Active l'objectif de code pour les 'cellules' dans un fichier python.",
	"jupyter.configuration.jupyter.enableAutoMoveToNextCell.description": "Permet de passer à la cellule suivante en cliquant sur une lentille de code 'Run Cell'.",
	"jupyter.configuration.jupyter.allowUnauthorizedRemoteConnection.description": "Autoriser la connexion de la Fenêtre interactive à un serveur https Jupyter qui n'a pas de certificats valides. Cela peut constituer un risque pour la sécurité, donc utilisez-le uniquement pour des serveurs connus et de confiance.",
	"jupyter.configuration.jupyter.generateSVGPlots.description": "Générez une sortie SVG pour les tracés de notebook. Cela permet un meilleur affichage dans la visionneuse de tracé au détriment de la vitesse de génération et de la taille du fichier.",
	"jupyter.configuration.jupyter.codeLenses.description": "Ensemble de commandes à placer comme lentille de code au-dessus d'une cellule.",
	"jupyter.configuration.jupyter.debugCodeLenses.description": "Ensemble de commandes de débogage à placer comme objectif de code au-dessus d'une cellule lors du débogage.",
	"jupyter.configuration.jupyter.debugpyDistPath.description": "Chemin vers les bits de débogage pour le débogage des cellules.",
	"jupyter.configuration.jupyter.stopOnFirstLineWhileDebugging.description": "Lors du débogage d'une cellule, arrêtez-vous sur la première ligne.",
	"jupyter.configuration.jupyter.remoteDebuggerPort.description": "Lors du débogage d'une cellule, ouvrez ce port sur le boîtier distant. Si -1 est spécifié, un port aléatoire entre 8889 et 9000 sera tenté.",
	"jupyter.configuration.jupyter.disableJupyterAutoStart.description": "Lorsqu'il est vrai, empêche Jupyter d'être démarré automatiquement pour vous. Vous devez à la place exécuter une cellule pour démarrer Jupyter.",
	"jupyter.configuration.jupyter.textOutputLimit.deprecationMessage": "Ce paramètre est obsolète au profit de `notebook.output.textLineLimit`. Ce paramètre sera supprimé dans une prochaine version.",
	"jupyter.configuration.jupyter.textOutputLimit.description": "Limitez la quantité de texte dans la sortie de texte de cellule interactive à cette valeur. 0 pour autoriser n'importe quel nombre de caractères.",
	"jupyter.configuration.jupyter.colorizeInputBox.deprecationMessage": "Ce paramètre est obsolète et sera supprimé dans une prochaine version.",
	"jupyter.configuration.jupyter.colorizeInputBox.description": "S'il faut ou non utiliser la couleur d'aperçu du thème comme arrière-plan pour la zone de saisie.",
	"jupyter.configuration.jupyter.stopOnError.description": "Arrêter l'exécution des cellules si une cellule lève une exception.",
	"jupyter.configuration.jupyter.addGotoCodeLenses.description": "Après avoir exécuté une cellule, ajoutez une lentille de code 'Goto' sur la cellule. Notez que la désactivation de toutes les lentilles de code désactive également cette lentille de code.",
	"jupyter.configuration.jupyter.variableQueries.markdownDescription": "Langage de mappage de requête pour renvoyer la liste des variables actives dans un noyau Jupyter. Utilisé par l'explorateur de variables dans la fenêtre interactive et les blocs-notes. Exemple : \r\n```\r\n[\r\n  {\r\n    \"language\": \"python\",\r\n    \"query\": \"%who_ls\",\r\n    \"parseExpr\": \"'(\\\\w+)'\"\r\n  }\r\n]\r\n```",
	"jupyter.configuration.jupyter.kernels.filter.items.markdownDescription": "Chemin d'accès complet à la spécification du noyau ou à l'environnement Python. \r\nPar exemple. `~/miniconda3/envs/sample/bin/python`.",
	"jupyter.configuration.jupyter.kernels.filter.markdownDescription": "Liste des noyaux Jupyter et/ou des environnements Python qui doivent être exclus du sélecteur de noyau.",
	"jupyter.configuration.jupyter.interactiveWindowMode.description": "Comportement de la fenêtre interactive. 'perFile' créera une nouvelle fenêtre interactive pour chaque fichier qui exécute une cellule. 'single' autorise une seule fenêtre. 'multiple' permet la création de multiples.",
	"jupyter.configuration.jupyter.magicCommandsAsComments.description": "Décommentez les affectations de shell (#!), la magie de ligne (#!%) et la magie de cellule (#!%%) lors de l'analyse des cellules de code.",
	"jupyter.configuration.jupyter.pythonExportMethod.description": "La méthode à utiliser lors de l'exportation d'un bloc-notes vers un fichier Python. 'direct' copiera directement le code tel quel. 'commentMagics' commentera les lignes commençant par les magies de ligne (%), les magies de cellule (%%) et les commandes shell (!). 'nbconvert' installera nbconvert et l'utilisera pour la conversion qui peut traduire la syntaxe iPython en syntaxe Python.",
	"jupyter.configuration.jupyter.runStartupCommands.description": "Une série d'instructions Python ou de commandes magiques iPython. Il peut s'agir d'un tableau de chaînes ou d'une seule chaîne avec des commandes séparées par '\\n'. Les commandes seront exécutées silencieusement à chaque chargement de la fenêtre interactive. Par exemple, définissez-le sur '%load_ext autoreload\\n%autoreload 2' pour recharger automatiquement les modifications apportées aux fichiers importés sans avoir à redémarrer la session interactive.",
	"jupyter.configuration.jupyter.debugJustMyCode.description": "Lors du débogage, déboguez uniquement mon code.",
	"jupyter.configuration.jupyter.showOutlineButtonInNotebookToolbar.description": "Affichez le bouton Plan dans la barre d'outils du bloc-notes Jupyter.",
	"jupyter.configuration.jupyter.newCellOnRunLast.description": "Ajouter une nouvelle cellule vide à un fichier de fenêtre interactive lors de l'exécution de la dernière cellule actuelle.",
	"jupyter.configuration.jupyter.pylanceHandlesNotebooks.description": "Détermine si Pylance gère la création de documents concat de bloc-notes.",
	"jupyter.configuration.jupyter.pythonCompletionTriggerCharacters.description": "Caractères qui déclenchent l'auto-complétion sur un noyau python jupyter.",
	"jupyter.configuration.jupyter.logKernelOutputSeparately.description": "Crée des panneaux de sortie séparés pour la sortie de la console du serveur kernels/jupyter",
	"jupyter.configuration.jupyter.excludeUserSitePackages.description": "Ajoutez PYTHONNOUSERSITE aux noyaux avant de commencer. Cela empêche l'utilisation des packages de site global/utilisateur dans le PYTHONPATH du noyau.",
	"jupyter.configuration.jupyter.enableExtendedKernelCompletions.markdownDescription": "Active la prise en charge de Jedi pour les complétions IntelliSense étendues dans les noyaux Jupyter en cours d'exécution (voir ce [paramètre](https://ipython.readthedocs.io/en/stable/config/options/terminal.html?highlight=use_jedi#configtrait-Completer.use_jedi) ). Cela peut avoir un impact considérable sur les performances d'exécution des cellules de bloc-notes. Utiliser avec précaution.",
	"jupyter.configuration.jupyter.showOnlyOneTypeOfKernel.markdownDescription": "Afficher un seul type de noyau dans le sélecteur de noyau. Cela empêche l’affichage simultané des noyaux locaux et des noyaux distants dans le sélecteur de noyau.",
	"Pylance.proposePylanceMessage": "Essayez un nouveau serveur de langage plus rapide et riche en fonctionnalités pour Python par Microsoft Corporation, Pylance! Installez l’extension maintenant.",
	"Pylance.tryItNow": "Essayez-le dès maintenant.",
	"Pylance.remindMeLater": "Me rappeler plus tard",
	"Pylance.installPylanceMessage": "L’extension Pylance n’est pas installée. Cliquez sur Oui pour ouvrir la page d’installation de Pylance.",
	"Pylance.pylanceNotInstalledMessage": "L’extension Pylance n’est pas installée.",
	"Pylance.pylanceInstalledReloadPromptMessage": "L’extension Pylance est maintenant installée. Recharger la fenêtre pour l’activer ?",
	"DataScience.unknownMimeTypeFormat": "Le type Mime {0} n'est pas pris en charge actuellement.",
	"DataScience.historyTitle": "Interactif",
	"DataScience.dataExplorerTitle": "Visionneuse de données",
	"DataScience.badWebPanelFormatString": "<html><body><h1>{0} n’est pas un nom de fichier valide</h1></body></html>",
	"DataScience.sessionDisposed": "Impossible d’exécuter le code, la session a été supprimée.",
	"DataScience.rawKernelProcessNotStarted": "Le processus de kernel brut n’a pas pu démarrer.",
	"DataScience.rawKernelProcessExitBeforeConnect": "Le processus du kernel brut s’est arrêté avant la connexion.",
	"DataScience.passwordFailure": "Échec de la connexion au serveur protégé par mot de passe. Vérifiez que le mot de passe est correct.",
	"DataScience.exportDialogTitle": "Exporter vers Jupyter Notebook",
	"DataScience.exportDialogFilter": "Jupyter Notebooks",
	"DataScience.exportDialogComplete": "Notebook écrit dans {0}",
	"DataScience.exportDialogFailed": "Échec de l’exportation du bloc-notes {0}",
	"DataScience.exportOpenQuestion1": "Ouvrir dans l'éditeur",
	"DataScience.notebookExport": "Exporter",
	"DataScience.exportAsNotebook.shorttitle": "Enregistrer",
	"DataScience.exportAs": "Exporter sous",
	"DataScience.notebookExportAs": "Exporter sous",
	"DataScience.notebookExportAs.shorttitle": "Exporter",
	"DataScience.exportAsQuickPickPlaceholder": "Exporter sous...",
	"DataScience.exportPythonQuickPickLabel": "Script Python",
	"DataScience.collapseInputTooltip": "Réduire le bloc d’entrée",
	"DataScience.collapseVariableExplorerTooltip": "Hide variables active in Jupyter kernel",
	"DataScience.collapseVariableExplorerLabel": "Variables",
	"DataScience.expandVariableExplorerTooltip": "Afficher les variables actives dans le kernel Jupyter",
	"DataScience.close": "Fermer",
	"DataScience.interactiveCopyCell": "Copier la cellule",
	"DataScience.runInDedicatedExtensionHost": "Exécuter dans l’hôte d’extension dédié",
	"DataScience.variableLoadingValue": "Chargement...",
	"DataScience.importDialogTitle": "Importer Jupyter Notebook",
	"DataScience.importDialogFilter": "Jupyter Notebooks",
	"DataScience.notebookCheckForImportYes": "Importer",
	"DataScience.reloadRequired": "Rechargez la fenêtre pour que les nouveaux paramètres prennent effet.",
	"DataScience.notebookCheckForImportNo": "Plus tard",
	"DataScience.notebookCheckForImportDontAskAgain": "Ne plus me poser la question",
	"DataScience.notebookCheckForImportTitle": "Voulez-vous importer le Jupyter Notebook dans le code Python?",
	"DataScience.jupyterNotSupported": "Jupyter ne peut pas être démarré. Erreur lors de la tentative de localisation de Jupyter : {0}",
	"DataScience.jupyterNotSupportedBecauseOfEnvironment": "L’activation de {0} pour exécuter Jupyter a échoué avec {1}.",
	"DataScience.jupyterNbConvertNotSupported": "L’importation de bloc-notes nécessite l’installation de Jupyter nbconvert.",
	"DataScience.removeRemoteJupyterConnectionButtonText": "Oublier la connexion",
	"DataScience.changeRemoteJupyterConnectionButtonText": "Gérer les connexions",
	"DataScience.jupyterLaunchNoURL": "L’URL du serveur du bloc-notes Jupyter lancé est introuvable.",
	"DataScience.jupyterLaunchTimedOut": "Échec du lancement à temps du serveur de bloc-notes Jupyter",
	"DataScience.jupyterSelfCertFail": "Le certificat de sécurité utilisé par le serveur {0} n'a pas été émis par une autorité de certification de confiance. \r\nCela peut indiquer une tentative de vol de vos informations. \r\n Voulez-vous activer le paramètre Autoriser la connexion à distance non autorisée pour cet espace de travail afin de vous permettre de vous connecter?",
	"DataScience.jupyterExpiredCertFail": "Le certificat de sécurité utilisé par le serveur {0} a expiré.\r\nCela peut indiquer une tentative de vol de vos informations.\r\nVoulez-vous activer le paramètre Autoriser les connexions à distance non autorisées pour cet espace de travail afin de vous permettre de vous connecter?",
	"DataScience.jupyterSelfCertFailErrorMessageOnly": "Le certificat de sécurité utilisé par le serveur n’a pas été émis par une autorité de certification approuvée.\r\nCela peut indiquer une tentative de vol de vos informations.",
	"DataScience.jupyterSelfCertExpiredErrorMessageOnly": "Le certificat de sécurité utilisé par le serveur a expiré.\r\nCela peut indiquer une tentative de vol de vos informations.",
	"DataScience.jupyterSelfCertEnable": "Oui, se connecter quand même",
	"DataScience.jupyterSelfCertClose": "Non, fermer la connexion",
	"DataScience.jupyterServerCrashed": "Le serveur Jupyter s’est bloqué. Connexion impossible. \r\nCode d’erreur de Jupyter : {0}",
	"DataScience.rawConnectionDisplayName": "Connexion du kernel directe",
	"DataScience.rawConnectionBrokenError": "Connexion du kernel directe interrompue",
	"DataScience.pythonInteractiveHelpLink": "Avez-vous besoin d'une aide supplémentaire?",
	"DataScience.markdownHelpInstallingMissingDependencies": "Consultez [https://aka.ms/pyaiinstall](https://aka.ms/pyaiinstall) pour obtenir de l’aide sur l’installation de Jupyter et des dépendances associées.",
	"DataScience.importingFormat": "Importation de {0}",
	"DataScience.startingJupyter": "Démarrage du serveur Jupyter",
	"DataScience.connectingToJupyter": "Connexion au serveur Jupyter",
	"DataScience.connectingToKernel": "Connecting to kernel: {0}",
	"DataScience.connectedToKernel": "Connecté.",
	"DataScience.connected": "Connecté",
	"DataScience.disconnected": "Déconnecté",
	"Experiments.inGroup": "L’utilisateur appartient au groupe d’expériences '{0}'.",
	"Logging.CurrentWorkingDirectory": "Cwd:",
	"Logging.WarnUserAboutDebugLoggingSetting": "Vous avez activé la journalisation du débogage pour l’extension Jupyter, qui va continuer à écrire des journaux sur le disque. Voulez-vous désactiver la journalisation du débogage?",
	"Logging.YesTurnOffDebugLogging": "Oui, désactiver la journalisation du débogage",
	"Logging.NoResponse": "Non",
	"Logging.NoAndDontAskAgain": "Non, et ne plus me demander",
	"GitHubIssue.Failure": "Nous avons rencontré une erreur lors de l’envoi de votre GitHub Issue. Voulez-vous toujours signaler un problème?",
	"GitHubIssue.copyToClipboardAndOpenIssue": "Oui, copier le contenu dans le Presse-papiers et ouvrir le problème",
	"GitHubIssue.pleaseFillThisOut": "Remplissez cette section et supprimez ce commentaire avant d’envoyer un problème!",
	"GitHubIssue.missingFields": "Veuillez fournir des détails sur le problème que vous avez rencontré avant de cliquer sur Envoyer GitHub Issue.",
	"GitHubIssue.askForIssueTitle": "Fournissez un titre descriptif récapitulatif de votre problème.",
	"GitHubIssue.titlePlaceholder": "Exemple : impossible de démarrer une session de kernel locale",
	"DataScience.allowExtensionToUseJupyterKernelApi": "Voulez-vous accorder à l’extension '{0}' l’accès aux Kernels Jupyter ? Cliquer sur '{1}' permet à cette extension d’exécuter du code sur les Kernels Jupyter.",
	"DataScience.thanksForUsingJupyterKernelApiPleaseRegisterWithUs": "Merci d’avoir essayé l’API Jupyter. Entrez un problème sur notre dépôt pour utiliser cette API en production. Cela nous empêcherait de rompre votre extension lors de la mise à jour de l’API (car il s’agit encore d’un travail en cours).",
	"Common.bannerLabelYes": "Oui",
	"Common.bannerLabelNo": "Non",
	"Common.doNotShowAgain": "Ne plus afficher",
	"Common.reload": "Recharger",
	"Common.moreInfo": "Informations supplémentaires",
	"Common.and": "et",
	"Common.download": "Télécharger",
	"Common.ok": "OK",
	"Common.install": "Installer",
	"Common.learnMore": "En savoir plus",
	"Common.reportThisIssue": "Oui, je souhaite être notifié",
	"CommonSurvey.remindMeLaterLabel": "Me rappeler plus tard",
	"CommonSurvey.yesLabel": "Oui, participer à l’enquête maintenant",
	"CommonSurvey.noLabel": "Non, merci",
	"Common.clickHereForMoreInfoWithHtml": "Cliquez sur <a href='{0}'>ici</a> pour plus d’informations.",
	"OutputChannelNames.languageServer": "Serveur de langage Python",
	"OutputChannelNames.python": "Python",
	"OutputChannelNames.pythonTest": "Journal de test Python",
	"OutputChannelNames.jupyter": "Jupyter",
	"ExtensionSurveyBanner.bannerMessage": "Pouvez-vous prendre 2 minutes pour nous indiquer comment l’extension Jupyter fonctionne pour vous?",
	"ExtensionSurveyBanner.bannerLabelYes": "Oui, participer à l’enquête maintenant",
	"ExtensionSurveyBanner.bannerLabelNo": "Non, merci",
	"ExtensionSurveyBanner.maybeLater": "Peut-être plus tard",
	"DataScience.restartKernelMessage": "Voulez-vous redémarrer le kernel Jupyter? Toutes les variables seront perdues.",
	"DataScience.restartKernelMessageYes": "Oui",
	"DataScience.restartingKernelFailed": "Échec du redémarrage du Kernel. Le serveur Jupyter est bloqué. Rechargez le VS Code.",
	"DataScience.interruptingKernelFailed": "Échec de l’interruption du Kernel. Le serveur Jupyter est bloqué. Rechargez VS Code.",
	"DataScienceSurveyBanner.bannerMessage": "Pouvez-vous prendre deux minutes pour nous dire comment les fonctionnalités des sciences des données fonctionnent pour vous?",
	"DataScienceSurveyBanner.bannerLabelYes": "Oui, participer à l’enquête maintenant",
	"DataScienceSurveyBanner.bannerLabelNo": "Non, merci",
	"InteractiveShiftEnterBanner.bannerMessage": "Voulez-vous exécuter du code dans la fenêtre « Interactive » (une console IPython) pour « Maj-Entrée »? Sélectionnez 'Non' pour continuer à exécuter du code dans le terminal Python. Cela peut être modifié plus tard dans les paramètres.",
	"DataScience.automaticallyReconnectingToAKernelProgressMessage": "Reconnexion au noyau {0}",
	"DataScience.restartingKernelStatus": "Redémarrage du Kernel {0}",
	"DataScience.executingCode": "Exécution de la cellule",
	"DataScience.collapseAll": "Réduire toutes les entrées de cellule",
	"DataScience.expandAll": "Développer toutes les entrées de cellule",
	"DataScience.export": "Exporter en tant que Jupyter Notebook",
	"DataScience.restartServer": "Redémarrer le kernel Jupyter",
	"DataScience.undo": "Annuler",
	"DataScience.redo": "Rétablir",
	"DataScience.clearAll": "Supprimer toutes les cellules",
	"DataScience.restartedKernelHeader": "Redémarrage du kernel {0}",
	"DataScience.restartingKernelCustomHeader": "_Redémarrage de {0}..._",
	"DataScience.restartingKernelHeader": "_Redémarrage du kernel..._",
	"DataScience.startedNewKernelHeader": "Démarrage du kernel {0}",
	"DataScience.connectKernelHeader": "Connected to '{0}' kernel",
	"DataScience.executingCodeFailure": "Échec de l’exécution du code : {0}",
	"DataScience.inputWatermark": "Tapez le code ici, puis appuyez sur shift+Entrer pour l’exécuter.",
	"DataScience.deleteButtonTooltip": "Supprimer la cellule",
	"DataScience.gotoCodeButtonTooltip": "Accéder au code",
	"DataScience.copyBackToSourceButtonTooltip": "Coller le code dans le fichier",
	"DataScience.copyToClipboardButtonTooltip": "Copier la source dans le Presse-papiers",
	"DataScience.plotOpen": "Développer l’image",
	"DataScience.libraryNotInstalled": "La bibliothèque de science des données {0} n’est pas installée. Installer?",
	"DataScience.libraryNotInstalledCorrectlyOrOutdated": "Le {0} de la bibliothèque de science des données n’est pas installé correctement ou est obsolète. Voulez-vous réinstaller?",
	"DataScience.libraryRequiredToLaunchJupyterNotInstalled": "Les cellules en cours d’exécution nécessitent {0} package.",
	"DataScience.librariesRequiredToLaunchJupyterNotInstalled": "Les cellules en cours d’exécution nécessitent {0} package.",
	"DataScience.libraryRequiredToLaunchJupyterNotInstalledInterpreter": "Les cellules en cours d’exécution avec {0} nécessitent {1} package.",
	"DataScience.librariesRequiredToLaunchJupyterNotInstalledInterpreter": "Les cellules en cours d’exécution avec {0} nécessitent {1} package.",
	"DataScience.jupyterInstall": "Installer",
	"DataScience.jupyterSelectURIPrompt": "Entrer l’URI du serveur Jupyter en cours d’exécution",
	"DataScience.jupyterSelectURIInvalidURI": "URI spécifié non valide",
	"DataScience.jupyterSelectUserAndPasswordTitle": "Entrez votre nom d’utilisateur et votre mot de passe pour vous connecter à Jupyter Hub.",
	"DataScience.jupyterSelectUserPrompt": "Entrez votre nom d'utilisateur.",
	"DataScience.jupyterSelectPasswordPrompt": "Entrez votre mot de passe.",
	"DataScience.removeRemoteJupyterServerEntryInQuickPick": "Supprimer",
	"DataScience.jupyterNotebookFailure": "Échec du lancement du bloc-notes Jupyter. \r\n{0}",
	"DataScience.remoteJupyterServerProvidedBy3rdPartyExtensionNoLongerValid": "Le serveur Jupyter distant fourni par l’extension '{0}' n’est plus disponible.",
	"DataScience.remoteJupyterConnectionFailedWithServer": "Échec de la connexion au serveur Jupyter Server distant '{0}'. Vérifiez que le serveur est en cours d’exécution et accessible.",
	"DataScience.remoteJupyterConnectionFailedWithServerWithError": "Échec de la connexion au serveur Jupyter Server distant '{0}'. Vérifiez que le serveur est en cours d’exécution et accessible. ({1}).",
	"DataScience.remoteJupyterConnectionFailedWithoutServerWithError": "Échec de la connexion. Vérifiez que le serveur est en cours d’exécution et accessible. ({0}).",
	"DataScience.remoteJupyterConnectionFailedWithoutServerWithErrorWeb": "Échec de la connexion. Vérifiez que le serveur est en cours d’exécution et accessible à partir d’un navigateur. ({0}). Pour plus d’informations, voir 'https://aka.ms/vscjremoteweb'.",
	"DataScience.jupyterNotebookRemoteConnectFailedWeb": "Échec de la connexion au serveur Jupyter distant.\r\nVérifiez que l’URI jupyter Server est accessible à partir d’un navigateur.\r\n{0}. Cliquez sur [here](https://aka.ms/vscjremoteweb) pour plus d’informations.",
	"DataScience.jupyterNotebookRemoteConnectSelfCertsFailed": "Échec de la connexion au notebook Jupyter distant.\r\nLe serveur spécifié utilise des certificats auto-signés. Activer le paramètre Autoriser les connexions à distance non autorisées à se connecter quand même\r\n{0}\r\n{1}",
	"DataScience.changeJupyterRemoteConnection": "Modifiez la connexion Jupyter Server.",
	"DataScience.notebookVersionFormat": "Version de Jupyter Notebook : {0}",
	"DataScience.jupyterKernelSpecNotFound": "Impossible de créer une spécification de kernel Jupyter et aucune n'est disponible pour l'utilisation",
	"DataScience.jupyterKernelSpecModuleNotFound": "Le module 'Kernelspec' n’est pas installé dans l’interpréteur sélectionné ({0}).\r\n Réinstallez ou mettez à jour « jupyter ».",
	"DataScience.jupyterGetVariablesBadResults": "Échec de la récupération des informations de variable à partir du serveur Jupyter",
	"DataScience.liveShareConnectFailure": "Impossible de se connecter à la session Jupyter hôte. URI introuvable.",
	"DataScience.liveShareCannotSpawnNotebooks": "La génération dynamique de bloc-notes Jupyter n’est pas prise en charge sur une connexion Live Share.",
	"DataScience.liveShareCannotImportNotebooks": "L’importation de bloc-notes n’est actuellement pas prise en charge sur une connexion Live Share.",
	"DataScience.liveShareHostFormat": "Jupyter Server {0}",
	"DataScience.liveShareSyncFailure": "Échec de la synchronisation lors du démarrage du Live Share",
	"DataScience.liveShareServiceFailure": "Échec du démarrage du service '{0}' lors de la connexion live share",
	"DataScience.documentMismatch": "Impossible d’exécuter les cellules. Des documents en double ont été trouvés pour {0}.",
	"DataScience.pythonInteractiveCreateFailed": "Échec de la création d’une fenêtre « Interactive ». Essayez de réinstaller l’extension Jupyter.",
	"DataScience.interruptKernel": "Interrompre le kernel Jupyter",
	"DataScience.clearAllOutput": "Effacer toutes les sorties",
	"DataScience.exportingFormat": "Exportation {0} en cours",
	"DataScience.exportCancel": "Annuler",
	"Common.canceled": "Annulé",
	"Common.cancel": "Annuler",
	"Common.yesPlease": "Oui, je souhaite être notifié",
	"DataScience.interruptKernelStatus": "Interruption du Kernel Jupyter",
	"DataScience.restartKernelAfterInterruptMessage": "L’interruption du kernel a expiré. Voulez-vous redémarrer le kernel à la place? Toutes les variables seront perdues.",
	"DataScience.pythonInterruptFailedHeader": "L’interruption du clavier a bloqué le kernel. Kernel redémarré.",
	"DataScience.sysInfoURILabel": "URI de Jupyter Server",
	"DataScience.jupyterStartTimedout": "Le démarrage de Jupyter a expiré. Pour plus d’informations, consultez le panneau de sortie « Jupyter ».",
	"DataScience.startingJupyterLogMessage": "Démarrage de Jupyter à partir de {0} avec la ligne de commande {1}",
	"DataScience.jupyterCommandLineDefaultLabel": "Par défaut (recommandé)",
	"DataScience.jupyterCommandLineDefaultDetail": "L’extension Jupyter détermine la ligne de commande appropriée pour Jupyter.",
	"DataScience.jupyterCommandLineCustomLabel": "Personnalisé",
	"DataScience.jupyterCommandLineCustomDetail": "Personnaliser la ligne de commande passée à Jupyter au démarrage",
	"DataScience.jupyterCommandLineReloadQuestion": "Rechargez la fenêtre lors de la modification de la ligne de commande Jupyter.",
	"DataScience.jupyterCommandLineReloadAnswer": "Recharger",
	"DataScience.jupyterCommandLineQuickPickPlaceholder": "Choisir une option",
	"DataScience.jupyterCommandLineQuickPickTitle": "Choisir la ligne de commande pour Jupyter",
	"DataScience.jupyterCommandLinePrompt": "Entrez votre ligne de commande personnalisée pour Jupyter.",
	"Common.loadingExtension": "Chargement de l’extension Jupyter...",
	"Common.openOutputPanel": "Afficher la sortie",
	"DataScience.variableExplorerNameColumn": "Nom",
	"DataScience.variableExplorerTypeColumn": "Type",
	"DataScience.variableExplorerCountColumn": "Taille",
	"DataScience.variableExplorerValueColumn": "Valeur",
	"DataScience.showDataExplorerTooltip": "Afficher la capture instantanée de la variable dans le visualiseur de données",
	"DataScience.dataExplorerInvalidVariableFormat": "'{0}' n’est pas une variable active.",
	"DataScience.jupyterGetVariablesExecutionError": "Échec lors de l’extraction de variables :\r\n{0}",
	"DataScience.loadingMessage": "chargement...",
	"DataScience.fetchingDataViewer": "Récupération des données...",
	"DataScience.noRowsInDataViewer": "Aucune ligne ne correspond au filtre actuel.",
	"DataScience.jupyterServer": "Jupyter Server",
	"DataScience.noKernel": "Pas de Kernel",
	"DataScience.serverNotStarted": "Non démarré",
	"DataScience.localJupyterServer": "local",
	"DataScience.pandasTooOldForViewingFormat": "Le package Python « pandas » est version {0}. La version {1} ou supérieure est requise pour l’affichage des données.",
	"DataScience.pandasRequiredForViewing": "La version « pandas » du package Python {0} (ou supérieure) est nécessaire pour afficher les données.",
	"DataScience.failedToGetVersionOfPandas": "Échec de l’obtention de la version de Pandas pour utiliser la Visionneuse de données.",
	"DataScience.valuesColumn": "valeurs",
	"DataScience.liveShareInvalid": "Jupyter [extension](https://marketplace.visualstudio.com/itemdetails?itemName=ms-toolsai.jupyter) n’est pas installé sur un ou plusieurs invités de la session.\r\nVotre session Live Share ne peut pas continuer et sera fermée.",
	"Common.noIWillDoItLater": "Non, je le fais plus tard",
	"Common.notNow": "Pas maintenant",
	"Common.gotIt": "OK !",
	"DataScience.noRowsInVariableExplorer": "Aucune variable définie",
	"DataScience.loadingRowsInVariableExplorer": "Chargement des variables",
	"DataScience.tooManyColumnsMessage": "L’affichage des variables comportant plus de 1 000 colonnes peut prendre du temps. Voulez-vous vraiment continuer?",
	"DataScience.tooManyColumnsYes": "Oui",
	"DataScience.tooManyColumnsNo": "Non",
	"DataScience.tooManyColumnsDontAskAgain": "Ne plus me poser la question",
	"DataScience.filterRowsTooltip": "Permet de filtrer plusieurs lignes. Utilisez les signes =, > ou < pour filtrer les valeurs numériques.",
	"DataScience.previewHeader": "--- Commencer l’aperçu de {0} ---",
	"DataScience.previewFooter": "--- Fin de l’aperçu de {0} ---",
	"DataScience.previewStatusMessage": "Génération de l'aperçu de {0}",
	"DataScience.plotViewerTitle": "Emplacements",
	"DataScience.exportPlotTitle": "Enregistrer l’image de tracé",
	"DataScience.pdfFilter": "PDF",
	"DataScience.pngFilter": "PNG",
	"DataScience.svgFilter": "SVG",
	"DataScience.previousPlot": "Précédent",
	"DataScience.nextPlot": "Suivant",
	"DataScience.panPlot": "Main",
	"DataScience.zoomInPlot": "Zoom avant",
	"DataScience.zoomOutPlot": "Zoom arrière",
	"DataScience.exportPlot": "Exporter vers différents formats",
	"DataScience.deletePlot": "Supprimer",
	"DataScience.collapseSingle": "Réduire",
	"DataScience.expandSingle": "Développer",
	"DataScience.editSection": "Entrez de nouvelles cellules ici.",
	"DataScience.restartKernelMessageDontAskAgain": "Oui, et ne plus me demander",
	"DataScience.selectedImageListLabel": "Image sélectionnée",
	"DataScience.imageListLabel": "Image",
	"DataScience.exportImageFailed": "Erreur lors de l'exportation de l’image : {0}",
	"downloading.file": "Téléchargement de {0}...",
	"downloading.file.progress": "{0}{1} de {2} Ko ({3}%)",
	"DataScience.jupyterDataRateExceeded": "Impossible d’afficher la variable, car le taux de données est dépassé. Redémarrez votre serveur avec une limite de débit de données plus élevée. Par exemple, --NotebookApp.iopub_data_rate_limit=10000000000.0",
	"DataScience.addCellBelowCommandTitle": "Ajouter une cellule",
	"DataScience.debugCellCommandTitle": "Cellule de débogage",
	"DataScience.debugStepOverCommandTitle": "Pas à pas principal",
	"DataScience.debugContinueCommandTitle": "Continuer",
	"DataScience.debugStopCommandTitle": "Arrêter",
	"DataScience.runCurrentCellAndAddBelow": "Exécuter la cellule active et ajouter une cellule vide ci-dessous",
	"DataScience.jupyterDebuggerNotInstalledError": "Le module PIP {0} est requis pour le débogage des cellules. Vous devez l’installer pour déboguer les cellules.",
	"DataScience.jupyterDebuggerOutputParseError": "Impossible d’analyser {0} sortie, enregistrez un problème avec https://github.com/microsoft/vscode-jupyter.",
	"DataScience.jupyterDebuggerPortNotAvailableError": "Le port {0} ne peut pas être ouvert pour le débogage. Veuillez spécifier un autre port dans le paramètre remoteDebuggerPort.",
	"DataScience.jupyterDebuggerPortBlockedError": "Impossible de connecter le port {0} pour le débogage. Veuillez laisser le port {0} par votre pare-feu.",
	"DataScience.jupyterDebuggerPortNotAvailableSearchError": "Les ports de la plage {0}-{1} sont introuvables pour le débogage. Spécifiez un port dans le paramètre remoteDebuggerPort.",
	"DataScience.jupyterDebuggerPortBlockedSearchError": "Impossible de connecter un port {0} pour le débogage. Veuillez laisser le port {1} par votre pare-feu.",
	"DataScience.jupyterDebuggerInstallNew": "Le module PIP {0} est requis pour le débogage des cellules. Voulez-vous installer {0} et continuer à déboguer la cellule?",
	"DataScience.jupyterDebuggerInstallNewRunByLine": "Le module PIP {0} est requis pour s’exécuter par ligne. Voulez-vous installer {0} et continuer l’exécution par ligne?",
	"DataScience.jupyterDebuggerInstallUpdate": "La version installée de {0} ne prend pas en charge le débogage des cellules. Voulez-vous mettre à jour {0} vers la version la plus récente et continuer à déboguer les cellules?",
	"DataScience.jupyterDebuggerInstallUpdateRunByLine": "La version de {0} installée ne prend pas en charge l’exécution par ligne. Voulez-vous mettre à jour {0} vers la version la plus récente et continuer l’exécution par ligne?",
	"DataScience.jupyterDebuggerInstallYes": "Oui",
	"DataScience.jupyterDebuggerInstallNo": "Non",
	"DataScience.cellStopOnErrorMessage": "La cellule a été annulée en raison d’une erreur dans une cellule précédente.",
	"DataScience.instructionComments": "# Pour ajouter une nouvelle cellule, tapez '{0}'\r\n# Pour ajouter une nouvelle cellule Markdown, tapez '{0} [markdown]'\r\n.",
	"DataScience.scrollToCellTitleFormatMessage": "Accéder à [{0}]",
	"DataScience.save": "Enregistrer le bloc-notes",
	"DataScience.nativeEditorTitle": "Éditeur de Notebook",
	"DataScience.untitledNotebookFileName": "Sans titre",
	"DataScience.dirtyNotebookMessage1": "Voulez-vous enregistrer les modifications apportées à {0} ?",
	"DataScience.dirtyNotebookMessage2": "Vos changements sont perdus si vous ne les enregistrez pas.",
	"DataScience.dirtyNotebookYes": "Enregistrer",
	"DataScience.dirtyNotebookNo": "Ne pas enregistrer",
	"DataScience.dirtyNotebookCancel": "Annuler",
	"DataScience.dirtyNotebookDialogTitle": "Enregistrer",
	"DataScience.dirtyNotebookDialogFilter": "Jupyter Notebooks",
	"DataScience.exportAsPythonFileTooltip": "Convertir et enregistrer en script Python",
	"DataScience.exportAsPythonFileTitle": "Enregistrer en tant que fichier Python",
	"DataScience.exportButtonTitle": "Exporter",
	"DataScience.runCell": "Exécuter la cellule",
	"DataScience.deleteCell": "Supprimer la cellule",
	"DataScience.moveCellUp": "Déplacer la cellule vers le haut",
	"DataScience.moveCellDown": "Déplacer la cellule vers le bas",
	"DataScience.moveSelectedCellUp": "Déplacer la cellule sélectionnée vers le haut",
	"DataScience.insertBelow": "Insérer une cellule en dessous",
	"DataScience.insertAbove": "Insérer une cellule au-dessus",
	"DataScience.addCell": "Ajouter une cellule",
	"DataScience.runAll": "Exécuter toutes les cellules",
	"DataScience.toggleCellOutput": "Activer/désactiver la sortie de cellule",
	"DataScience.convertingToPythonFile": "Conversion d’ipynb en fichier Python",
	"DataScience.untitledNotebookMessage": "Vos changements sont perdus si vous ne les enregistrez pas.",
	"DataScience.untitledNotebookYes": "Enregistrer",
	"DataScience.untitledNotebookNo": "Annuler",
	"DataScience.noInterpreter": "Aucun python sélectionné",
	"DataScience.notebookNotFound": "python -m jupyter notebook --version n’est pas en cours d’exécution",
	"DataScience.savePngTitle": "Enregistrer l’image",
	"DataScience.jupyterSelectURIQuickPickTitle": "Entrer l’URI du serveur Jupyter en cours d’exécution",
	"DataScience.jupyterSelectURIQuickPickTitleOld": "Choisir comment se connecter à Jupyter",
	"DataScience.jupyterSelectURIQuickPickPlaceholder": "Choisir une option",
	"DataScience.jupyterSelectURIQuickPickCurrent": "Actuel : {0}",
	"DataScience.jupyterSelectURINoneLabel": "Aucun",
	"DataScience.jupyterSelectURINoneDetail": "Ne pas se connecter à un serveur Jupyter distant",
	"DataScience.jupyterSelectURINewLabel": "Existant",
	"DataScience.jupyterSelectURINewDetail": "Spécifier l’URI d’un serveur existant",
	"DataScience.jupyterSelectURIMRUDetail": "Dernière connexion : {0}",
	"DataScience.jupyterSelectURIRunningDetailFormat": "Dernière connexion {0}. {1} des connexions existantes.",
	"DataScience.jupyterSelectURINotRunningDetail": "Impossible de se connecter pour l’instant. État inconnu.",
	"DataScience.fallbackToUseActiveInterpreterAsKernel": "Impossible de trouver le kernel '{0}' avec lequel le bloc-notes a été créé. Utiliser l’interpréteur actuel.",
	"DataScience.fallBackToRegisterAndUseActiveInterpreterAsKernel": "Impossible de trouver le kernel '{0}' avec lequel le bloc-notes a été créé. Inscription d’une nouvelle kernel à l’aide de l’interpréteur actuel",
	"DataScience.fallBackToPromptToUseActiveInterpreterOrSelectAKernel": "Impossible de trouver le kernel '{0}' avec lequel le bloc-notes a été créé.",
	"DataScience.selectKernel": "Modifier le Kernel",
	"DataScience.selectDifferentKernel": "Sélectionner un Kernel différent",
	"DataScience.selectDifferentJupyterInterpreter": "Modifier l’interpréteur",
	"DataScience.selectJupyterInterpreter": "Sélectionner un interpréteur pour démarrer Jupyter",
	"DataScience.switchingKernelProgress": "Changement de kernel vers '{0}'",
	"DataScience.sessionStartFailedWithKernel": "Échec du démarrage du Kernel '{0}'. \r\nVoir Jupyter [log](command:jupyter.viewOutput) pour plus de détails.",
	"DataScience.failedToStartKernel": "Échec du démarrage du Kernel.",
	"DataScience.failedToRestartKernel": "Échec du redémarrage du Kernel.",
	"DataScience.failedToInterruptKernel": "L'interruption du Kernel a échoué.",
	"DataScience.kernelDied": "Le noyau est mort. Pour plus d’informations, consultez Jupyter [log](command:jupyter.viewOutput). \r\nErreur : {0}...",
	"DataScience.kernelDiedWithoutError": "Le noyau '{0}' est mort. Cliquez sur [here](https://aka.ms/vscodeJupyterKernelCrash) pour plus d’informations. Pour plus d’informations, consultez Jupyter [log](command:jupyter.viewOutput).",
	"DataScience.kernelDiedWithoutErrorAndAutoRestarting": "Le noyau '{0}' est mort et est automatiquement redémarré par Jupyter. Cliquez [ici](https://aka.ms/vscodeJupyterKernelCrash) pour plus d'informations. Voir le [log](command:jupyter.viewOutput) de Jupyter pour plus de détails.",
	"DataScience.kernelDisconnected": "Impossible de se connecter au noyau '{0}’, veuillez vérifier la connexion au serveur Jupyter. Voir Jupyter [log](command:jupyter.viewOutput) pour plus de détails.",
	"DataScience.kernelCrashedDueToCodeInCurrentOrPreviousCell": "Le Kernel s’est bloqué lors de l’exécution du code dans la cellule active ou une cellule précédente. Veuillez vérifier le code dans la ou les cellules pour identifier une cause possible de l’échec. Cliquez <a href='https://aka.ms/vscodeJupyterKernelCrash'>ici</a> pour plus d’informations. Pour plus d’informations, consultez Jupyter [log](command:jupyter.viewOutput).",
	"DataScience.fileSeemsToBeInterferingWithKernelStartup": "Le fichier '{0}' semble remplacer les modules intégrés et interférer avec le démarrage du kernel. Envisagez de renommer le fichier et de redémarrer le kernel.",
	"DataScience.DataScience.moduleSeemsToBeInterferingWithKernelStartup": "Le module «{0}» semble remplacer les modules intégrés et interférer avec le démarrage du noyau (kernel). Envisagez de renommer le dossier et de redémarrer le noyau (kernel).",
	"DataScience.failedToStartKernelDueToMissingModule": "Le kernel n’a pas pu démarrer en raison de l''{0}' de module manquant. Envisagez d’installer ce module.",
	"DataScience.failedToStartKernelDueToImportFailure": "Le kernel n’a pas pu démarrer en tant que module, car '{0}' n’a pas pu être importé.",
	"DataScience.failedToStartKernelDueToImportFromFileFailure": "Le kernel n’a pas pu démarrer, car '{0}' n’a pas pu être importé à partir de '{1}'.",
	"DataScience.failedToStartKernelDueToUnknownDllLoadFailure": "Le kernel n’a pas pu démarrer car une DLL n’a pas pu être chargée.",
	"DataScience.failedToStartKernelDueToDllLoadFailure": "Le kernel n'a pas réussi à démarrer car la dll '{0}' n'a pas pu être chargée.",
	"DataScience.failedToStartKernelDueToWin32APIFailure": "Le kernel n’a pas pu démarrer en raison d’une erreur avec le module Win32api. Envisagez de réinstaller ce module.",
	"DataScience.failedToStartKernelDueToPyZmqFailure": "Le kernel n’a pas pu démarrer en raison d’une erreur avec le module 'pyzmq'. Envisagez de réinstaller ce module.",
	"DataScience.failedToStartKernelDueToOldIPython": "Le kernel n’a pas pu démarrer en raison d’une version obsolète de IPython. Envisagez de mettre à jour ce module avec la dernière version.",
	"DataScience.failedToStartKernelDueToOldIPyKernel": "Le noyau n’a pas pu démarrer en raison d’une version obsolète de IPyKernel. Envisagez de mettre à jour ce module avec la dernière version.",
	"DataScience.failedToStartJupyter": "Échec du démarrage de Jupyter dans le '{0}' d’environnement. \r\nPour plus d’informations, consultez Jupyter [log](command:jupyter.viewOutput).",
	"DataScience.failedToStartJupyterWithErrorInfo": "Échec du démarrage de Jupyter dans l’environnement  '{0}'. \r\n{1} \r\nPour plus d’informations, consultez Jupyter [log](command:jupyter.viewOutput).",
	"DataScience.failedToStartJupyterDueToOutdatedTraitlets": "Échec du démarrage de Jupyter dans l’environnement '{0}' peut-être en raison d’une version obsolète de 'traitlets'. \r\n{1} \r\nEnvisagez de mettre à jour le module 'traitlets' vers '5.1.1' ou une version ultérieure. \r\nPour plus d’informations, consultez Jupyter [log](command:jupyter.viewOutput).",
	"DataScience.installPackageInstructions": "Exécutez la commande suivante pour installer '{0}' dans l’environnement Python. \r\nCommande : '{1}'",
	"DataScience.cannotRunCellKernelIsDead": "Cannot run cells, as the kernel '{0}' is dead.",
	"DataScience.waitingForJupyterSessionToBeIdle": "En attente de l’inactivité de la session Jupyter",
	"DataScience.gettingListOfKernelsForLocalConnection": "Récupération des Kernels",
	"DataScience.gettingListOfKernelsForRemoteConnection": "Récupération des Kernels",
	"DataScience.gettingListOfKernelSpecs": "Récupération des spécifications de Kernel",
	"DataScience.startingJupyterNotebook": "Démarrage de Jupyter Notebook",
	"DataScience.registeringKernel": "Inscription du Kernel",
	"DataScience.trimmedOutput": "La sortie a été coupée pour des raisons de performances.\r\nPour voir la sortie complète, définissez le paramètre « jupyter.textOutputLimit » sur 0.",
	"DataScience.connectingToJupyterUri": "Connexion au serveur Jupyter à {0}",
	"DataScience.createdNewNotebook": "{0}: création d’un bloc-notes ",
	"DataScience.createdNewKernel": "{0}: Kernel started: {1}",
	"DataScience.kernelInvalid": "Le Kernel {0} n’est pas utilisable. Pour plus d’informations, consultez l’onglet Sortie de Jupyter.",
	"DataScience.nativeDependencyFail": "Nous ne pouvons pas lancer un serveur Jupyter, car votre système d’exploitation n’est pas pris en charge. Sélectionnez un serveur déjà en cours d’exécution si vous souhaitez continuer. {0}",
	"DataScience.selectNewServer": "Choisir le serveur en cours d'exécution",
	"DataScience.jupyterSelectURIRemoteLabel": "Existant",
	"DataScience.jupyterSelectURIQuickPickTitleRemoteOnly": "Choisir un serveur Jupyter déjà en cours d’exécution",
	"DataScience.jupyterSelectURIRemoteDetail": "Spécifier l’URI d’un serveur existant",
	"DataScience.latestExtension": "Télécharger la dernière version de l’extension Jupyter",
	"DataScience.loadClassFailedWithNoInternet": "Erreur lors du chargement de {0} :{1}. Connexion Internet requise pour le chargement des widgets tiers.",
	"DataScience.useCDNForWidgets": "Les widgets nous obligent à télécharger des fichiers de prise en charge à partir d’un site web tiers. Cliquez sur [here](https://aka.ms/PVSCIPyWidgets) pour plus d’informations.",
	"DataScience.useCDNForWidgetsNoInformation": "Les widgets nous obligent à télécharger des fichiers de prise en charge à partir d’un site web tiers.",
	"DataScience.enableCDNForWidgetsSettingHtml": "Les widgets nous obligent à télécharger des fichiers de prise en charge à partir d’un site web tiers. Cliquez <a href='https://command:jupyter.enableLoadingWidgetScriptsFromThirdPartySource'>ici</a> pour l’activer ou cliquez <a href='https://aka.ms/PVSCIPyWidgets'>ici</a> pour plus d’informations. (Erreur lors du chargement de {0}:{1}).",
	"DataScience.enableCDNForWidgetsSetting": "Les widgets nous obligent à télécharger des fichiers de prise en charge à partir d’un site web tiers. (Erreur lors du chargement de {0}:{1}).",
	"DataScience.enableCDNForWidgetsButton": "Activer les téléchargements",
	"DataScience.widgetScriptNotFoundOnCDNWidgetMightNotWork": "Impossible de trouver le widget '{0}' version '{1}' à partir des sources de widget configurées {2}. Le comportement attendu peut être affecté. Cliquez sur [here](https://aka.ms/PVSCIPyWidgets) pour plus d’informations.",
	"DataScience.cdnWidgetScriptNotAccessibleWarningMessage": "Impossible de télécharger le widget « {0} » à partir d’un site web tiers {1} en raison de l’accès réseau. Le comportement attendu peut être affecté. Cliquez sur [here](https://aka.ms/PVSCIPyWidgets) pour plus d’informations.",
	"DataScience.unhandledMessage": "Message de kernel non géré d’un widget : {0} : {1}",
	"DataScience.qgridWidgetScriptVersionCompatibilityWarning": "Impossible de charger une version compatible du widget 'qgrid'. Envisagez une rétrogradation vers la version 1.1.1.",
	"DataScience.kernelStarting": "_Connexion au kernel..._",
	"DataScience.kernelStartingCustom": "_Connexion à {0}..._",
	"DataScience.libraryRequiredToLaunchJupyterKernelNotInstalledInterpreter": "Les cellules en cours d’exécution avec {0} nécessitent {1} package.",
	"DataScience.libraryRequiredToLaunchJupyterKernelNotInstalledInterpreterAndRequiresUpdate": "L’exécution de cellules avec '{0}' nécessite {1} package installé ou nécessite une mise à jour.",
	"DataScience.runByLine": "Exécuter par ligne (F10)",
	"DataScience.stopRunByLine": "Arrêter",
	"DataScience.couldNotInstallLibrary": "Impossible d’installer {0} package. Si pip n’est pas disponible, utilisez le gestionnaire de package de votre choix pour installer manuellement cette bibliothèque dans votre environnement Python.",
	"DataScience.rawKernelSessionFailed": "Impossible de démarrer la session pour kernel {0}. Sélectionnez une autre kernel avec qui lancer.",
	"DataScience.rawKernelStartFailedDueToTimeout": "Impossible de démarrer le Kernel '{0}' en raison du délai d’expiration de la connexion. \r\nPour plus d’informations, consultez Jupyter [log](command:jupyter.viewOutput).",
	"DataScience.rawKernelConnectingSession": "Connexion au kernel {0}",
	"DataScience.reloadCustomEditor": "Rechargez VS Code pour utiliser l’API de l’éditeur personnalisé.",
	"DataScience.reloadVSCodeNotebookEditor": "Rechargez le VS Code pour utiliser l’éditeur de Notebook.",
	"DataScience.step": "Exécuter la ligne suivante (F10)",
	"DataScience.usingPreviewNotebookWithOtherNotebookWarning": "Il n’est pas recommandé d’ouvrir le même fichier dans l’Éditeur de Notebook en préversion et dans l’Éditeur de Notebook stable. Cela peut entraîner une perte de données ou une altération des blocs-notes.",
	"DataScience.unknownServerUri": "Impossible d’utiliser l’URI du serveur. Avez-vous désinstallé une extension qui a fourni une connexion de serveur Jupyter?",
	"DataScienceRendererExtension.installingExtension": "Installation de l’extension Notebook Renderers...",
	"DataScienceRendererExtension.installationCompleteMessage": "terminé.",
	"DataScienceRendererExtension.startingDownloadOutputMessage": "Démarrage du téléchargement de l’extension Notebook Renderers",
	"DataScienceRendererExtension.downloadingMessage": "Téléchargement de l’extension Notebook Renderers...",
	"DataScienceRendererExtension.downloadCompletedOutputMessage": "Le téléchargement de l’extension Notebook Renderers est terminé.",
	"DataScience.uriProviderDescriptionFormat": "{0} (à partir de {1} extension)",
	"DataScience.unknownPackage": "inconnu",
	"DataScience.interactiveWindowTitle": "Interactif",
	"DataScience.interactiveWindowTitleFormat": "Interactif - {0}",
	"DataScience.interactiveWindowModeBannerTitle": "Voulez-vous ouvrir une nouvelle fenêtre interactive pour ce fichier? [More Information](command:workbench.action.openSettings?%5B%22jupyter.interactiveWindowMode%22%5D).",
	"DataScience.interactiveWindowModeBannerSwitchYes": "Oui",
	"DataScience.interactiveWindowModeBannerSwitchAlways": "Toujours",
	"DataScience.interactiveWindowModeBannerSwitchNo": "Non",
	"DataScience.noKernelsSpecifyRemote": "Aucun kernel disponible pour l’exécution de la cellule, [specify a Jupyter server for connections](command:jupyter.selectjupyteruri)",
	"DataScience.ipykernelNotInstalled": "IPyKernel n’est pas installé dans l’interpréteur {0}.",
	"DataScience.ipykernelNotInstalledBecauseCanceled": "IPyKernel n’est pas installé dans l’interpréteur. Installation annulée",
	"DataScience.needIpykernel6": "Configuration ipykernel requise pour cette fonctionnalité",
	"DataScience.setup": "Installation",
	"DataScience.startingRunByLine": "Démarrage de l’exécution par ligne",
	"DataScience.illegalEditorConfig": "Les expériences CustomEditor et NativeNotebook ne peuvent pas être activées ensemble.",
	"DataScience.pythonExtensionRequired": "L’Extension Python est requise pour effectuer cette tâche. Cliquez sur Oui pour ouvrir la page d’installation de l’Extension Python.",
	"DataScience.pythonExtensionRequiredToRunNotebook": "Extension Python requise pour exécuter des bloc-notes Python",
	"DataScience.installingPythonExtension": "Installation de l’extension Python et localisation des noyaux.",
	"DataScience.pythonExtensionInstalled": "L’extension Python est maintenant installée. Certaines fonctionnalités risquent de ne pas être disponibles tant qu’une session de bloc-notes ou de fenêtre interactive n’est pas redémarrée.",
	"DataScience.showDataViewerFail": "Échec de la création de la visionneuse de données. Pour plus d’informations, consultez l’onglet Jupyter de la fenêtre Sortie.",
	"DataScience.notebookCreationPickerPlaceHolder": "Sélectionner une option pour créer un bloc-notes vide",
	"DataScience.refreshDataViewer": "Actualiser la visionneuse de données",
	"DataScience.refreshDataViewerCommandPalette": "Actualiser la visionneuse de données",
	"DataScience.sliceDropdownAxisLabel": "Axe",
	"DataScience.sliceDropdownIndexLabel": "Index",
	"DataScience.sliceSubmitButton": "Appliquer",
	"DataScience.sliceSummaryTitle": "TRANCHER",
	"DataScience.dataViewerShowFilters": "Afficher les filtres",
	"DataScience.dataViewerHideFilters": "Masquer les filtres",
	"DataScience.sliceData": "Données de la tranche",
	"DataScience.sliceIndexError": "L’index {0} hors limites pour les {1} d’axe avec des éléments {2}",
	"DataScience.sliceMismatchedAxesError": "Axes {0} attendus, obtention {1} dans l’expression de secteur",
	"DataScience.clearFilters": "Effacer tous les filtres",
	"DataScience.defaultNotebookName": "défaut",
	"DataScience.recommendExtensionForNotebook": "L’extension {0} est recommandée pour les blocs-notes ciblant le langage '{1}'.",
	"DataScience.interactiveClearAllCells": "Tout effacer",
	"DataScience.interactiveRemoveCell": "Supprimer la cellule",
	"DataScience.interactiveGoToCode": "Accéder au code",
	"DataScience.kernelWasNotStarted": "Le Kernel n’a pas été démarré. Une session de kernel est nécessaire pour démarrer le débogage.",
	"DataScience.noNotebookToDebug": "Aucun document de bloc-notes actif à déboguer",
	"DataScience.cantStartDebugging": "Impossible de démarrer le débogage.",
	"DataScience.customEditorBanner": "Cet éditeur est déconseillé et nous le supprimerons après 1,59 de VS Code.  [En savoir plus sur notre nouvel éditeur de bloc-notes](https://aka.ms/vscodeNotebookEditorBanner).",
	"DataScience.importingIpynb": "Importation du fichier de notebook.",
	"DataScience.exportingToFormat": "Exportation vers {0}",
	"DataScience.matplotlibWidgetInsteadOfOther": "'%matplotlib widget' ou '%matplotlib inline' fonctionne mieux dans le bloc-notes de VS Code.",
	"DataScience.matplotlibWidgetCodeActionTitle": "Plus d'informations",
	"DataScience.usingNonPrereleaseYes": "Oui",
	"DataScience.usingNonPrereleaseNo": "Non",
	"DataScience.usingNonPrereleaseNoAndDontAskAgain": "Ne plus me poser la question",
	"DataScience.usingNonPrerelease": "La version « préliminaire » de l’extension Jupyter est recommandée lors de l’exécution sur VS Code insiders. Voulez-vous basculer ?",
	"DataScience.cellAtFormat": "{0} cellule {1}'",
	"DataScience.jupyterServerConsoleOutputChannel": "Jupyter Server Console",
	"DataScience.kernelConsoleOutputChannel": "Sortie de la console du Kernel {0}",
	"Installer.noCondaOrPipInstaller": "Aucun programme d’installation de Conda ou Pip n’est disponible dans l’environnement sélectionné.",
	"Installer.noPipInstaller": "Aucun programme d’installation Pip n’est disponible dans l’environnement sélectionné.",
	"Installer.searchForHelp": "Rechercher de l’aide",
	"Installer.couldNotInstallLibrary": "Impossible d’installer {0}. Si pip n’est pas disponible, utilisez le gestionnaire de package de votre choix pour installer manuellement cette bibliothèque dans votre environnement Python.",
	"Installer.dataScienceInstallPrompt": "La bibliothèque de science des données {0} n’est pas installée. Installer?",
	"Products.installingModule": "Installation en cours de {0}",
	"DataScience.webNotSupported": "Opération non prise en charge dans la version web de l’extension Jupyter.",
	"DataScience.outputSizeExceedLimit": "La sortie dépasse la <a href={0}>limite de taille</a>. Ouvrir le <a href={1}>de données de sortie complet dans un éditeur de texte</a>",
	"DataScience.installPythonTitle": "Installer Python",
	"DataScience.installPythonExtensionViaKernelPickerTitle": "Installer l’extension Python",
	"DataScience.switchToLocalKernelsTitle": "Se connecter aux noyaux locaux",
	"DataScience.switchToRemoteKernelsTitle": "Se connecter à un serveur Jupyter",
	"DataScience.switchToAnotherRemoteKernelsTitle": "Se connecter à un autre serveur Jupyter",
	"DataScience.failedToInstallPythonExtension": "Échec de l’installation de l’extension Python.",
	"DataScience.kernelPrefixForRemote": "(Distant)",
	"DataScience.pythonFileOverridesPythonPackage": "Ce fichier peut éventuellement remplacer un package Python existant et interférer avec l’exécution du noyau. Envisagez de le renommer.",
	"DataScience.alwaysIgnoreWarningsAboutOverridingPythonPackages": "Toujours ignorer les avertissements concernant la substitution des packages Python",
	"DataScience.ignoreWarningAboutOverridingPythonPackage": "Ignorer l’avertissement pour «{0}»",
	"DataScience.moreInfoAboutFileNamesOverridingPythonPackages": "Plus d’informations sur la substitution des packages Python",
	"DataScience.reservedPythonFileNamesDiagnosticCollectionName": "Noms de fichiers Python réservés",
	"DataScience.filesPossiblyOverridingPythonModulesMayHavePreventedKernelFromStarting": "Certains des fichiers suivants trouvés dans le répertoire de travail peuvent avoir empêché le démarrage du noyau. Envisagez de les renommer.",
	"DataScience.listOfFilesWithLinksThatMightNeedToBeRenamed": "Fichier(s) : {0} devra peut-être être renommé.",
	"jupyter.configuration.jupyter.diagnostics.reservedPythonNames.enabled.markdownDescription": "Indique s’il faut afficher des avertissements concernant les noms de fichiers Python susceptibles de [override Python packages](https://aka.ms/JupyterKernelStartFailureOverrideReservedName).",
	"jupyter.configuration.jupyter.diagnostics.reservedPythonNames.exclude.markdownDescription": "Configurer [glob patterns](https://code.visualstudio.com/docs/editor/codebasics#_advanced-search-options) pour empêcher les fichiers et les dossiers d’être avertis des [overriding Python packages](https://aka.ms/JupyterKernelStartFailureOverrideReservedName)."
}