{
	"products.installingModule": "{0} をインストールしています",
	"capabilities.untrustedWorkspace.description": "インタラクティブ ウィンドウとノートブックでのセルの実行は、信頼されていないワークスペースではサポートされていません。",
	"contributes.walkthroughs.jupyterWelcome.title": "Jupyter Notebooks を使ってみる",
	"contributes.walkthroughs.jupyterWelcome.description": "Jupyter 拡張機能で提供されるすべての強力なツールと機能を使用し、Jupyter プロジェクトを設定するための最初の手順です。",
	"contributes.walkthroughs.jupyterWelcome.steps.ipynb.newUntitledIpynb.title": "Jupyter ノートブックを作成または開く",
	"contributes.walkthroughs.jupyterWelcome.steps.ipynb.newUntitledIpynb.description": "エクスプローラーで右クリックし、拡張子が .ipynb の新しいファイルを作成します。または、[コマンド パレット] (command:workbench.action.showCommands) を開いて\r\n``Create: New Jupyter Notebook``\r\n[新しい Jupyter ノートブックの作成](command:toSide:ipynb.newUntitledIpynb)\r\n コマンドを実行します。 既存のプロジェクトがある場合は、[フォルダーを開く] (command:toSide:workbench.action.files.openFolder) したり、GitHub からプロジェクトを複製したりすることもできます: [Git レポジトリの複製] (command:toSide:git.clone)。",
	"contributes.walkthroughs.jupyterWelcome.steps.ipynb.newUntitledIpynb.media.altText": "新しい Jupyter ノートブックを作成しています",
	"contributes.walkthroughs.jupyterWelcome.steps.jupyter.selectKernel.title": "Jupyter カーネルの選択",
	"contributes.walkthroughs.jupyterWelcome.steps.jupyter.selectKernel.description": "ノートブックの右上にある [カーネルの選択] をクリックし、カーネルを実行する環境を選択します。または、ノートブックを開いて、フォーカスのある状態で、[コマンド パレット] (command:workbench.action.showCommands) を開いてコマンドを実行します:\r\n''Notebook: Select Notebook Kernel''。\r\n[コマンド パレットを開いて Jupyter カーネルを選択する](command:workbench.action.showCommands)",
	"contributes.walkthroughs.jupyterWelcome.steps.jupyter.selectKernel.media.altText": "ノートブック カーネルを選択または変更しています",
	"contributes.walkthroughs.jupyterWelcome.steps.jupyter.exploreAndDebug.title": "データの探索とデバッグ",
	"contributes.walkthroughs.jupyterWelcome.steps.jupyter.exploreAndDebug.description": "📅 [データ ビューアー](https://code.visualstudio.com/docs/datascience/data-science-tutorial#_prepare-the-data) を使用して、データ行の表示、並べ替え、フィルター処理を行うことができます。データを読み込み後、ノートブックの右上にある [変数] をクリックし、データ テーブルの左側にある [データ ビューアー] アイコンをクリックします。\r\n \r\n[データ ビューアーについて](https://code.visualstudio.com/docs/datascience/data-science-tutorial#_prepare-the-data)\r\n \r\n📒 [行単位で実行](https://code.visualstudio.com/docs/datascience/jupyter-notebooks#_run-by-line) モードを使用してノートブックをデバッグし、1 行ずつセルを実行します。セルの [行単位で実行] アイコンをクリックするか (行を含む再生ボタン) をクリックするか、F10 キーを押します。\r\n \r\n[行単位で実行について](https://code.visualstudio.com/docs/datascience/jupyter-notebooks#_run-by-line)",
	"contributes.walkthroughs.jupyterWelcome.steps.jupyter.exploreAndDebug.media.altText": "データ ビューアーを開いています",
	"contributes.walkthroughs.jupyterWelcome.steps.jupyter.dataScienceLearnMore.title": "続きを読む",
	"contributes.walkthroughs.jupyterWelcome.steps.jupyter.dataScienceLearnMore.description": "🎨 Jupyter 拡張機能が提供するすべての機能を探すには、[コマンド パレット] (command:workbench.action.showCommands) で \"Jupyter\" を検索します。\r\n 📈 Python 拡張機能 ([Python 拡張機能の検索](command:workbench.extensions.search?\"ms-python.python\")) をインストールして、[Python](command:workbench.action.openWalkthrough?%7B%22category%22%3A%22ms-python.python%23pythonDataScienceWelcome%22%2C%22step%22%3A%22ms-python.python%23python.createNewNotebook%22%7D) でデータ サイエンスを開始に関する詳細情報を表示します。\r\n 📃 [チュートリアル](https://code.visualstudio.com/docs/datascience/jupyter-notebooks) でその他の機能の詳細を参照してください。 \r\n[詳細情報](https://aka.ms/AAdar6q)",
	"contributes.walkthroughs.jupyterWelcome.steps.jupyter.dataScienceLearnMore.media.altText": "ドキュメント ページとメーリング リスト のリソースを表す画像。",
	"jupyter.command.dataScience.clearCache.title": "キャッシュをクリア",
	"jupyter.command.jupyter.replayPylanceLog.title": "Pylance ログの再生",
	"jupyter.command.jupyter.replayPylanceLogStep.title": "Pylance ログをステップ実行する",
	"jupyter.command.jupyter.exportAsPythonScript.title": "Python スクリプトにエクスポート",
	"jupyter.command.jupyter.exportToHTML.title": "HTML にエクスポート",
	"jupyter.command.jupyter.exportToPDF.title": "PDF にエクスポートする",
	"jupyter.command.jupyter.debug.title": "デバッグ",
	"jupyter.command.jupyter.filterKernels.title": "カーネルのフィルター",
	"jupyter.command.jupyter.runByLine.title": "行単位で実行",
	"jupyter.command.jupyter.debugCell.title": "[デバッグ] セル",
	"jupyter.command.jupyter.runByLineNext.title": "次の行を実行",
	"jupyter.command.jupyter.runByLineStop.title": "続けて実行する",
	"DataScience.checkingIfImportIsSupported": "\"import\"がサポートされているかどうかを確認しています",
	"DataScience.validatingKernelDependencies": "Validating kernel dependencies",
	"DataScience.installingMissingDependencies": "欠損した依存関係をインストールしています",
	"DataScience.exportNotebookToPython": "Notebook を Python にエクスポートしています",
	"DataScience.performingExport": "エクスポートしています",
	"DataScience.convertingToPDF": "PDF に変換しています",
	"DataScience.exportHTMLQuickPickLabel": "HTML",
	"DataScience.exportPDFQuickPickLabel": "PDF",
	"DataScience.openExportedFileMessage": "エクスポートしたファイルを開きますか?",
	"DataScience.openExportFileYes": "はい",
	"DataScience.openExportFileNo": "いいえ",
	"DataScience.failedExportMessage": "エクスポートが失敗しました。",
	"DataScience.validationErrorMessageForRemoteUrlProtocolNeedsToBeHttpOrHttps": "HTTP である必要があります",
	"DataScience.exportFailedGeneralMessage": "詳細については、'Jupyter' [output](command:jupyter.viewOutput) パネルを確認してください。",
	"DataScience.exportToPDFDependencyMessage": "xelatex (TeX) をインストールしていない場合は、PDF にエクスポートする前にインストールする必要があります。詳細については、https://nbconvert.readthedocs.io/en/latest/install.html#installing-tex をご覧ください。\r\nxelatex (TeX) をインストールしないようにするには、HTML にエクスポートして、ブラウザーの\"PDF に印刷\"機能を使用してください。",
	"DataScience.insecureSessionMessage": "トークンなしでの HTTP 経由の接続は、安全でない接続である可能性があります。安全でない可能性のあるサーバーに接続しますか?",
	"DataScience.insecureSessionDenied": "安全でないサーバーへの接続が拒否されました。",
	"DataScience.pythonNotInstalled": "Python がインストールされていません。\r\nこのノートブック内のセルを実行するには、Python をダウンロードしてインストールしてください。",
	"DataScience.installKernel": "The Jupyter Kernel '{0}' could not be found and needs to be installed in order to execute cells in this notebook.",
	"DataScience.customizeLayout": "レイアウトのカスタマイズ...",
	"DataScience.warnWhenSelectingKernelWithUnSupportedPythonVersion": "The version of Python associated with the selected kernel is no longer supported. Please consider selecting a different kernel.",
	"DataScience.activatingPythonEnvironment": "Python 環境 '{0}' をアクティブ化しています",
	"jupyter.kernel.percentPipCondaInstallInsteadOfBang": "'!{0} install' の代わりに '%{0} install' を使用する",
	"jupyter.kernel.pipCondaInstallHoverWarning": "'!{0} install' は、パッケージを間違った環境にインストールする可能性があります。[詳細情報]({1})",
	"jupyter.kernel.replacePipCondaInstallCodeAction": "'%{0} install' に置き換える",
	"jupyter.kernel.filter.placeholder": "Choose the kernels that are available in the kernel picker.",
	"jupyter.kernel.category.jupyterSession": "(リモート) Jupyter セッション",
	"jupyter.kernel.category.jupyterKernel": "Jupyter Kernel",
	"jupyter.kernel.category.jupyterRemoteKernel": "(リモート) Jupyter Kernel",
	"jupyter.kernel.category.conda": "Conda ENV",
	"jupyter.kernel.category.poetry": "Poetry 環境",
	"jupyter.kernel.category.pipenv": "Pipenv 環境",
	"jupyter.kernel.category.pyenv": "PyEnv 環境",
	"jupyter.kernel.category.global": "グローバル環境",
	"jupyter.kernel.category.virtual": "仮想環境",
	"jupyter.command.jupyter.viewLanguageServerOutput.title": "言語サーバー出力を表示する",
	"jupyter.command.jupyter.selectAndRunTestMethod.title": "テスト メソッドの実行...",
	"jupyter.command.jupyter.selectAndDebugTestMethod.title": "テスト メソッドのデバッグ ...",
	"jupyter.command.jupyter.selectAndRunTestFile.title": "テスト ファイルを実行する...",
	"jupyter.command.jupyter.runCurrentTestFile.title": "現在のテスト ファイルを実行する",
	"jupyter.command.jupyter.runFailedTests.title": "失敗したテストの実行",
	"jupyter.command.jupyter.discoverTests.title": "テストの検出",
	"jupyter.command.jupyter.discoveringTests.title": "検出中...",
	"jupyter.command.jupyter.stopTests.title": "停止",
	"jupyter.command.jupyter.configureTests.title": "テストを構成する",
	"jupyter.command.jupyter.execSelectionInTerminal.title": "Python ターミナルで選択範囲/行を実行する",
	"jupyter.command.jupyter.execSelectionInDjangoShell.title": "Django シェルでの選択範囲/行の実行",
	"jupyter.command.jupyter.goToPythonObject.title": "Python オブジェクトに移動する",
	"jupyter.command.jupyter.setLinter.title": "リンターを選択",
	"jupyter.command.jupyter.enableLinting.title": "リンティングを有効にする",
	"jupyter.command.jupyter.runLinting.title": "はい、通知してください",
	"jupyter.command.jupyter.runFileInteractive.title": "対話型ウィンドウで現在のファイルを実行する",
	"jupyter.command.jupyter.debugFileInteractive.title": "対話型ウィンドウで現在のファイルをデバッグする",
	"jupyter.command.jupyter.runallcells.title": "すべてのセルを実行する",
	"jupyter.command.jupyter.notebookeditor.expandallcells.title": "Notebook セルをすべて展開する",
	"jupyter.command.jupyter.notebookeditor.collapseallcells.title": "Notebook セルをすべて折りたたむ",
	"jupyter.command.jupyter.runallcellsabove.title": "上を実行する",
	"jupyter.command.jupyter.runcellandallbelow.title": "以下を実行",
	"jupyter.command.jupyter.runallcellsabove.palette.title": "現在のセルの上のセルを実行する",
	"jupyter.command.jupyter.runcurrentcellandallbelow.palette.title": "現在のセル以下を実行する",
	"jupyter.command.jupyter.debugcurrentcell.palette.title": "現在のセルをデバッグする",
	"jupyter.command.jupyter.debugcell.title": "[デバッグ] セル",
	"jupyter.command.jupyter.debugstepover.title": "ステップ オーバー",
	"jupyter.command.jupyter.debugcontinue.title": "続行",
	"jupyter.command.jupyter.debugstop.title": "停止",
	"jupyter.command.jupyter.runtoline.title": "対話型ウィンドウで行まで実行する",
	"jupyter.command.jupyter.runfromline.title": "対話型ウィンドウで行単位で実行する",
	"jupyter.command.jupyter.runcurrentcell.title": "現在のセルを実行",
	"jupyter.command.jupyter.runcurrentcelladvance.title": "現在のセル以上を実行する",
	"jupyter.command.jupyter.execSelectionInteractive.title": "対話型ウィンドウで選択範囲/行を実行",
	"jupyter.command.jupyter.runcell.title": "セルの実行",
	"jupyter.command.jupyter.insertCellBelowPosition.title": "下の位置にセルを挿入する",
	"jupyter.command.jupyter.insertCellBelow.title": "セルを下に挿入する",
	"jupyter.command.jupyter.insertCellAbove.title": "セルを上に挿入する",
	"jupyter.command.jupyter.deleteCells.title": "選択したセルの削除",
	"jupyter.command.jupyter.selectCell.title": "セルの選択",
	"jupyter.command.jupyter.selectCellContents.title": "セルの内容を選択",
	"jupyter.command.jupyter.extendSelectionByCellAbove.title": "上のセルで選択範囲を拡張する",
	"jupyter.command.jupyter.extendSelectionByCellBelow.title": "下のセルで選択範囲を拡張する",
	"jupyter.command.jupyter.moveCellsUp.title": "選択したセルを上に移動する",
	"jupyter.command.jupyter.moveCellsDown.title": "選択したセルを下に移動する",
	"jupyter.command.jupyter.changeCellToMarkdown.title": "セルを Markdown に変更する",
	"jupyter.command.jupyter.changeCellToCode.title": "セルをコードに変更する",
	"jupyter.command.jupyter.gotoNextCellInFile.title": "次のセルに移動",
	"jupyter.command.jupyter.gotoPrevCellInFile.title": "前のセルに移動",
	"jupyter.command.jupyter.showhistorypane.title": "インタラクティブ ウィンドウを表示する",
	"jupyter.command.jupyter.createnewinteractive.title": "対話型ウィンドウを作成する",
	"jupyter.command.jupyter.selectjupyteruri.title": "Jupyter サーバーを接続に指定する",
	"DataScience.jupyterNativeNotebookUriStatusLabelForLocal": "Jupyter サーバー: ローカル",
	"DataScience.jupyterNativeNotebookUriStatusLabelForRemote": "Jupyter サーバー: リモート",
	"jupyter.command.jupyter.selectjupytercommandline.title": "Jupyter コマンド ライン引数を指定する",
	"jupyter.command.jupyter.importnotebook.title": "Jupyter Notebook をインポートする",
	"jupyter.command.jupyter.importnotebookfile.title": "Python スクリプトに変換",
	"jupyter.command.jupyter.exportoutputasnotebook.title": "対話型ウィンドウを Jupyter Notebook としてエクスポートする",
	"jupyter.command.jupyter.exportfileasnotebook.title": "現在の Python ファイルを Jupyter Notebook としてエクスポートする",
	"jupyter.command.jupyter.exportfileandoutputasnotebook.title": "現在の Python ファイルと出力を Jupyter Notebook としてエクスポートする",
	"jupyter.command.jupyter.undocells.title": "最後の対話型アクションを元に戻す",
	"jupyter.command.jupyter.redocells.title": "最後の対話型アクションのやり直し",
	"jupyter.command.jupyter.removeallcells.title": "すべての対話型セルを削除する",
	"jupyter.command.jupyter.notebookeditor.removeallcells.title": "Notebook エディターのすべてのセルを削除する",
	"jupyter.command.jupyter.notebookeditor.addcellbelow.title": "空のセルを Notebook ファイルに追加する",
	"jupyter.command.jupyter.notebookeditor.keybind.undo.title": "元に戻す",
	"jupyter.command.jupyter.notebookeditor.keybind.save.title": "保存",
	"jupyter.command.jupyter.interruptkernel.title": "Interrupt Kernel",
	"jupyter.command.jupyter.interruptkernel.shorttitle": "割り込み",
	"DataScience.restartKernel": "Restart Kernel",
	"jupyter.command.jupyter.restartkernel.title": "Restart Kernel",
	"jupyter.command.jupyter.restartkernel.shorttitle": "再起動",
	"jupyter.command.jupyter.expandallcells.title": "すべての対話型セルを展開する",
	"jupyter.command.jupyter.collapseallcells.title": "すべての対話型セルを折りたたむ",
	"jupyter.command.jupyter.expandallcells.shorttitle": "展開",
	"jupyter.command.jupyter.collapseallcells.shorttitle": "折りたたみ",
	"jupyter.command.jupyter.addcellbelow.title": "空のセルをファイルに追加する",
	"jupyter.command.jupyter.createnewnotebook.title": "新しい Jupyter ノートブックの作成",
	"jupyter.command.jupyter.scrolltocell.title": "セルをビューにスクロールする",
	"jupyter.command.jupyter.selectJupyterInterpreter.title": "インタープリターを選択して Jupyter Server を開始する",
	"jupyter.command.jupyter.enableDebugLogging.title": "デバッグ ログを有効にする",
	"jupyter.command.jupyter.resetLoggingLevel.title": "リセット ログ レベル",
	"jupyter.command.jupyter.showDataViewer.title": "データ ビューアーで値を表示する",
	"jupyter.command.jupyter.viewOutput.title": "出力の表示",
	"DataScience.viewJupyterLogForFurtherInfo": "詳細については、Jupyter [log] (command:jupyter.viewOutput) を参照してください。",
	"jupyter.showJupyterLogs": "Jupyter ログの表示",
	"jupyter.command.jupyter.clearSavedJupyterUris.title": "Jupyter リモート サーバーの一覧をクリアする",
	"jupyter.command.jupyter.openVariableView.title": "変数ビューを開く",
	"jupyter.command.jupyter.openVariableView.shorttitle": "変数",
	"jupyter.command.jupyter.openOutlineView.title": "目次の表示 (アウトライン ビュー)",
	"jupyter.command.jupyter.openOutlineView.shorttitle": "アウトライン",
	"DataScience.currentlySelectedJupyterInterpreterForPlaceholder": "現在: {0}",
	"jupyter.command.jupyter.analysis.clearCache.title": "モジュール分析キャッシュのクリア",
	"jupyter.command.jupyter.analysis.restartLanguageServer.title": "言語サーバーの再起動",
	"jupyter.commandPalette.jupyter.replayPylanceLog.title": "Pylance ログの再生",
	"jupyter.notebookRenderer.IPyWidget.displayName": "Jupyter IPyWidget レンダラー",
	"jupyter.notebookRenderer.Error.displayName": "Jupyter エラー レンダラー",
	"jupyter.debuggers.kernel": "Python カーネル デバッグ アダプター",
	"jupyter.debuggers.interactive": "Python インタラクティブ ウィンドウ",
	"jupyter.configuration.jupyter.experiments.enabled.description": "A/B テストを有効または無効にします。",
	"jupyter.configuration.jupyter.showVariableViewWhenDebugging.description": "行単位で実行セッションを開始するときに変数ビューを表示します。",
	"jupyter.configuration.jupyter.logging.level.description": "拡張機能がログに記録するログ レベル。",
	"jupyter.configuration.jupyter.experiments.optInto.markdownDescription": "オプトインする実験のリスト。空の場合、ユーザーには既定の実験グループが割り当てられます。[詳細については](https://github.com/microsoft/vscode-jupyter/wiki/Experiments) を参照してください。",
	"jupyter.configuration.jupyter.experiments.optOutFrom.markdownDescription": "オプトアウトする実験のリスト。空の場合、ユーザーには既定の実験グループが割り当てられます。[詳細については](https://github.com/microsoft/vscode-jupyter/wiki/Experiments) を参照してください。",
	"jupyter.configuration.jupyter.enableKeyboardShortcuts.deprecationMessage": "Jupyter キーボード ショートカットが ms-toolsai.jupyter-keymap 拡張機能に移動されたため、この設定は非推奨になりました。Jupyter キーボード ショートカットを無効にする場合は、代わりにその拡張機能をアンインストールまたは無効にしてください。",
	"jupyter.configuration.jupyter.enableKeyboardShortcuts.description": "ノートブックの Jupyter スタイルのキーボード ショートカットを有効にします。",
	"jupyter.configuration.jupyter.allowImportFromNotebook.deprecationMessage": "この設定は非推奨であり、次のリリースで削除されます。",
	"jupyter.configuration.jupyter.allowImportFromNotebook.description": "ユーザーが Jupyter ノートブックを開いたときにいつでも Python ファイルにインポートすることを許可します。",
	"jupyter.configuration.jupyter.widgetScriptSources.items.enumDescriptions.0": "https://www.jsdelivr.com/ からウィジェット (Javascript) スクリプトを読み込みます",
	"jupyter.configuration.jupyter.widgetScriptSources.items.enumDescriptions.1": "from https://unpkg.com/ からウィジェット (Javascript) スクリプトを読み込みます",
	"jupyter.configuration.jupyter.widgetScriptSources.markdownDescription": "ウィジェットのスクリプト ファイルのダウンロード元となるソースの場所と順序を定義します (例: ipywidgest、bqplot、beakerx、ipyleaflet など)。これらのいずれかを選択しないと、ウィジェットが正しく表示または機能しない可能性があります。詳細については、[ここ](https://aka.ms/PVSCIPyWidgets) を参照してください。更新したら、カーネルを再起動する必要があります。",
	"jupyter.configuration.jupyter.askForLargeDataFrames.description": "非常に大きいデータ フレームを開く前にユーザーに警告します。",
	"jupyter.configuration.jupyter.askForKernelRestart.description": "カーネルを再起動する前にユーザーに警告します。",
	"jupyter.configuration.jupyter.exportWithOutputEnabled.description": "Python ファイルを Jupyter ノートブックへのエクスポートを有効にし、その際にすべてのセルを実行します。",
	"jupyter.configuration.jupyter.jupyterLaunchTimeout.description": "Jupyter Notebook サーバーが起動するまでの待機時間 (ミリ秒)。",
	"jupyter.configuration.jupyter.jupyterLaunchRetries.description": "Jupyter Notebook への接続試行回数",
	"jupyter.configuration.jupyter.jupyterCommandLineArguments.description": "ノートブック エディターまたはインタラクティブ ウィンドウ Jupyter サーバーを起動すると、これらの引数が渡されます。既定では、このリストは Jupyter 拡張機能によって生成されます。",
	"jupyter.configuration.jupyter.notebookFileRoot.description": "ノートブックとインタラクティブ ウィンドウを実行するためのルート ディレクトリを設定します。",
	"jupyter.configuration.jupyter.searchForJupyter.deprecationMessage": "この設定は非推奨であり、次のリリースで削除されます。",
	"jupyter.configuration.jupyter.searchForJupyter.description": "インタラクティブ ウィンドウの起動時に、インストールされているすべての Python インタープリターで Jupyter のインストールを検索します",
	"jupyter.configuration.jupyter.useDefaultConfigForJupyter.description": "Jupyter をローカルで実行するときに、インタラクティブ ウィンドウに既定の空の Jupyter 構成を作成します",
	"jupyter.configuration.jupyter.jupyterInterruptTimeout.description": "Jupyter カーネルの再起動を要求するまでの割り込みを待機する時間 (ミリ秒)。",
	"jupyter.configuration.jupyter.allowInput.deprecationMessage": "この設定は非推奨であり、次のリリースで削除されます。",
	"jupyter.configuration.jupyter.allowInput.description": "Python コードをインタラクティブ ウィンドウへの直接入力を許可する",
	"jupyter.configuration.jupyter.showCellInputCode.deprecationMessage": "この設定は非推奨であり、次のリリースで削除されます。",
	"jupyter.configuration.jupyter.showCellInputCode.description": "セル入力コードを表示します。",
	"jupyter.configuration.jupyter.collapseCellInputCodeByDefault.description": "既定でセルの入力コードを折りたたむ。",
	"jupyter.configuration.jupyter.collapseCellInputCodeByDefault.markdownDeprecationMessage": "この設定は非推奨になりました。代わりに `#interactiveWindow.collapseCellInputCode#` を使用してください。",
	"jupyter.configuration.jupyter.maxOutputSize.deprecationMessage": "この設定は非推奨であり、次のリリースで削除されます。",
	"jupyter.configuration.jupyter.maxOutputSize.description": "スクロール バーが表示されるまでのノートブック エディターのテキスト出力の最大サイズ (ピクセル単位)。最初に設定でセル出力のスクロールを有効にしてください。",
	"jupyter.configuration.jupyter.alwaysScrollOnNewCell.description": "インタラクティブ ウィンドウを自動的にスクロールして、最後に実行されたステートメントの出力を表示します。false の場合、前のセルの下が表示されている場合にのみ自動的にスクロールされます。",
	"jupyter.configuration.jupyter.alwaysScrollOnNewCell.deprecationMessage": "この設定は古いです。代わりに 'interactiveWindow.alwaysScrollOnNewCell' 設定を使用してください。",
	"jupyter.configuration.jupyter.enableScrollingForCellOutputs.deprecationMessage": "この設定は非推奨であり、次のリリースで削除されます。",
	"jupyter.configuration.jupyter.enableScrollingForCellOutputs.description": "ノートブック エディターで大きなセル出力のスクロールを有効にします。この設定はインタラクティブ ウィンドウに適用されません。",
	"jupyter.configuration.jupyter.sendSelectionToInteractiveWindow.description": "Shift+Enter を押すと、Python ファイル内の選択したコードを Python ターミナルではなく Jupyter インタラクティブ ウィンドウに送信します。",
	"jupyter.configuration.jupyter.variableExplorerExclude.description": "対話型変数エクスプローラーでの表示から除外する型",
	"jupyter.configuration.jupyter.codeRegularExpression.description": "コード セルを識別するために使用される正規表現。次の一致までのすべてのコードがこのセルの一部と見なされます。",
	"jupyter.configuration.jupyter.defaultCellMarker.description": "Python ファイル内のセルを削除するために使用されるセル マーカー。",
	"jupyter.configuration.jupyter.markdownRegularExpression.description": "Markdown セルを識別するために使用される正規表現。この式の後のすべてのコメントは、Markdown の一部と見なされます。",
	"jupyter.configuration.jupyter.allowLiveShare.deprecationMessage": "Jupyter 拡張機能でインタラクティブ ウィンドウの Live Share サポートがなくなったため、この設定は非推奨になりました。",
	"jupyter.configuration.jupyter.allowLiveShare.description": "Live Share セッション中にインタラクティブ ウィンドウの共有を許可する",
	"jupyter.configuration.jupyter.ignoreVscodeTheme.deprecationMessage": "この設定は非推奨であり、次のリリースで削除されます。",
	"jupyter.configuration.jupyter.ignoreVscodeTheme.description": "インタラクティブ ウィンドウで VS Code テーマを使用しない (VS Codeの再読み込みが必要)。これにより、インタラクティブ ウィンドウで 'Light +(default light)' が使用され、matplotlib の既定値が無効になります。",
	"jupyter.configuration.jupyter.themeMatplotlibPlots.description": "インタラクティブ ウィンドウとノートブック エディターのテーマの matplotlib 出力で、VS Code エディターのテーマと一致させます。",
	"jupyter.configuration.jupyter.liveShareConnectionTimeout.deprecationMessage": "この設定は非推奨であり、次のリリースで削除されます。",
	"jupyter.configuration.jupyter.liveShareConnectionTimeout.description": "ゲスト接続に Python 拡張機能がインストールされていることを確認するまでの待機時間。",
	"jupyter.configuration.jupyter.decorateCells.description": "現在アクティブなセルの背後を強調表示します。",
	"jupyter.configuration.jupyter.enableCellCodeLens.description": "Python ファイル内の 'cells' のコード レンズを有効にします。",
	"jupyter.configuration.jupyter.enableAutoMoveToNextCell.description": "'セルの実行' コード レンズをクリックしたときに次のセルへの移動を有効にします。",
	"jupyter.configuration.jupyter.allowUnauthorizedRemoteConnection.description": "有効な証明書がない https Jupyter サーバーへのインタラクティブ ウィンドウの接続を許可します。これはセキュリティ上の問題である可能性があるため、既知の信頼できるサーバーにのみ使用してください。",
	"jupyter.configuration.jupyter.generateSVGPlots.description": "ノートブック プロットの SVG 出力を生成します。これにより、生成速度とファイル サイズがコストでプロット ビューアーでの表示を向上できます。",
	"jupyter.configuration.jupyter.codeLenses.description": "セルの上にコード レンズとして配置するコマンドのセット。",
	"jupyter.configuration.jupyter.debugCodeLenses.description": "デバッグ中にセルの上にコード レンズとして配置するデバッグ コマンドのセット。",
	"jupyter.configuration.jupyter.debugpyDistPath.description": "セルをデバッグするための debugpy ビットへのパス。",
	"jupyter.configuration.jupyter.stopOnFirstLineWhileDebugging.description": "セルをデバッグするときに、最初の行で停止します。",
	"jupyter.configuration.jupyter.remoteDebuggerPort.description": "セルをデバッグするときに、リモート ボックスでこのポートを開きます。-1 を指定すると、8889 から 9000 までのランダム ポートが試行されます。",
	"jupyter.configuration.jupyter.disableJupyterAutoStart.description": "TRUE の場合、Jupyter が自動的に開始することを無効にします。代わりにセルを実行して Jupyter を開始する必要があります。",
	"jupyter.configuration.jupyter.textOutputLimit.deprecationMessage": "この設定は非推奨です。`notebook.output.textLineLimit` を使用してください。この設定は今後のリリースで削除されます。",
	"jupyter.configuration.jupyter.textOutputLimit.description": "対話型セルのテキスト出力のテキスト量をこの値に制限します。任意の文字数を許可する場合は 0 を指定します。",
	"jupyter.configuration.jupyter.colorizeInputBox.deprecationMessage": "この設定は非推奨であり、今後のリリースで削除されます。",
	"jupyter.configuration.jupyter.colorizeInputBox.description": "テーマのピーク色を入力ボックスの背景として使用するかどうか。",
	"jupyter.configuration.jupyter.stopOnError.description": "セルが例外をスローした場合、セルの実行を停止します。",
	"jupyter.configuration.jupyter.addGotoCodeLenses.description": "セルの実行後、'Goto' コード レンズをセルに追加します。注意: すべてのコード レンズを無効にすると、このコード レンズも無効になります。",
	"jupyter.configuration.jupyter.variableQueries.markdownDescription": "Jupyter カーネル内のアクティブな変数の一覧を返すためのクエリ マッピングする言語。インタラクティブ ウィンドウとノートブックの両方の変数エクスプローラーで使用されます。例：\r\n```\r\n[\r\n  {\r\n    \"language\": \"python\",\r\n    \"query\": \"%who_ls\",\r\n    \"parseExpr\": \"'(\\\\w+)'\"\r\n  }\r\n]\r\n```",
	"jupyter.configuration.jupyter.kernels.filter.items.markdownDescription": "カーネル 仕様または Python 環境への完全修飾パス。\r\n例: `~/miniconda3/envs/sample/bin/python`。",
	"jupyter.configuration.jupyter.kernels.filter.markdownDescription": "カーネル ピッカーから除外する Jupyter カーネルおよび/または Python 環境の一覧。",
	"jupyter.configuration.jupyter.interactiveWindowMode.description": "インタラクティブ ウィンドウの動作です。'perFile' は、セルを実行するすべてのファイルに対して新しいインタラクティブ ウィンドウを作成します。'single' は 1 つのウィンドウを許可します。'multiple' は、複数を作成できます。",
	"jupyter.configuration.jupyter.interactiveWindowViewColumn.description": "Python ファイルに関連付けられていないインタラクティブ ウィンドウを開く場所。'beside' は、アクティブなエディターの右側のインタラクティブ ウィンドウを開きます。'active' は、アクティブなエディターの代わりにインタラクティブ ウィンドウを開きます。'secondGroup' は 2 番目のエディター グループの対話型ウィンドウを開きます。",
	"jupyter.configuration.jupyter.magicCommandsAsComments.description": "コード セルの解析時にシェル割り当て (#!)、行マジック (#!%) およびセル マジック (#!%%) のコメントを解除します。",
	"jupyter.configuration.jupyter.pythonExportMethod.description": "ノートブックを Python ファイルにエクスポートするときに使用するメソッド。'direct' はコードをそのまま直接コピーします。'commentMagics' は、行マジック (%)、セルマジック (%%)、シェル コマンド (!) で始まる行をコメントアウトします。'nbconvert' は IPython 構文を Python 構文に変換できる nbconvert をインストールし、変換に使用します。",
	"jupyter.configuration.jupyter.runStartupCommands.description": "一連の Python 命令または IPython マジック コマンド。文字列の配列、またはコマンドを '\\n' で区切った単一の文字列を指定できます。インタラクティブ ウィンドウが読み込まれるたびに、コマンドは確認を表示せずに実行されます。たとえば、対話型セッションを再起動せず、インポートされたファイルに加えられた変更を自動的に再度読み込むには、これを '%load_ext autoreload\\n%autoreload 2' に設定します。",
	"jupyter.configuration.jupyter.debugJustMyCode.description": "デバッグ時に、マイ コードのみをデバッグします。",
	"jupyter.configuration.jupyter.showOutlineButtonInNotebookToolbar.description": "Jupyter notebook ツール バーに [アウトライン] ボタンを表示します。",
	"jupyter.configuration.jupyter.newCellOnRunLast.description": "現在の最後のセルを実行している時に、新しい空のセルをインタラクティブ ウィンドウ ファイルに追加します。",
	"jupyter.configuration.jupyter.pylanceHandlesNotebooks.description": "Pylance でノートブック連結ドキュメントの作成を管理するかどうかを決定します。",
	"jupyter.configuration.jupyter.pythonCompletionTriggerCharacters.description": "Python Jupyter カーネルでオート コンプリートをトリガーする文字。",
	"jupyter.configuration.jupyter.logKernelOutputSeparately.description": "カーネル / Jupyter サーバー コンソール出力用に個別の出力パネルを作成します",
	"jupyter.configuration.jupyter.excludeUserSitePackages.description": "開始する前に、カーネルに PYTHONNOUSERSITE を追加してください。これにより、グローバル / ユーザーのサイト パッケージがカーネルの PYTHONPATH で使用されないようになります。",
	"jupyter.configuration.jupyter.enableExtendedKernelCompletions.markdownDescription": "Jupyter カーネルの実行で、IntelliSense の拡張完了に対すJedi サポートを有効にします (この [設定](https://ipython.readthedocs.io/en/stable/config/options/terminal.html?highlight=use_jedi#configtrait-Completer.use_jedi) を参照してください)。 これにより、ノートブック セルの実行パフォーマンスに大きな影響を与える可能性があります。注意して使用してください。",
	"jupyter.configuration.jupyter.showOnlyOneTypeOfKernel.markdownDescription": "カーネル ピッカーに表示するカーネルの種類は 1 つだけです。これにより、ローカル カーネルとリモート カーネルがカーネル ピッカーに同時に表示されなくなります。",
	"Pylance.proposePylanceMessage": "Microsoft による Python 用の高速で機能豊富な新しい言語サーバーである Pylance をお試しください。今すぐ拡張機能をインストールします。",
	"Pylance.tryItNow": "今すぐ試す",
	"Pylance.remindMeLater": "後で通知する",
	"Pylance.installPylanceMessage": "Pylance 拡張機能がインストールされていません。Pylance インストール ページを開くには、[はい] をクリックしてください。",
	"Pylance.pylanceNotInstalledMessage": "Pylance 拡張機能はインストールされていません。",
	"Pylance.pylanceInstalledReloadPromptMessage": "Pylance 拡張機能がインストールされました。ウィンドウを再度読み込んでアクティブ化しますか?",
	"DataScience.unknownMimeTypeFormat": "MIME の種類 {0} は現在サポートされていません。",
	"DataScience.historyTitle": "インタラクティブ",
	"DataScience.dataExplorerTitle": "データ ビューアー",
	"DataScience.badWebPanelFormatString": "<html><body><h1>{0} は有効なファイル名ではありません</h1></body></html>",
	"DataScience.sessionDisposed": "コードを実行できません。セッションが破棄されました。",
	"DataScience.rawKernelProcessNotStarted": "Raw kernel process was not able to start.",
	"DataScience.rawKernelProcessExitBeforeConnect": "Raw kernel process exited before connecting.",
	"DataScience.passwordFailure": "パスワードで保護されたサーバーに接続できませんでした。パスワードが正しいことを確認してください。",
	"DataScience.exportDialogTitle": "Jupyter Notebook にエクスポート",
	"DataScience.exportDialogFilter": "Jupyter Notebook",
	"DataScience.exportDialogComplete": "{0}に書き込まれた Notebook",
	"DataScience.exportDialogFailed": "ノートブックをエクスポートできませんでした。{0}",
	"DataScience.exportOpenQuestion1": "エディターで開く",
	"DataScience.notebookExport": "エクスポート",
	"DataScience.exportAsNotebook.shorttitle": "保存",
	"DataScience.exportAs": "形式を指定してエクスポート",
	"DataScience.notebookExportAs": "形式を指定してエクスポート",
	"DataScience.notebookExportAs.shorttitle": "エクスポート",
	"DataScience.exportAsQuickPickPlaceholder": "形式を指定してエクスポート",
	"DataScience.exportPythonQuickPickLabel": "Python スクリプト",
	"DataScience.collapseInputTooltip": "入力ブロックを折りたたむ",
	"DataScience.collapseVariableExplorerTooltip": "Hide variables active in Jupyter kernel",
	"DataScience.collapseVariableExplorerLabel": "変数",
	"DataScience.expandVariableExplorerTooltip": "Show variables active in Jupyter kernel",
	"DataScience.close": "閉じる",
	"DataScience.interactiveCopyCell": "セルをコピーする",
	"DataScience.runInDedicatedExtensionHost": "専用拡張機能ホストでの実行",
	"DataScience.variableLoadingValue": "読み込んでいます...",
	"DataScience.importDialogTitle": "Jupyter Notebook をインポートする",
	"DataScience.importDialogFilter": "Jupyter Notebook",
	"DataScience.notebookCheckForImportYes": "インポート",
	"DataScience.reloadRequired": "新しい設定を有効にするには、ウィンドウを再度読み込んでください。",
	"DataScience.notebookCheckForImportNo": "後で",
	"DataScience.notebookCheckForImportDontAskAgain": "今後このメッセージを表示しない",
	"DataScience.notebookCheckForImportTitle": "Jupyter Notebook を Python コードにインポートしますか?",
	"DataScience.jupyterNotSupported": "Jupyter を起動できません。Jupyter の検索中にエラーが発生しました: {0}",
	"DataScience.jupyterNotSupportedBecauseOfEnvironment": "Jupyter を実行するための {0} のアクティブ化が {1} で失敗しました。",
	"DataScience.jupyterNbConvertNotSupported": "ノートブックをインポートするには、Jupyter nbconvert がインストールされている必要があります。",
	"DataScience.removeRemoteJupyterConnectionButtonText": "接続を無視する",
	"DataScience.changeRemoteJupyterConnectionButtonText": "接続の管理",
	"DataScience.jupyterLaunchNoURL": "起動された Jupyter ノートブック サーバーの URL の検索に失敗しました",
	"DataScience.jupyterLaunchTimedOut": "Jupyter ノートブック サーバーを時間内に起動できませんでした",
	"DataScience.jupyterSelfCertFail": "サーバー {0} で使用されているセキュリティ証明書は、信頼できる証明期間が発行したものではありませんでした。\r\nこれは、ユーザーの情報を盗もうとしていることを示している可能性があります。\r\nこのワークスペースの [未承認のリモート接続を許可する] 設定を有効にして接続できるようにしますか?",
	"DataScience.jupyterExpiredCertFail": "サーバー {0} で使用されているセキュリティ証明書の有効期限が切れています。\r\nこれは、ユーザーの情報を盗もうとしていることを示している可能性があります。\r\nこのワークスペースの [未承認のリモート接続を許可する] 設定を有効にして接続できるようにしますか?",
	"DataScience.jupyterSelfCertFailErrorMessageOnly": "サーバーで使用されているセキュリティ証明書は、信頼できる証明機関によって発行されたものではありません。\r\nこれは、ユーザーの情報を盗もうとしていることを示している可能性があります。",
	"DataScience.jupyterSelfCertExpiredErrorMessageOnly": "サーバーで使用されているセキュリティ証明書の有効期限が切れています。\r\nこれは、ユーザーの情報を盗もうとしていることを示している可能性があります。",
	"DataScience.jupyterSelfCertEnable": "はい、常に接続します",
	"DataScience.jupyterSelfCertClose": "いいえ。接続を閉じます",
	"DataScience.jupyterServerCrashed": "Jupyter サーバーがクラッシュしました。接続できません。\r\nJupyter のエラー コード: {0}",
	"DataScience.rawConnectionDisplayName": "Direct kernel connection",
	"DataScience.rawConnectionBrokenError": "Direct kernel connection broken",
	"DataScience.pythonInteractiveHelpLink": "詳細なヘルプを見る",
	"DataScience.markdownHelpInstallingMissingDependencies": "Jupyter と関連する依存関係のインストールに関するヘルプは、[https://aka.ms/pyaiinstall](https://aka.ms/pyaiinstall) を参照してください。",
	"DataScience.importingFormat": "{0} のインポート中",
	"DataScience.startingJupyter": "Jupyter サーバーを開始しています",
	"DataScience.connectingToJupyter": "Jupyter サーバーに接続しています",
	"DataScience.connectingToKernel": "Connecting to kernel: {0}",
	"DataScience.connectedToKernel": "接続されました。",
	"DataScience.connected": "接続済み",
	"DataScience.disconnected": "切断",
	"Experiments.inGroup": "ユーザーは実験グループ '{0}' に属しています",
	"Logging.CurrentWorkingDirectory": "cwd:",
	"Logging.WarnUserAboutDebugLoggingSetting": "Jupyter 拡張機能のデバッグ ログを有効にしました。これにより、ログはディスクに書き込まれます。デバッグ ログをオフにしますか?",
	"Logging.YesTurnOffDebugLogging": "はい、デバッグ ログをオフにします",
	"Logging.NoResponse": "いいえ",
	"Logging.NoAndDontAskAgain": "はい。今後このメッセージを表示しない",
	"GitHubIssue.Failure": "GitHub Issueの送信中にエラーが発生しました。問題を報告しますか?",
	"GitHubIssue.copyToClipboardAndOpenIssue": "はい。コンテンツをクリップボードにコピーして問題を開きます",
	"GitHubIssue.pleaseFillThisOut": "問題を送信する前に、このセクションに入力し、このコメントを削除してください。",
	"GitHubIssue.missingFields": "[GitHub Issueの送信] をクリックする前に、発生した問題の詳細を入力してください。",
	"GitHubIssue.askForIssueTitle": "問題の概要を説明するタイトルを入力してください。",
	"GitHubIssue.titlePlaceholder": "E.g.: Unable to start a local kernel session",
	"DataScience.allowExtensionToUseJupyterKernelApi": "拡張機能 '{0}' に Jupyter Kernels へのアクセス権を付与しますか? '{1}' をクリックすると、この拡張機能は Jupyter Kernels に対してコードを実行できるようになります。",
	"DataScience.thanksForUsingJupyterKernelApiPleaseRegisterWithUs": "Jupyter API をお試しいただき、ありがとうございます。この API を運用環境で使用するには、リポジトリに問題を送信してください。これにより、API の更新時に拡張機能が壊れるのを防ぐことができます (まだ進行中の作業であるため)。",
	"Common.bannerLabelYes": "はい",
	"Common.bannerLabelNo": "いいえ",
	"Common.doNotShowAgain": "今後表示しない",
	"Common.reload": "再度読み込む",
	"Common.moreInfo": "詳細",
	"Common.and": "および",
	"Common.download": "ダウンロード",
	"Common.ok": "OK",
	"Common.install": "インストール",
	"Common.learnMore": "詳細",
	"Common.reportThisIssue": "はい、通知してください",
	"CommonSurvey.remindMeLaterLabel": "後で通知する",
	"CommonSurvey.yesLabel": "はい。今すぐアンケートに答えます",
	"CommonSurvey.noLabel": "いいえ、遠慮します",
	"Common.clickHereForMoreInfoWithHtml": "詳細については<a href='{0}'>こちら</a>をクリックしてください。",
	"OutputChannelNames.languageServer": "Python 言語サーバー",
	"OutputChannelNames.python": "Python",
	"OutputChannelNames.pythonTest": "Python テスト ログ",
	"OutputChannelNames.jupyter": "Jupyter",
	"ExtensionSurveyBanner.bannerMessage": "2 分ほどお時間をいただき、Jupyter 拡張機能がどのように機能しているか教えていただけますか?",
	"ExtensionSurveyBanner.bannerLabelYes": "はい。今すぐアンケートに答えます",
	"ExtensionSurveyBanner.bannerLabelNo": "いいえ、遠慮します",
	"ExtensionSurveyBanner.maybeLater": "後で行う",
	"DataScience.restartKernelMessage": "Do you want to restart the Jupyter kernel? All variables will be lost.",
	"DataScience.restartKernelMessageYes": "はい",
	"DataScience.restartingKernelFailed": "Kernel restart failed. Jupyter server is hung. Please reload VS Code.",
	"DataScience.interruptingKernelFailed": "Kernel interrupt failed. Jupyter server is hung. Please reload VS Code.",
	"DataScienceSurveyBanner.bannerMessage": "2 分ほどお時間をいただき、データ サイエンス機能がどのように機能しているか教えていただけますか?",
	"DataScienceSurveyBanner.bannerLabelYes": "はい。今すぐアンケートに答えます",
	"DataScienceSurveyBanner.bannerLabelNo": "いいえ、遠慮します",
	"InteractiveShiftEnterBanner.bannerMessage": "'shift-enter' の '対話型' ウィンドウ (IPython コンソール) でコードを実行しますか? Python ターミナルでコードの実行を続行するには、[いいえ] を選択します。これは後で設定で変更できます。",
	"DataScience.automaticallyReconnectingToAKernelProgressMessage": "カーネル {0}に再接続しています",
	"DataScience.restartingKernelStatus": "Restarting Kernel {0}",
	"DataScience.executingCode": "セルを実行しています",
	"DataScience.collapseAll": "すべてのセル入力を折りたたむ",
	"DataScience.expandAll": "すべてのセル入力を展開する",
	"DataScience.export": "Jupyter Notebook としてエクスポート",
	"DataScience.restartServer": "Restart Jupyter kernel",
	"DataScience.undo": "元に戻す",
	"DataScience.redo": "やり直し",
	"DataScience.clearAll": "すべてのセルを削除する",
	"DataScience.restartedKernelHeader": "Restarted '{0}' kernel",
	"DataScience.restartingKernelCustomHeader": "_{0} を再起動しています..._",
	"DataScience.restartingKernelHeader": "_Restarting kernel..._",
	"DataScience.startedNewKernelHeader": "Started '{0}' kernel",
	"DataScience.connectKernelHeader": "Connected to '{0}' kernel",
	"DataScience.executingCodeFailure": "コードの実行に失敗しました: {0}",
	"DataScience.inputWatermark": "ここにコードを入力し、Shift + Enter キーを押して実行してください",
	"DataScience.deleteButtonTooltip": "セルの削除",
	"DataScience.gotoCodeButtonTooltip": "コードに移動",
	"DataScience.copyBackToSourceButtonTooltip": "ファイルにコードを貼り付ける",
	"DataScience.copyToClipboardButtonTooltip": "ソースをクリップボードにコピーする",
	"DataScience.plotOpen": "画像の展開",
	"DataScience.libraryNotInstalled": "データ サイエンス ライブラリ {0} がインストールされていません。インストールしますか?",
	"DataScience.libraryNotInstalledCorrectlyOrOutdated": "データ サイエンス ライブラリ {0} が正しくインストールされていないか、古くなっています。再インストールしますか?",
	"DataScience.libraryRequiredToLaunchJupyterNotInstalled": "実行中のセルには {0} パッケージが必要です。",
	"DataScience.librariesRequiredToLaunchJupyterNotInstalled": "実行中のセルには {0} パッケージが必要です。",
	"DataScience.libraryRequiredToLaunchJupyterNotInstalledInterpreter": "'{0}' を使用した実行中のセルには {1} パッケージが必要です。",
	"DataScience.librariesRequiredToLaunchJupyterNotInstalledInterpreter": "'{0}' を使用した実行中のセルには {1} パッケージが必要です。",
	"DataScience.jupyterInstall": "インストール",
	"DataScience.jupyterSelectURIPrompt": "実行中の Jupyter サーバーの URI を入力してください",
	"DataScience.jupyterSelectURIInvalidURI": "無効な URI が指定されました",
	"DataScience.jupyterSelectUserAndPasswordTitle": "Jupyter Hub に接続するためのユーザー名とパスワードを入力してください",
	"DataScience.jupyterSelectUserPrompt": "ユーザー名を入力してください",
	"DataScience.jupyterSelectPasswordPrompt": "パスワードを入力します",
	"DataScience.removeRemoteJupyterServerEntryInQuickPick": "削除",
	"DataScience.jupyterNotebookFailure": "Jupyter Notebook を起動できませんでした。\r\n{0}",
	"DataScience.remoteJupyterServerProvidedBy3rdPartyExtensionNoLongerValid": "拡張機能 '{0}' によって提供されたリモート Jupyter Server は使用できなくなりました。",
	"DataScience.remoteJupyterConnectionFailedWithServer": "リモート Jupyter Server '{0}' に接続できませんでした。サーバーが実行されていて、到達可能であることを確認してください。",
	"DataScience.remoteJupyterConnectionFailedWithServerWithError": "リモート Jupyter Server '{0}' に接続できませんでした。サーバーが実行されていて、到達可能であることを確認してください。({1})。",
	"DataScience.remoteJupyterConnectionFailedWithoutServerWithError": "接続に失敗しました。サーバーを実行していて、到達可能であることを確認してください。({0})。",
	"DataScience.remoteJupyterConnectionFailedWithoutServerWithErrorWeb": "接続に失敗しました。サーバーを実行中で、ブラウザーから到達可能であることを確認してください。({0})。詳細については、'https://aka.ms/vscjremoteweb' を参照してください。",
	"DataScience.remoteJupyterConnectionFailedWebExtension": "When connecting from vscode.dev Jupyter servers must be started with specific options to connect. See [here](https://aka.ms/vscjremoteweb) for more information.",
	"DataScience.jupyterNotebookRemoteConnectFailedWeb": "リモート Jupyter サーバーに接続できませんでした。\r\nブラウザーから Jupyter サーバー URI に到達できることを確認してください。\r\n{0}。詳細については、[こちら](https://aka.ms/vscjremoteweb) をクリックしてください。",
	"DataScience.jupyterNotebookRemoteConnectSelfCertsFailed": "リモート Jupyter Notebook に接続できませんでした。\r\n指定されたサーバーは自己署名証明書を使用しています。未承認のリモート接続を許可する設定を有効にして接続する\r\n{0}\r\n{1}",
	"DataScience.changeJupyterRemoteConnection": "Jupyter サーバー接続を変更します。",
	"DataScience.notebookVersionFormat": "Jupyter Notebook バージョン: {0}",
	"DataScience.jupyterKernelSpecNotFound": "Cannot create a Jupyter kernel spec and none are available for use",
	"DataScience.jupyterKernelSpecModuleNotFound": "'Kernelspec' モジュールが選択されたインタープリター ({0}) にインストールされていません。\r\n 'jupyter' を再インストールまたは更新してください。",
	"DataScience.jupyterGetVariablesBadResults": "Jupyter サーバーから変数情報をフェッチできませんでした。",
	"DataScience.liveShareConnectFailure": "ホスト Jupyter セッションに接続できません。URI が見つかりませんでした。",
	"DataScience.liveShareCannotSpawnNotebooks": "Jupyter Notebook の生成は、ライブ共有接続ではサポートされていません",
	"DataScience.liveShareCannotImportNotebooks": "ノートブックのインポートは、現在、ライブ共有接続ではサポートされていません",
	"DataScience.liveShareHostFormat": "{0} Jupyter サーバー",
	"DataScience.liveShareSyncFailure": "ライブ共有の起動中に同期エラーが発生しました。",
	"DataScience.liveShareServiceFailure": "ライブ共有接続中に '{0}' サービスを開始できませんでした。",
	"DataScience.documentMismatch": "セルを実行できません。{0} のドキュメントが重複しています。",
	"DataScience.pythonInteractiveCreateFailed": "'対話型' ウィンドウを作成できませんでした。Jupyter 拡張機能を再インストールしてみてください。",
	"DataScience.interruptKernel": "Interrupt Jupyter kernel",
	"DataScience.clearAllOutput": "すべての出力をクリア",
	"DataScience.exportingFormat": "{0} エクスポートしています",
	"DataScience.exportCancel": "キャンセル",
	"Common.canceled": "キャンセル済み",
	"Common.cancel": "取り消す",
	"Common.yesPlease": "はい、通知してください",
	"DataScience.interruptKernelStatus": "Interrupting Jupyter Kernel",
	"DataScience.restartKernelAfterInterruptMessage": "Interrupting the kernel timed out. Do you want to restart the kernel instead? All variables will be lost.",
	"DataScience.pythonInterruptFailedHeader": "Keyboard interrupt crashed the kernel. Kernel restarted.",
	"DataScience.sysInfoURILabel": "Jupyter Server URI: ",
	"DataScience.jupyterStartTimedout": "Jupyter の起動がタイムアウトしました。詳細については、'Jupyter' 出力パネルを確認してください。",
	"DataScience.startingJupyterLogMessage": "コマンド ライン {1} を使用して {0} から Jupyter を開始しています",
	"DataScience.jupyterCommandLineDefaultLabel": "既定 (推奨)",
	"DataScience.jupyterCommandLineDefaultDetail": "Jupyter 拡張機能は Jupyter に適したコマンド ラインを決定します",
	"DataScience.jupyterCommandLineCustomLabel": "カスタム",
	"DataScience.jupyterCommandLineCustomDetail": "起動時に Jupyter に渡されるコマンド ラインをカスタマイズする",
	"DataScience.jupyterCommandLineReloadQuestion": "Jupyter コマンド ラインの変更時にウィンドウを再度読み込んでください。",
	"DataScience.jupyterCommandLineReloadAnswer": "再度読み込む",
	"DataScience.jupyterCommandLineQuickPickPlaceholder": "オプションの選択",
	"DataScience.jupyterCommandLineQuickPickTitle": "Jupyter のコマンド ラインを選択する",
	"DataScience.jupyterCommandLinePrompt": "Jupyter のカスタム コマンド ラインを入力してください",
	"Common.loadingExtension": "Jupyter 拡張機能の読み込み中...",
	"Common.openOutputPanel": "出力の表示",
	"DataScience.variableExplorerNameColumn": "名前",
	"DataScience.variableExplorerTypeColumn": "種類",
	"DataScience.variableExplorerCountColumn": "サイズ",
	"DataScience.variableExplorerValueColumn": "値",
	"DataScience.showDataExplorerTooltip": "データ ビューアーに変数を表示する",
	"DataScience.dataExplorerInvalidVariableFormat": "'{0}' はアクティブな変数ではありません。",
	"DataScience.jupyterGetVariablesExecutionError": "変数の抽出中にエラーが発生しました:\r\n{0}",
	"DataScience.loadingMessage": "読み込んでいます...",
	"DataScience.fetchingDataViewer": "データをフェッチしています...",
	"DataScience.noRowsInDataViewer": "現在のフィルターに一致する行はありません",
	"DataScience.jupyterServer": "Jupyter サーバー",
	"DataScience.noKernel": "No Kernel",
	"DataScience.serverNotStarted": "未開始",
	"DataScience.localJupyterServer": "ローカル",
	"DataScience.pandasTooOldForViewingFormat": "Python パッケージ 'pandas' はバージョン {0}です。データを表示するには、バージョン {1} 以上が必要です。",
	"DataScience.pandasRequiredForViewing": "データを表示するには、Python パッケージ 'pandas' バージョン {0} (またはそれ以上) が必要です。",
	"DataScience.failedToGetVersionOfPandas": "データ ビューアーを使用するための Pandas のバージョンを取得できませんでした。",
	"DataScience.valuesColumn": "値",
	"DataScience.liveShareInvalid": "セッション内の 1 人以上のゲストに Jupyter [extension](https://marketplace.visualstudio.com/itemdetails?itemName=ms-toolsai.jupyter) がインストールされていません。\r\nLive Share セッションは続行できず、セッションは閉じられます。",
	"Common.noIWillDoItLater": "いいえ。後で行います。",
	"Common.notNow": "後で実行",
	"Common.gotIt": "了解",
	"DataScience.noRowsInVariableExplorer": "変数が定義されていません",
	"DataScience.loadingRowsInVariableExplorer": "変数を読み込んでいます",
	"DataScience.tooManyColumnsMessage": "1000 列を超える変数の表示には時間がかかる場合があります。続行しますか?",
	"DataScience.tooManyColumnsYes": "はい",
	"DataScience.tooManyColumnsNo": "いいえ",
	"DataScience.tooManyColumnsDontAskAgain": "今後このメッセージを表示しない",
	"DataScience.filterRowsTooltip": "複数行のフィルター処理を許可します。数値をフィルター処理するには、=、>、< の記号を使用します。",
	"DataScience.previewHeader": "--- {0} のプレビュー開始 ---",
	"DataScience.previewFooter": "--- {0} のプレビュー終了 ---",
	"DataScience.previewStatusMessage": "{0} のプレビューを生成しています",
	"DataScience.plotViewerTitle": "プロット",
	"DataScience.exportPlotTitle": "プロット イメージの保存",
	"DataScience.pdfFilter": "PDF",
	"DataScience.pngFilter": "PNG",
	"DataScience.svgFilter": "SVG",
	"DataScience.previousPlot": "前へ",
	"DataScience.nextPlot": "次へ",
	"DataScience.panPlot": "手のひらツール",
	"DataScience.zoomInPlot": "拡大",
	"DataScience.zoomOutPlot": "縮小",
	"DataScience.exportPlot": "さまざまな形式にエクスポートする",
	"DataScience.deletePlot": "削除",
	"DataScience.collapseSingle": "折りたたみ",
	"DataScience.expandSingle": "展開",
	"DataScience.editSection": "ここに新しいセルを入力します。",
	"DataScience.restartKernelMessageDontAskAgain": "はい。今後このメッセージを表示しない",
	"DataScience.selectedImageListLabel": "選択したイメージ",
	"DataScience.imageListLabel": "イメージ",
	"DataScience.exportImageFailed": "イメージのエクスポート中にエラーが発生しました: {0}",
	"downloading.file": "{0} をダウンロードしています...",
	"downloading.file.progress": "{0}{1}/{2} KB ({3} %)",
	"DataScience.jupyterDataRateExceeded": "データ速度を超過したため、変数を表示できません。データ レート制限を高くしてサーバーを再起動してください。例: --NotebookApp.iopub_data_rate_limit=10000000000.0",
	"DataScience.addCellBelowCommandTitle": "セルを追加する",
	"DataScience.debugCellCommandTitle": "[デバッグ] セル",
	"DataScience.debugStepOverCommandTitle": "ステップ オーバー",
	"DataScience.debugContinueCommandTitle": "続行",
	"DataScience.debugStopCommandTitle": "停止",
	"DataScience.runCurrentCellAndAddBelow": "現在のセルを実行し、空のセルを下に追加します",
	"DataScience.jupyterDebuggerNotInstalledError": "セルをデバッグするには、PIP モジュール {0} が必要です。セルをデバッグするには、インストールする必要があります。",
	"DataScience.jupyterDebuggerOutputParseError": "{0} 出力を解析できません。https://github.com/microsoft/vscode-jupyter に関する問題をログに記録してください",
	"DataScience.jupyterDebuggerPortNotAvailableError": "ポート {0} をデバッグ用に開くことができません。remoteDebuggerPort 設定で別のポートを指定してください。",
	"DataScience.jupyterDebuggerPortBlockedError": "ポート {0} はデバッグ用に接続できません。ポート {0} をファイアウォール経由で許可してください。",
	"DataScience.jupyterDebuggerPortNotAvailableSearchError": "{0} から {1} の範囲のポートがデバッグ用に見つかりません。remoteDebuggerPort 設定でポートを指定してください。",
	"DataScience.jupyterDebuggerPortBlockedSearchError": "ポート {0} はデバッグ用に接続できません。ポート {1} をファイアウォール経由で許可してください。",
	"DataScience.jupyterDebuggerInstallNew": "セルのデバッグには PIP モジュール {0} が必要です。{0} をインストールして、セルのデバッグを続行しますか?",
	"DataScience.jupyterDebuggerInstallNewRunByLine": "行単位で実行するには、PIP モジュール {0} が必要です。{0} をインストールして、実行を続行しますか?",
	"DataScience.jupyterDebuggerInstallUpdate": "インストールされている {0} のバージョンでは、セルのデバッグはサポートされていません。{0} を最新バージョンに更新し、セルのデバッグを続行しますか?",
	"DataScience.jupyterDebuggerInstallUpdateRunByLine": "インストールされている {0} のバージョンは、行単位での実行をサポートしていません。{0} を最新バージョンに更新し、行単位での実行を続行しますか?",
	"DataScience.jupyterDebuggerInstallYes": "はい",
	"DataScience.jupyterDebuggerInstallNo": "いいえ",
	"DataScience.cellStopOnErrorMessage": "前のセルでエラーが発生したため、セルは取り消されました。",
	"DataScience.instructionComments": "# 新しいセルを追加するには、「'{0}'\r\n」と入力する # 新しいマークダウン セルを追加するには、「'{0} [markdown]'\r\n」と入力する",
	"DataScience.scrollToCellTitleFormatMessage": "[{0}] に移動",
	"DataScience.save": "ノートブックの保存",
	"DataScience.nativeEditorTitle": "Notebook エディター",
	"DataScience.untitledNotebookFileName": "無題",
	"DataScience.dirtyNotebookMessage1": "{0} に加えた変更を保存しますか?",
	"DataScience.dirtyNotebookMessage2": "保存していない場合、変更は失われます。",
	"DataScience.dirtyNotebookYes": "保存",
	"DataScience.dirtyNotebookNo": "保存しない",
	"DataScience.dirtyNotebookCancel": "キャンセル",
	"DataScience.dirtyNotebookDialogTitle": "保存",
	"DataScience.dirtyNotebookDialogFilter": "Jupyter Notebook",
	"DataScience.exportAsPythonFileTooltip": "Python スクリプトに変換して保存する",
	"DataScience.exportAsPythonFileTitle": "Python ファイルとして保存",
	"DataScience.exportButtonTitle": "エクスポート",
	"DataScience.runCell": "セルの実行",
	"DataScience.deleteCell": "セルを削除する",
	"DataScience.moveCellUp": "セルを上に移動する",
	"DataScience.moveCellDown": "セルを下に移動する",
	"DataScience.moveSelectedCellUp": "選択したセルの移動",
	"DataScience.insertBelow": "下にセルを挿入",
	"DataScience.insertAbove": "上にセルを挿入",
	"DataScience.addCell": "セルを追加する",
	"DataScience.runAll": "すべてのセルを実行する",
	"DataScience.toggleCellOutput": "セル出力の切り替え",
	"DataScience.convertingToPythonFile": "ipynb を Python ファイルに変換しています",
	"DataScience.untitledNotebookMessage": "保存していない場合、変更は失われます。",
	"DataScience.untitledNotebookYes": "保存",
	"DataScience.untitledNotebookNo": "キャンセル",
	"DataScience.noInterpreter": "Python が選択されていません",
	"DataScience.notebookNotFound": "python -m jupyter notebook --version が実行されていません",
	"DataScience.savePngTitle": "画像の保存",
	"DataScience.jupyterSelectURIQuickPickTitle": "実行中の Jupyter サーバーの URI を入力してください",
	"DataScience.jupyterSelectURIQuickPickTitleOld": "Jupyter への接続方法を選択する",
	"DataScience.jupyterSelectURIQuickPickPlaceholder": "オプションの選択",
	"DataScience.jupyterSelectURIQuickPickCurrent": "現在: {0}",
	"DataScience.jupyterSelectURINoneLabel": "なし",
	"DataScience.jupyterSelectURINoneDetail": "リモート Jupyter サーバーに接続しない",
	"DataScience.jupyterSelectURINewLabel": "既存",
	"DataScience.jupyterSelectURINewDetail": "既存のサーバーの URI を指定する",
	"DataScience.jupyterSelectURIMRUDetail": "前回の接続: {0}",
	"DataScience.jupyterSelectURIRunningDetailFormat": "前回の接続は {0} です。{1} は既存の接続です。",
	"DataScience.jupyterSelectURINotRunningDetail": "現在接続できません。状態が不明です。",
	"DataScience.fallbackToUseActiveInterpreterAsKernel": "Couldn't find kernel '{0}' that the notebook was created with. Using the current interpreter.",
	"DataScience.fallBackToRegisterAndUseActiveInterpreterAsKernel": "Couldn't find kernel '{0}' that the notebook was created with. Registering a new kernel using the current interpreter.",
	"DataScience.fallBackToPromptToUseActiveInterpreterOrSelectAKernel": "Couldn't find kernel '{0}' that the notebook was created with.",
	"DataScience.selectKernel": "Change Kernel",
	"DataScience.selectDifferentKernel": "Select a different Kernel",
	"DataScience.selectDifferentJupyterInterpreter": "インタープリターの変更",
	"DataScience.selectJupyterInterpreter": "インタープリターを選択して Jupyter を開始する",
	"DataScience.switchingKernelProgress": "Switching kernel to '{0}'",
	"DataScience.sessionStartFailedWithKernel": "Failed to start the Kernel '{0}'. \r\nView Jupyter [log](command:jupyter.viewOutput) for further details.",
	"DataScience.failedToStartKernel": "Failed to start the Kernel.",
	"DataScience.failedToRestartKernel": "Failed to restart the Kernel.",
	"DataScience.failedToInterruptKernel": "Failed to interrupt the Kernel.",
	"DataScience.kernelDied": "カーネルが停止しました。詳細については、Jupyter [log] (command:jupyter.viewOutput) を参照してください。\r\nエラー: {0}...",
	"DataScience.kernelDiedWithoutError": "カーネル '{0}' が停止しました。詳細については、[here](https://aka.ms/vscodeJupyterKernelCrash) をクリックしてください。詳細については、Jupyter [log] (command:jupyter.viewOutput) を参照してください。",
	"DataScience.kernelDiedWithoutErrorAndAutoRestarting": "カーネル '{0}' が停止し、Jupyter によって自動的に再起動されました。詳細については、[here](https://aka.ms/vscodeJupyterKernelCrash) をクリックしてください。詳細については、Jupyter [log] (command:jupyter.viewOutput) を参照してください。",
	"DataScience.kernelDisconnected": "カーネル '{0}' に接続できません、 Jupyter Server 接続を確認してください。詳細については、Jupyter [log](command:jupyter.viewOutput) を参照してください。",
	"DataScience.kernelCrashedDueToCodeInCurrentOrPreviousCell": "The Kernel crashed while executing code in the the current cell or a previous cell. Please review the code in the cell(s) to identify a possible cause of the failure. Click <a href='https://aka.ms/vscodeJupyterKernelCrash'>here</a> for more info. View Jupyter [log](command:jupyter.viewOutput) for further details.",
	"DataScience.fileSeemsToBeInterferingWithKernelStartup": "The file '{0}' seems to be overriding built in modules and interfering with the startup of the kernel. Consider renaming the file and starting the kernel again.",
	"DataScience.DataScience.moduleSeemsToBeInterferingWithKernelStartup": "モジュール '{0}' は組み込みモジュールをオーバーライドし、kernel の起動に干渉している可能性があります。フォルダーの名前を変更して、kernel をもう一度起動することを検討してください。",
	"DataScience.failedToStartKernelDueToMissingModule": "The kernel failed to start due to the missing module '{0}'. Consider installing this module.",
	"DataScience.failedToStartKernelDueToImportFailure": "The kernel failed to start as the module '{0}' could not be imported.",
	"DataScience.failedToStartKernelDueToImportFromFileFailure": "The kernel failed to start as '{0}' could not be imported from '{1}'.",
	"DataScience.failedToStartKernelDueToUnknownDllLoadFailure": "The kernel failed to start as a dll could not be loaded.",
	"DataScience.failedToStartKernelDueToDllLoadFailure": "The kernel failed to start as the dll '{0}' could not be loaded.",
	"DataScience.failedToStartKernelDueToWin32APIFailure": "The kernel failed to start due to an error with the Win32api module. Consider (re) installing this module.",
	"DataScience.failedToStartKernelDueToPyZmqFailure": "The kernel failed to start due to an error with the 'pyzmq' module. Consider re-installing this module.",
	"DataScience.failedToStartKernelDueToOldIPython": "The kernel failed to start due to an outdated version of IPython. Consider updating this module to the latest version.",
	"DataScience.failedToStartKernelDueToOldIPyKernel": "IPyKernel のバージョンが古いため、カーネルを起動できませんでした。このモジュールを最新バージョンに更新することを検討してください。",
	"DataScience.failedToStartJupyter": "環境 '{0}' で Jupyter を起動できませんでした。\r\n詳細については、Jupyter [log] (command:jupyter.viewOutput) を参照してください。",
	"DataScience.failedToStartJupyterWithErrorInfo": "環境 '{0}' で Jupyter を起動できませんでした。\r\n{1} \r\n詳細については、Jupyter [log] (command:jupyter.viewOutput) を参照してください。",
	"DataScience.failedToStartJupyterDueToOutdatedTraitlets": "'traitlets' のバージョンが古い可能性があるため、環境 '{0}' で Jupyter を起動できませんでした。\r\n{1}\r\n'traitlets' モジュールを 5.1.1 以降に更新することを検討してください。\r\n詳細については、Jupyter [log] (command:jupyter.viewOutput) を参照してください。",
	"DataScience.installPackageInstructions": "次のコマンドを実行して、'{0}' を Python 環境にインストールします。\r\nコマンド: '{1}'",
	"DataScience.cannotRunCellKernelIsDead": "Cannot run cells, as the kernel '{0}' is dead.",
	"DataScience.waitingForJupyterSessionToBeIdle": "Jupyter セッションがアイドル状態になるまで待機しています",
	"DataScience.gettingListOfKernelsForLocalConnection": "Fetching Kernels",
	"DataScience.gettingListOfKernelsForRemoteConnection": "Fetching Kernels",
	"DataScience.gettingListOfKernelSpecs": "Fetching Kernel specs",
	"DataScience.startingJupyterNotebook": "Jupyter Notebook を開始しています",
	"DataScience.registeringKernel": "Registering Kernel",
	"DataScience.trimmedOutput": "パフォーマンス上の理由から出力がトリミングされました。\r\n完全な出力を表示するには、設定 \"jupyter.textOutputLimit\" を 0 に設定します。",
	"DataScience.connectingToJupyterUri": "{0} で Jupyter サーバーに接続しています",
	"DataScience.createdNewNotebook": "{0}: 新しいノートブックの作成 ",
	"DataScience.createdNewKernel": "{0}: Kernel started: {1}",
	"DataScience.kernelInvalid": "Kernel {0} is not usable. Check the Jupyter output tab for more information.",
	"DataScience.nativeDependencyFail": "お使いの OS はサポートされていないため、Jupyter サーバーを起動できません。続行する場合は、既に実行中のサーバーを選択してください。{0}",
	"DataScience.selectNewServer": "実行中のサーバーを選択",
	"DataScience.jupyterSelectURIRemoteLabel": "既存",
	"DataScience.jupyterSelectURIQuickPickTitleRemoteOnly": "既に実行中の Jupyter サーバーを選択する",
	"DataScience.jupyterSelectURIRemoteDetail": "既存のサーバーの URI を指定する",
	"DataScience.latestExtension": "Jupyter 拡張機能の最新バージョンのダウンロード",
	"DataScience.loadClassFailedWithNoInternet": "{0}:{1} の読み込み中にエラーが発生しました。サード パーティのウィジェットを読み込むにはインターネット接続が必要です。",
	"DataScience.useCDNForWidgets": "ウィジェットでは、サード パーティの Web サイトからサポート ファイルをダウンロードする必要があります。詳細については、[[here](https://aka.ms/PVSCIPyWidgets)] をクリックしてください。",
	"DataScience.useCDNForWidgetsNoInformation": "ウィジェットでは、サード パーティの Web サイトからサポート ファイルをダウンロードする必要があります。",
	"DataScience.enableCDNForWidgetsSettingHtml": "ウィジェットでは、サード パーティの Web サイトからサポート ファイルをダウンロードする必要があります。これを有効にするには、<a href='https://command:jupyter.enableLoadingWidgetScriptsFromThirdPartySource'>こちら</a>をクリックしてください。詳細については、<a href='https://aka.ms/PVSCIPyWidgets'>こちら</a>をクリックしてください。({0} の読み込み中にエラーが発生しました: {1})。",
	"DataScience.enableCDNForWidgetsSetting": "ウィジェットでは、サード パーティの Web サイトからサポート ファイルをダウンロードする必要があります。({0} の読み込み中にエラーが発生しました: {1})。",
	"DataScience.enableCDNForWidgetsButton": "ダウンロードを有効にする",
	"DataScience.widgetScriptNotFoundOnCDNWidgetMightNotWork": "構成済みウィジェット ソース {1} でウィジェット '{0}' バージョン '{2}' が見つかりません。予期された動作が影響を受ける可能性があります。詳細については、[here](https://aka.ms/PVSCIPyWidgets) をクリックしてください。",
	"DataScience.cdnWidgetScriptNotAccessibleWarningMessage": "ネットワーク アクセスが原因で、サード パーティの Web サイト {1} からウィジェット '{0}' をダウンロードできません。想定されている動作が影響を受ける可能性があります。詳細については、[こちら](https://aka.ms/PVSCIPyWidgets) をクリックしてください。",
	"DataScience.unhandledMessage": "Unhandled kernel message from a widget: {0} : {1}",
	"DataScience.qgridWidgetScriptVersionCompatibilityWarning": "ウィジェット 'qgrid' の互換性のあるバージョンを読み込めません。バージョン 1.1.1 へのダウングレードを検討してください。",
	"DataScience.kernelStarting": "_Connecting to kernel..._",
	"DataScience.kernelStartingCustom": "_{0} に接続しています..._",
	"DataScience.libraryRequiredToLaunchJupyterKernelNotInstalledInterpreter": "'{0}' を使用した実行中のセルには {1} パッケージが必要です。",
	"DataScience.libraryRequiredToLaunchJupyterKernelNotInstalledInterpreterAndRequiresUpdate": "'{0}' でセルを実行するには、{1} パッケージをインストールするか、更新が必要です。",
	"DataScience.runByLine": "行単位で実行 (F10)",
	"DataScience.stopRunByLine": "停止",
	"DataScience.couldNotInstallLibrary": "{0} パッケージをインストールできませんでした。PIP を使用できない場合は、選択したパッケージ マネージャーを使用して、このライブラリを Python 環境に手動でインストールしてください。",
	"DataScience.rawKernelSessionFailed": "Unable to start session for kernel {0}. Select another kernel to launch with.",
	"DataScience.rawKernelStartFailedDueToTimeout": "Unable to start Kernel '{0}' due to connection timeout. \r\nView Jupyter [log](command:jupyter.viewOutput) for further details.",
	"DataScience.rawKernelConnectingSession": "Connecting to kernel {0}",
	"DataScience.reloadCustomEditor": "カスタム エディター API を使用するには、VS Code を再度読み込んでください",
	"DataScience.reloadVSCodeNotebookEditor": "Notebook エディターを使用するには、VS Code を再度読み込んでください",
	"DataScience.step": "次の行を実行 (F10)",
	"DataScience.usingPreviewNotebookWithOtherNotebookWarning": "プレビュー Notebook エディターと安定した Notebook エディターで同じファイルを開くことはできません。この操作を行うと、ノートブックのデータが失われるか破損する可能性があります。",
	"DataScience.unknownServerUri": "サーバー URI を使用できません。Jupyter サーバー接続を提供する拡張機能をアンインストールしましたか?",
	"DataScienceRendererExtension.installingExtension": "Notebook Renderers 拡張機能をインストールしています...",
	"DataScienceRendererExtension.installationCompleteMessage": "完了します。",
	"DataScienceRendererExtension.startingDownloadOutputMessage": "Notebook Renderers 拡張機能のダウンロードを開始しています。",
	"DataScienceRendererExtension.downloadingMessage": "Notebook Renderers 拡張機能をダウンロードしています...",
	"DataScienceRendererExtension.downloadCompletedOutputMessage": "Notebook Renderers 拡張機能のダウンロードが完了しました。",
	"DataScience.uriProviderDescriptionFormat": "{0} ({1} 拡張機能から)",
	"DataScience.unknownPackage": "不明",
	"DataScience.interactiveWindowTitle": "インタラクティブ",
	"DataScience.interactiveWindowTitleFormat": "インタラクティブ - {0}",
	"DataScience.interactiveWindowModeBannerTitle": "このファイルの新しいインタラクティブ ウィンドウを開きますか? [More Information](command:workbench.action.openSettings?%5B%22jupyter.interactiveWindowMode%22%5D)。",
	"DataScience.interactiveWindowModeBannerSwitchYes": "はい",
	"DataScience.interactiveWindowModeBannerSwitchAlways": "常に",
	"DataScience.interactiveWindowModeBannerSwitchNo": "いいえ",
	"DataScience.noKernelsSpecifyRemote": "No kernel available for cell execution, please [specify a Jupyter server for connections](command:jupyter.selectjupyteruri)",
	"DataScience.ipykernelNotInstalled": "IPyKernel がインタープリター {0} にインストールされていません",
	"DataScience.ipykernelNotInstalledBecauseCanceled": "IPyKernel がインタープリターにインストールされていません。インストールがキャンセルされました。",
	"DataScience.needIpykernel6": "この機能には Ipykernel セットアップが必要です",
	"DataScience.setup": "セットアップ",
	"DataScience.startingRunByLine": "[行単位で実行] を開始しています",
	"DataScience.illegalEditorConfig": "CustomEditor と NativeNotebook の実験を一緒にオンにすることはできません",
	"DataScience.pythonExtensionRequired": "そのタスクを実行するには Python 拡張機能が必要です。[はい] をクリックして、Python 拡張機能インストール ページを開きます。",
	"DataScience.pythonExtensionRequiredToRunNotebook": "Python ノートブックを実行するには Python 拡張機能が必要です。",
	"DataScience.installingPythonExtension": "Python 拡張機能をインストールしており、カーネルを検索しています。",
	"DataScience.pythonExtensionInstalled": "Python 拡張機能がインストールされました。ノートブックまたは対話型ウィンドウ セッションが再起動されるまで、一部の機能を使用できない可能性があります。",
	"DataScience.showDataViewerFail": "データ ビューアーを作成できませんでした。詳細については、出力ウィンドウの Jupyter タブを確認してください。",
	"DataScience.notebookCreationPickerPlaceHolder": "空のノートブックを作成するオプションを選択します",
	"DataScience.refreshDataViewer": "データ ビューアーの更新",
	"DataScience.refreshDataViewerCommandPalette": "データ ビューアーの更新",
	"DataScience.sliceDropdownAxisLabel": "Axis",
	"DataScience.sliceDropdownIndexLabel": "インデックス",
	"DataScience.sliceSubmitButton": "適用",
	"DataScience.sliceSummaryTitle": "スライス",
	"DataScience.dataViewerShowFilters": "フィルターの表示",
	"DataScience.dataViewerHideFilters": "フィルターを非表示にする",
	"DataScience.sliceData": "スライス データ",
	"DataScience.sliceIndexError": "{2} 要素を含む軸 {1} のインデックス {0} が範囲外です",
	"DataScience.sliceMismatchedAxesError": "スライス式で {0} 軸が期待され、{1} を取得しました",
	"DataScience.clearFilters": "すべてのフィルターをクリア",
	"DataScience.defaultNotebookName": "既定",
	"DataScience.recommendExtensionForNotebook": "言語 '{1}' を対象とするノートブックには、{0} 拡張機能をお勧めします",
	"DataScience.interactiveClearAllCells": "すべてクリア",
	"DataScience.interactiveRemoveCell": "セルを削除",
	"DataScience.interactiveGoToCode": "コードに移動",
	"DataScience.kernelWasNotStarted": "Kernel was not started. A kernel session is needed to start debugging.",
	"DataScience.noNotebookToDebug": "デバッグするアクティブなノートブック ドキュメントがありません。",
	"DataScience.cantStartDebugging": "デバッグを開始できません。",
	"DataScience.customEditorBanner": "このエディターは非推奨となり、1.59 VS Code 以降に削除されます。 [新しいノートブック エディターの詳細情報](https://aka.ms/vscodeNotebookEditorBanner)。",
	"DataScience.importingIpynb": "ノートブック ファイルをインポートしています。",
	"DataScience.exportingToFormat": "'{0}' へエクスポートしています。",
	"DataScience.matplotlibWidgetInsteadOfOther": "'%matplotlib ウィジェット' または '%matplotlib インライン' は、VS Code ノートブックで最もよく機能します。",
	"DataScience.matplotlibWidgetCodeActionTitle": "詳細情報",
	"DataScience.usingNonPrereleaseYes": "はい",
	"DataScience.usingNonPrereleaseNo": "いいえ",
	"DataScience.usingNonPrereleaseNoAndDontAskAgain": "今後このメッセージを表示しない",
	"DataScience.usingNonPrerelease": "VS Code Insider で実行する場合は、Jupyter 拡張機能の 'プレリリース' バージョンをお勧めします。切り替えますか?",
	"DataScience.cellAtFormat": "セル{1}' を {0}",
	"DataScience.jupyterServerConsoleOutputChannel": "Jupyter サーバー コンソール",
	"DataScience.kernelConsoleOutputChannel": "{0} Kernel Console Output",
	"Installer.noCondaOrPipInstaller": "選択した環境で使用可能な Conda または PIP インストーラーがありません。",
	"Installer.noPipInstaller": "選択した環境で使用可能な PIP インストーラーがありません。",
	"Installer.searchForHelp": "ヘルプの検索",
	"Installer.couldNotInstallLibrary": "{0} をインストールできませんでした。PIP を使用できない場合は、選択したパッケージ マネージャーを使用して、このライブラリを Python 環境に手動でインストールしてください。",
	"Installer.dataScienceInstallPrompt": "データ サイエンス ライブラリ {0} がインストールされていません。インストールしますか?",
	"Products.installingModule": "{0} をインストールしています",
	"DataScience.webNotSupported": "Jupyter 拡張機能の Web バージョンでは、操作はサポートされていません。",
	"DataScience.outputSizeExceedLimit": "出力が <a href={0}>サイズ制限</a> を超えています。テキスト エディターで完全な出力データ <a href={1}>を開く</a>",
	"DataScience.installPythonTitle": "Python のインストール",
	"DataScience.installPythonExtensionViaKernelPickerTitle": "Python 拡張機能のインストール",
	"DataScience.switchToLocalKernelsTitle": "ローカル カーネルに接続",
	"DataScience.switchToRemoteKernelsTitle": "Jupyter サーバーに接続",
	"DataScience.switchToAnotherRemoteKernelsTitle": "別の Jupyter サーバーに接続",
	"DataScience.failedToInstallPythonExtension": "Python 拡張機能をインストールできませんでした。",
	"DataScience.kernelPrefixForRemote": "(リモート)",
	"DataScience.pythonFileOverridesPythonPackage": "このファイルは、既存の Python パッケージをオーバーライドし、カーネルの実行を妨げる可能性があります。名前を変更することを検討してください。",
	"DataScience.alwaysIgnoreWarningsAboutOverridingPythonPackages": "Python パッケージのオーバーライドに関する警告を常に無視する",
	"DataScience.ignoreWarningAboutOverridingPythonPackage": "'{0}' の警告を無視する",
	"DataScience.moreInfoAboutFileNamesOverridingPythonPackages": "Python パッケージのオーバーライドに関する詳細情報",
	"DataScience.reservedPythonFileNamesDiagnosticCollectionName": "予約済みの Python ファイル名",
	"DataScience.filesPossiblyOverridingPythonModulesMayHavePreventedKernelFromStarting": "作業ディレクトリで見つかった次のファイルの一部が、カーネルの起動を妨げている可能性があります。名前の変更を検討してください。",
	"DataScience.listOfFilesWithLinksThatMightNeedToBeRenamed": "ファイル: {0} の名前を変更する必要がある可能性があります。",
	"jupyter.configuration.jupyter.diagnostics.reservedPythonNames.enabled.markdownDescription": "[Python パッケージをオーバーライドする](https://aka.ms/JupyterKernelStartFailureOverrideReservedName) 可能性のある Python ファイル名に関する警告を表示するかどうか。",
	"jupyter.configuration.jupyter.diagnostics.reservedPythonNames.exclude.markdownDescription": "[Python パッケージのオーバーライド](https://aka.ms/JupyterKernelStartFailureOverrideReservedName) に関する警告を表示しないように、ファイルとフォルダーを除外するための [glob パターン](https://code.visualstudio.com/docs/editor/codebasics#_advanced-search-options) を構成します。"
}