{
	"products.installingModule": "{0} yükleniyor",
	"capabilities.untrustedWorkspace.description": "Etkileşimli Penceresi ve Notebooks’ta hücrelerin yürütülmesi, güvenilmeyen çalışma alanlarında desteklenmez.",
	"contributes.walkthroughs.jupyterWelcome.title": "Jupyter Not Defterleri ile çalışmaya başlayın",
	"contributes.walkthroughs.jupyterWelcome.description": "Jupyter Uzantısının sunduğu tüm güçlü araçlar ve özelliklerle bir Jupyter projesi ayarlamak için ilk adımlarınız!",
	"contributes.walkthroughs.jupyterWelcome.steps.ipynb.newUntitledIpynb.title": "Bir Jupyter Notebook oluşturun veya açın",
	"contributes.walkthroughs.jupyterWelcome.steps.ipynb.newUntitledIpynb.description": "Dosya gezginine sağ tıklayın ve .ipynb uzantılı yeni bir dosya oluşturun. Veya [Komut Paleti]’ni (command:workbench.action.showCommands) açın \r\n``Create: New Jupyter Notebook`` ve komutu çalıştırın.\r\n[Create New Jupyter Notebook](command:toSide:ipynb.newUntitledIpynb)\r\n Mevcut bir projeniz varsa, ayrıca [bir klasör açabilir](command:toSide:workbench.action.files.openFolder) ve/veya GitHub'dan bir proje klonlayabilirsiniz: [bir Git deposunu klonlayın](command:toSide:git.clone)",
	"contributes.walkthroughs.jupyterWelcome.steps.ipynb.newUntitledIpynb.media.altText": "Yeni Jupyter notebook oluşturuluyor",
	"contributes.walkthroughs.jupyterWelcome.steps.jupyter.selectKernel.title": "Bir Jupyter çekirdeği seçin",
	"contributes.walkthroughs.jupyterWelcome.steps.jupyter.selectKernel.description": "Not defterinin sağ üst köşesindeki Çekirdeği Seç'e tıklayın ve çekirdeğinizin çalıştırılacağı ortamı seçin. Veya bir not defteri açık ve odaktayken [Komut Paleti]’ni (command:workbench.action.showCommands) açın ve şu komutu çalıştırın: \r\n``Notebook: Select Notebook Kernel``. \r\n[Jupyter Çekirdeği Seçmek için Komut Paletini Açın](command:workbench.action.showCommands)",
	"contributes.walkthroughs.jupyterWelcome.steps.jupyter.selectKernel.media.altText": "Bir not defteri çekirdeğini seçme veya değiştirme",
	"contributes.walkthroughs.jupyterWelcome.steps.jupyter.exploreAndDebug.title": "Verileri keşfedin ve hata ayıklayın",
	"contributes.walkthroughs.jupyterWelcome.steps.jupyter.exploreAndDebug.description": "📅 Veri satırlarını görüntülemek, sıralamak ve filtrelemek için [Veri Görüntüleyicisi](https://code.visualstudio.com/docs/datascience/data-science-tutorial#_prepare-the-data)’ni kullanabilirsiniz. Verilerinizi yükledikten sonra not defterinin sağ üst köşesindeki \"Değişkenler\"e tıklayın ve veri tablosunun solundaki Veri Görüntüleyici simgesine tıklayın. \r\n \r\n[Veri Görüntüleyicisi hakkında bilgi edinin](https://code.visualstudio.com/docs/datascience/data-science-tutorial#_prepare-the-data)\r\n \r\n📒 Her seferinde bir hücre satırı yürütmek için [Satıra Göre Çalıştır](https://code.visualstudio.com/docs/datascience/jupyter-notebooks#_run-by-line) modunu kullanarak not defterinizde hata ayıklayın. Hücrenizden Satıra Göre Çalıştır simgesine tıklayın (çizgili oynat düğmesi) veya F10'a basın. \r\n \r\n[Satıra Göre Çalıştır hakkında bilgi edinin](https://code.visualstudio.com/docs/datascience/jupyter-notebooks#_run-by-line)",
	"contributes.walkthroughs.jupyterWelcome.steps.jupyter.exploreAndDebug.media.altText": "Veri görüntüleyicisi açılıyor",
	"contributes.walkthroughs.jupyterWelcome.steps.jupyter.dataScienceLearnMore.title": "Daha fazlasını bul!",
	"contributes.walkthroughs.jupyterWelcome.steps.jupyter.dataScienceLearnMore.description": "🎨 [Komut Paleti](command:workbench.action.showCommands) içinde \"Jupyter\" öğesini arayarak Jupyter Uzantısı'nın sunduğu tüm özellikleri keşfedin. \r\n 📈 Python Uzantısını yükleyerek ([Python uzantısını ara](command:workbench.extensions.search?\"ms-python.python\")) [Python](command:workbench.action.openWalkthrough?%7B%22category%22%3A%22ms-python.python%23pythonDataScienceWelcome%22%2C%22step%22%3A%22ms-python.python%23python.createNewNotebook%22%7D) bölümünde veri bilimine başlama hakkında daha fazla bilgi edinin.\r\n 📃 [Öğreticiler](https://code.visualstudio.com/docs/datascience/jupyter-notebooks) daha fazla özellik öğrenin.  \r\n[Daha fazla bilgi edinin](https://aka.ms/AAdar6q)",
	"contributes.walkthroughs.jupyterWelcome.steps.jupyter.dataScienceLearnMore.media.altText": "Dokümantasyon sayfamızı ve posta listesi kaynaklarımızı temsil eden resim.",
	"jupyter.command.dataScience.clearCache.title": "Önbelleği Temizle",
	"jupyter.command.jupyter.replayPylanceLog.title": "Pylance Günlüğünü Tekrar Oynat",
	"jupyter.command.jupyter.replayPylanceLogStep.title": "Adım Pylance Günlüğü",
	"jupyter.command.jupyter.exportAsPythonScript.title": "Python Betiğine Aktar",
	"jupyter.command.jupyter.exportToHTML.title": "HTML'ye Aktar",
	"jupyter.command.jupyter.exportToPDF.title": "PDF’ye aktar",
	"jupyter.command.jupyter.debug.title": "Hata Ayıkla",
	"jupyter.command.jupyter.filterKernels.title": "Çekirdekleri Filtrele",
	"jupyter.command.jupyter.runByLine.title": "Satıra Göre Çalıştır",
	"jupyter.command.jupyter.debugCell.title": "Hücrede Hata Ayıkla",
	"jupyter.command.jupyter.runByLineNext.title": "Sonraki Satırı Çalıştır",
	"jupyter.command.jupyter.runByLineStop.title": "Yürütmeye Devam Et",
	"DataScience.checkingIfImportIsSupported": "“import”un desteklenip desteklenmediği kontrol ediliyor",
	"DataScience.validatingKernelDependencies": "Validating kernel dependencies",
	"DataScience.installingMissingDependencies": "Eksik bağımlılıklar yükleniyor",
	"DataScience.exportNotebookToPython": "Notebook Python'a Aktarılıyor",
	"DataScience.performingExport": "Dışarı Aktarma Gerçekleştir",
	"DataScience.convertingToPDF": "PDF'ye dönüştürülüyor",
	"DataScience.exportHTMLQuickPickLabel": "HTML",
	"DataScience.exportPDFQuickPickLabel": "PDF",
	"DataScience.openExportedFileMessage": "Dışarı aktarılan dosyayı açmak istiyor musunuz?",
	"DataScience.openExportFileYes": "Evet",
	"DataScience.openExportFileNo": "Hayır",
	"DataScience.failedExportMessage": "Dışarı aktarılamadı.",
	"DataScience.validationErrorMessageForRemoteUrlProtocolNeedsToBeHttpOrHttps": "HTTP(S) olmalıdır",
	"DataScience.exportFailedGeneralMessage": "Daha fazla ayrıntı için lütfen 'Jupyter' [çıkış](command:jupyter.viewOutput) panelini kontrol edin.",
	"DataScience.exportToPDFDependencyMessage": "xelatex'i (TeX) yüklemediyseniz PDF'ye aktarmadan önce bunu yapmanız gerekir. Daha fazla yönerge için https://nbconvert.readthedocs.io/en/latest/install.html#installing-tex adresine gidin. \r\nxelatex (TeX) yüklemesini atlamak için HTML'ye aktarmayı ve tarayıcılarınızın \"PDF'ye Yazdır\" özelliğini kullanmayı denemeyi isteyebilirsiniz.",
	"DataScience.insecureSessionMessage": "HTTP üzerinden belirteç olmadan bağlanmak güvenli olmayan bir bağlantıya neden olabilir. Güvenli olmayabilecek bir sunucuya bağlanmak istiyor musunuz?",
	"DataScience.insecureSessionDenied": "Güvenli olmayan sunucuya bağlantı reddedildi.",
	"DataScience.pythonNotInstalled": "Python yüklü değil. \r\nBu not defterindeki hücreleri yürütmek için lütfen Python'u indirin ve yükleyin.",
	"DataScience.installKernel": "The Jupyter Kernel '{0}' could not be found and needs to be installed in order to execute cells in this notebook.",
	"DataScience.customizeLayout": "Düzeni Özelleştir",
	"DataScience.warnWhenSelectingKernelWithUnSupportedPythonVersion": "The version of Python associated with the selected kernel is no longer supported. Please consider selecting a different kernel.",
	"DataScience.activatingPythonEnvironment": "Python Ortamı Etkinleştiriliyor '{0}'",
	"jupyter.kernel.percentPipCondaInstallInsteadOfBang": "'!{0} install' yerine '%{0} install' kullanın",
	"jupyter.kernel.pipCondaInstallHoverWarning": "'!{0} install' paketleri yanlış ortama yükleyebilir. [Daha fazla bilgi]({1})",
	"jupyter.kernel.replacePipCondaInstallCodeAction": "'%{0} install' ile değiştir",
	"jupyter.kernel.filter.placeholder": "Choose the kernels that are available in the kernel picker.",
	"jupyter.kernel.category.jupyterSession": "({0}) Jupyter Oturumu",
	"jupyter.kernel.category.jupyterKernel": "Jupyter Kernel",
	"jupyter.kernel.category.jupyterRemoteKernel": "({0}) Jupyter Kernel",
	"DataScience.kernelDefaultRemoteDisplayName": "Uzak",
	"jupyter.kernel.category.conda": "Conda Env",
	"jupyter.kernel.category.poetry": "Poetry Env",
	"jupyter.kernel.category.pipenv": "Pipenv Env",
	"jupyter.kernel.category.pyenv": "PyEnv Env",
	"jupyter.kernel.category.global": "Global Env",
	"jupyter.kernel.category.virtual": "Virtual Env",
	"jupyter.command.jupyter.viewLanguageServerOutput.title": "Dil Sunucusu Çıktısını Göster",
	"jupyter.command.jupyter.selectAndRunTestMethod.title": "Test Yöntemini Çalıştır...",
	"jupyter.command.jupyter.selectAndDebugTestMethod.title": "Test Yönteminde Hata Ayıkla ...",
	"jupyter.command.jupyter.selectAndRunTestFile.title": "Test Dosyasını Çalıştır...",
	"jupyter.command.jupyter.runCurrentTestFile.title": "Geçerli Test Dosyasını Çalıştır",
	"jupyter.command.jupyter.runFailedTests.title": "Başarısız Testleri Çalıştır",
	"jupyter.command.jupyter.discoverTests.title": "Testleri Bul",
	"jupyter.command.jupyter.discoveringTests.title": "Bulunuyor...",
	"jupyter.command.jupyter.stopTests.title": "Durdur",
	"jupyter.command.jupyter.configureTests.title": "Testleri Yapılandır",
	"jupyter.command.jupyter.execSelectionInTerminal.title": "Seçimi/Satırı Python Terminali'nde Çalıştır",
	"jupyter.command.jupyter.execSelectionInDjangoShell.title": "Django Kabuğunda Seçimi/Satırı Çalıştır",
	"jupyter.command.jupyter.goToPythonObject.title": "Python Nesnesine Git",
	"jupyter.command.jupyter.setLinter.title": "Linter'ı Seçin",
	"jupyter.command.jupyter.enableLinting.title": "Linting'i Etkinleştir",
	"jupyter.command.jupyter.runLinting.title": "Linting’i Çalıştır",
	"jupyter.command.jupyter.runFileInteractive.title": "Geçerli Dosyayı Etkileşimli Pencerede Çalıştır",
	"jupyter.command.jupyter.debugFileInteractive.title": "Etkileşimli Pencerede Geçerli Dosyanın Hatalarını Ayıkla",
	"jupyter.command.jupyter.runallcells.title": "Tüm Hücreleri Çalıştır",
	"jupyter.command.jupyter.notebookeditor.expandallcells.title": "Tüm Notebook Hücrelerini Genişlet",
	"jupyter.command.jupyter.notebookeditor.collapseallcells.title": "Tüm Notebook Hücrelerini Daralt",
	"jupyter.command.jupyter.runallcellsabove.title": "Yukarıda Çalıştır",
	"jupyter.command.jupyter.runcellandallbelow.title": "Aşağıda Çalıştır",
	"jupyter.command.jupyter.runallcellsabove.palette.title": "Hücreleri Geçerli Hücrenin Üstünde Çalıştır",
	"jupyter.command.jupyter.runcurrentcellandallbelow.palette.title": "Geçerli Hücreyi ve Aşağıda Çalıştır",
	"jupyter.command.jupyter.debugcurrentcell.palette.title": "Geçerli Hücrede Hata Ayıkla",
	"jupyter.command.jupyter.debugcell.title": "Hücrede Hata Ayıkla",
	"jupyter.command.jupyter.debugstepover.title": "Üzerinden Adımla",
	"jupyter.command.jupyter.debugcontinue.title": "Devam et",
	"jupyter.command.jupyter.debugstop.title": "Durdur",
	"jupyter.command.jupyter.runtoline.title": "Etkileşimli Pencerede Son Satırı Çalıştır",
	"jupyter.command.jupyter.runfromline.title": "Etkileşimli Pencerede İlk Satırı Çalıştır",
	"jupyter.command.jupyter.runcurrentcell.title": "Geçerli Hücreyi Çalıştır",
	"jupyter.command.jupyter.runcurrentcelladvance.title": "Geçerli Hücreyi Çalıştır ve İlerle",
	"jupyter.command.jupyter.execSelectionInteractive.title": "Seçimi/Satırı Etkileşimli Pencerede Çalıştır",
	"jupyter.command.jupyter.runcell.title": "Hücreyi Çalıştır",
	"jupyter.command.jupyter.insertCellBelowPosition.title": "Hücreyi Aşağı Konuma Ekle",
	"jupyter.command.jupyter.insertCellBelow.title": "Aşağıya Hücre Ekle",
	"jupyter.command.jupyter.insertCellAbove.title": "Yukarıya Hücre Ekle",
	"jupyter.command.jupyter.deleteCells.title": "Seçili Hücreleri Sil",
	"jupyter.command.jupyter.selectCell.title": "Hücre Seçin",
	"jupyter.command.jupyter.selectCellContents.title": "Hücre İçeriklerini Seçin",
	"jupyter.command.jupyter.extendSelectionByCellAbove.title": "Seçimi Yukarıdaki Hücreye Göre Genişlet",
	"jupyter.command.jupyter.extendSelectionByCellBelow.title": "Seçimi Aşağıdaki Hücreye Göre Genişlet",
	"jupyter.command.jupyter.moveCellsUp.title": "Seçili Hücreleri Yukarı Taşı",
	"jupyter.command.jupyter.moveCellsDown.title": "Seçili Hücreleri Aşağı Taşı",
	"jupyter.command.jupyter.changeCellToMarkdown.title": "Hücreyi Markdown'a Dönüştür",
	"jupyter.command.jupyter.changeCellToCode.title": "Hücreyi Koda Dönüştür",
	"jupyter.command.jupyter.gotoNextCellInFile.title": "Sonraki Hücreye Git",
	"jupyter.command.jupyter.gotoPrevCellInFile.title": "Önceki Hücreye Git",
	"jupyter.command.jupyter.showhistorypane.title": "Etkileşimli Pencereyi Göster",
	"jupyter.command.jupyter.createnewinteractive.title": "Etkileşimli Pencereyi Oluştur",
	"jupyter.command.jupyter.selectjupyteruri.title": "Bağlantılar için Jupyter Sunucusu Belirtin",
	"DataScience.jupyterNativeNotebookUriStatusLabelForLocal": "Jupyter Sunucusu: Yerel",
	"DataScience.jupyterNativeNotebookUriStatusLabelForRemote": "Jupyter Sunucusu: Uzak",
	"jupyter.command.jupyter.selectjupytercommandline.title": "Jupyter Komut Satırı Bağımsız Değişkenlerini Belirtin",
	"jupyter.command.jupyter.importnotebook.title": "Jupyter Notebook’u içeri aktar",
	"jupyter.command.jupyter.importnotebookfile.title": "Not Defterini Betik'e Aktar",
	"jupyter.command.jupyter.exportoutputasnotebook.title": "Etkileşimli Pencereyi Jupyter Notebook Olarak Dışarı Aktar",
	"jupyter.command.jupyter.exportfileasnotebook.title": "Geçerli Python Dosyasını Jupyter Notebook Olarak Dışarı Aktar",
	"jupyter.command.jupyter.exportfileandoutputasnotebook.title": "Geçerli Python Dosyasını ve Çıkışını Jupyter Notebook Olarak Dışarı Aktar",
	"jupyter.command.jupyter.undocells.title": "Son Etkileşimli Eylemi Geri Al",
	"jupyter.command.jupyter.redocells.title": "Son Etkileşimli Eylemi Yinele",
	"jupyter.command.jupyter.removeallcells.title": "Tüm Etkileşimli Hücreleri Sil",
	"jupyter.command.jupyter.notebookeditor.removeallcells.title": "Tüm Notebook Editor Hücrelerini Sil",
	"jupyter.command.jupyter.notebookeditor.addcellbelow.title": "Boş Hücreyi Notebook Dosyasına Ekle",
	"jupyter.command.jupyter.notebookeditor.keybind.undo.title": "Geri Al",
	"jupyter.command.jupyter.notebookeditor.keybind.save.title": "Kaydet",
	"jupyter.command.jupyter.interruptkernel.title": "Interrupt Kernel",
	"jupyter.command.jupyter.interruptkernel.shorttitle": "Kes",
	"DataScience.restartKernel": "Restart Kernel",
	"jupyter.command.jupyter.restartkernel.title": "Restart Kernel",
	"jupyter.command.jupyter.restartkernel.shorttitle": "Yeniden Başlat",
	"jupyter.command.jupyter.expandallcells.title": "Tüm Etkileşimli Hücreleri Genişlet",
	"jupyter.command.jupyter.collapseallcells.title": "Tüm Etkileşimli Hücreleri Daralt",
	"jupyter.command.jupyter.expandallcells.shorttitle": "Genişlet",
	"jupyter.command.jupyter.collapseallcells.shorttitle": "Daralt",
	"jupyter.command.jupyter.addcellbelow.title": "Dosyaya Boş Hücre Ekle",
	"jupyter.command.jupyter.createnewnotebook.title": "Yeni Jupyter Notebook Oluşturun",
	"jupyter.command.jupyter.scrolltocell.title": "Hücreyi Görünüme Kaydır",
	"jupyter.command.jupyter.selectJupyterInterpreter.title": "Jupyter Sunucusunu Başlatmak için Yorumlayıcı Seçin",
	"jupyter.command.jupyter.enableDebugLogging.title": "Hata Ayıklama Günlüğünü Etkinleştir",
	"jupyter.command.jupyter.resetLoggingLevel.title": "Günlük Kaydı Düzeyini Sıfırla",
	"jupyter.command.jupyter.showDataViewer.title": "Değeri Veri Görüntüleyicisi’nde Görüntüle",
	"jupyter.command.jupyter.viewOutput.title": "Çıkışı Göster",
	"DataScience.viewJupyterLogForFurtherInfo": "Daha fazla ayrıntı için Jupyter [günlüğünü](command:jupyter.viewOutput) görüntüleyin.",
	"jupyter.showJupyterLogs": "Jupyter Günlüklerini Göster",
	"jupyter.command.jupyter.clearSavedJupyterUris.title": "Jupyter Uzak Sunucu Listesini Temizle",
	"jupyter.command.jupyter.openVariableView.title": "Değişkenler Görünümünü Aç",
	"jupyter.command.jupyter.openVariableView.shorttitle": "Değişkenler",
	"jupyter.command.jupyter.openOutlineView.title": "İçindekileri Göster (Ana Hat Görünümü)",
	"jupyter.command.jupyter.openOutlineView.shorttitle": "Ana Hat",
	"DataScience.currentlySelectedJupyterInterpreterForPlaceholder": "geçerli: {0}",
	"jupyter.command.jupyter.analysis.clearCache.title": "Modül Analizi Önbelleğini Temizle",
	"jupyter.command.jupyter.analysis.restartLanguageServer.title": "Dil Sunucusunu Yeniden Başlat",
	"jupyter.commandPalette.jupyter.replayPylanceLog.title": "Pylance Günlüğünü Tekrar Oynat",
	"jupyter.notebookRenderer.IPyWidget.displayName": "Jupyter IPyWidget İşleyici",
	"jupyter.notebookRenderer.Error.displayName": "Jupyter Hata İşleyici",
	"jupyter.debuggers.kernel": "Python Çekirdeği Hata Ayıklama Bağdaştırıcısı",
	"jupyter.debuggers.interactive": "Python Etkileşimli Penceresi",
	"jupyter.configuration.jupyter.experiments.enabled.description": "A/B testlerini etkinleştirir/devre dışı bırakır.",
	"jupyter.configuration.jupyter.showVariableViewWhenDebugging.description": "Run by Line (Satıra Göre Çalıştır) oturumunu başlatırken Değişken Görünümü açın.",
	"jupyter.configuration.jupyter.logging.level.description": "Uzantının günlüğe kaydettiği günlüğe kaydetme düzeyi.",
	"jupyter.configuration.jupyter.experiments.optInto.markdownDescription": "Kabul edilecek denemelerin listesi. Boşsa, kullanıcıya varsayılan deneme grupları atanır. [Daha fazla bilgi edinin](https://github.com/microsoft/vscode-jupyter/wiki/Experiments).",
	"jupyter.configuration.jupyter.experiments.optOutFrom.markdownDescription": "Devre dışı bırakılacak deneme listesi. Boşsa, kullanıcıya varsayılan deneme grupları atanır. [Daha fazla bilgi edinin](https://github.com/microsoft/vscode-jupyter/wiki/Experiments).",
	"jupyter.configuration.jupyter.enableKeyboardShortcuts.deprecationMessage": "Jupyter klavye kısayolları ms-toolsai.jupyter-keymap uzantısına taşındığından bu ayar kullanımdan kaldırıldı. Jupyter klavye kısayollarını devre dışı bırakmak istiyorsanız, lütfen bunun yerine bu uzantıyı kaldırın veya devre dışı bırakın.",
	"jupyter.configuration.jupyter.enableKeyboardShortcuts.description": "Notebooks için Jupyter stili klavye kısayollarını sağlar.",
	"jupyter.configuration.jupyter.allowImportFromNotebook.deprecationMessage": "Bu ayar kullanımdan kaldırılmıştır ve bir sonraki sürümde kaldırılacaktır.",
	"jupyter.configuration.jupyter.allowImportFromNotebook.description": "Kullanıcının bir jupyter notebook’u her açıldığında Python dosyasına aktarmasını sağlar.",
	"jupyter.configuration.jupyter.widgetScriptSources.items.enumDescriptions.0": "https://www.jsdelivr.com/ adresinden widget (javascript) betik dosyalarını yükler",
	"jupyter.configuration.jupyter.widgetScriptSources.items.enumDescriptions.1": "https://unpkg.com/ adresinden widget (javascript) betik dosyalarını yükler",
	"jupyter.configuration.jupyter.widgetScriptSources.markdownDescription": "Widget'lar için betik dosyalarının indirildiği kaynakların konumunu ve sırasını tanımlar (örn. ipywidgest, bqplot, beakerx, ipyleaflet, vb.). Bunlardan herhangi birini seçmemek, widget'ların doğru şekilde işlememesine veya çalışmamasına neden olabilir. Daha fazla bilgi için [buraya](https://aka.ms/PVSCIPyWidgets) bakın. Güncellendikten sonra Çekirdeği yeniden başlatmanız gerekecek.",
	"jupyter.configuration.jupyter.askForLargeDataFrames.description": "Gerçekten büyük veri çerçevelerini açmaya çalışmadan önce kullanıcıyı uyarın.",
	"jupyter.configuration.jupyter.askForKernelRestart.description": "Bir çekirdeği yeniden başlatmadan önce kullanıcıyı uyarın.",
	"jupyter.configuration.jupyter.exportWithOutputEnabled.description": "Bir python dosyasını bir jupyter notebook’una aktarmayı etkinleştirin ve bunu yaparken tüm hücreleri çalıştırın.",
	"jupyter.configuration.jupyter.jupyterLaunchTimeout.description": "Jupyter Notebook sunucusunun başlaması için beklenecek süre (ms cinsinden).",
	"jupyter.configuration.jupyter.jupyterLaunchRetries.description": "Jupyter Notebook'a bağlanma girişimi sayısı",
	"jupyter.configuration.jupyter.jupyterCommandLineArguments.description": "Bir Notebook Editor veya Etkileşimli Pencere Jupyter sunucusu başlatıldığında, bu bağımsız değişkenler ona iletilecektir. Varsayılan olarak bu liste Jupyter Uzantısı tarafından oluşturulur.",
	"jupyter.configuration.jupyter.notebookFileRoot.description": "Not defterlerini ve Etkileşimli pencereyi çalıştırmak için kök dizini ayarlayın.",
	"jupyter.configuration.jupyter.searchForJupyter.deprecationMessage": "Bu ayar kullanımdan kaldırılmıştır ve bir sonraki sürümde kaldırılacaktır.",
	"jupyter.configuration.jupyter.searchForJupyter.description": "Etkileşimli penceresini başlatırken bir Jupyter yüklemesi için yüklü tüm Python yorumlayıcılarını arayın",
	"jupyter.configuration.jupyter.useDefaultConfigForJupyter.description": "Jupyter'ı yerel olarak çalıştırırken, Etkileşimli pencere için varsayılan bir boş Jupyter yapılandırması oluşturun",
	"jupyter.configuration.jupyter.jupyterInterruptTimeout.description": "Jupyter çekirdeğini yeniden başlatmayı istemeden önce bir kesinti için beklenecek süre (ms cinsinden).",
	"jupyter.configuration.jupyter.allowInput.deprecationMessage": "Bu ayar kullanımdan kaldırılmıştır ve bir sonraki sürümde kaldırılacaktır.",
	"jupyter.configuration.jupyter.allowInput.description": "Python kodunun doğrudan Etkileşimli pencereye girilmesine izin ver",
	"jupyter.configuration.jupyter.showCellInputCode.deprecationMessage": "Bu ayar kullanımdan kaldırılmıştır ve bir sonraki sürümde kaldırılacaktır.",
	"jupyter.configuration.jupyter.showCellInputCode.description": "Hücre giriş kodunu göster.",
	"jupyter.configuration.jupyter.collapseCellInputCodeByDefault.description": "Varsayılan olarak hücre giriş kodunu daraltın.",
	"jupyter.configuration.jupyter.collapseCellInputCodeByDefault.markdownDeprecationMessage": "Bu ayar kullanım dışı bırakıldı, lütfen bunun yerine `#interactiveWindow.collapseCellInputCode#` kullanın.",
	"jupyter.configuration.jupyter.maxOutputSize.deprecationMessage": "Bu ayar kullanımdan kaldırılmıştır ve bir sonraki sürümde kaldırılacaktır.",
	"jupyter.configuration.jupyter.maxOutputSize.description": "Kaydırma çubuğu görünmeden önce Not Defteri Düzenleyicisi'nde metin çıktısının maksimum boyutu (piksel olarak). İlk önce ayarlarda hücre çıktıları için kaydırmayı etkinleştirin.",
	"jupyter.configuration.jupyter.alwaysScrollOnNewCell.description": "Yürütülen son ifadenin çıktısını göstermek için etkileşimli pencereyi otomatik olarak kaydırın. Yanlışsa, etkileşimli pencere yalnızca önceki hücrenin altı görünürse otomatik olarak kaydırılır.",
	"jupyter.configuration.jupyter.alwaysScrollOnNewCell.deprecationMessage": "Bu ayar kullanımdan kaldırılmıştır. Bunun yerine 'interactiveWindow.alwaysScrollOnNewCell' ayarını kullanın.",
	"jupyter.configuration.jupyter.enableScrollingForCellOutputs.deprecationMessage": "Bu ayar kullanım dışı bırakıldı ve sonraki sürümde kaldırılacak.",
	"jupyter.configuration.jupyter.enableScrollingForCellOutputs.description": "Notebook Editor’da büyük hücre çıktıları için kaydırmayı etkinleştirir. Bu ayar Etkileşimli Pencere için geçerli değildir.",
	"jupyter.configuration.jupyter.sendSelectionToInteractiveWindow.description": "Shift+enter tuşlarına basarken, bir Python dosyasındaki seçili kodu Python terminalinin aksine Jupyter etkileşimli penceresine gönderin.",
	"jupyter.configuration.jupyter.variableExplorerExclude.description": "Etkileşimli değişken gezgininde gösterilmeyecek türler",
	"jupyter.configuration.jupyter.codeRegularExpression.description": "Kod hücrelerini tanımlamak için kullanılan normal ifade. Sonraki eşleşmeye kadar tüm kodlar bu hücrenin parçası olarak kabul edilir.",
	"jupyter.configuration.jupyter.defaultCellMarker.description": "Bir python dosyasındaki bir hücreyi tanımlamak için kullanılan hücre işaretçisi.",
	"jupyter.configuration.jupyter.markdownRegularExpression.description": "Markdown hücrelerini tanımlamak için kullanılan normal ifade. Bu ifadeden sonraki tüm yorumlar, markdown’ın bir parçası olarak kabul edilir.",
	"jupyter.configuration.jupyter.allowLiveShare.deprecationMessage": "Bu ayar, etkileşimli pencere için Visual Studio Live Share desteği artık Jupyter Uzantısında bulunmadığından kullanımdan kaldırılmıştır.",
	"jupyter.configuration.jupyter.allowLiveShare.description": "Bir Live Share oturumu sırasında Etkileşimli pencerenin paylaşılmasına izin verin",
	"jupyter.configuration.jupyter.ignoreVscodeTheme.deprecationMessage": "Bu ayar kullanım dışı bırakıldı ve sonraki sürümde kaldırılacak.",
	"jupyter.configuration.jupyter.ignoreVscodeTheme.description": "Etkileşimli pencerede VS Code temasını kullanmayın (VS Code'un yeniden yüklenmesini gerektirir). Bu, Etkileşimli pencereyi 'Işık +(varsayılan ışık)' kullanmaya zorlar ve matplotlib varsayılanlarını devre dışı bırakır.",
	"jupyter.configuration.jupyter.themeMatplotlibPlots.description": "Etkileşimli pencerede ve Notebook Editor teması matplotlib çıktıları, VS Code editörü temasıyla eşleşir.",
	"jupyter.configuration.jupyter.liveShareConnectionTimeout.deprecationMessage": "Bu ayar kullanımdan kaldırılmıştır ve bir sonraki sürümde kaldırılacaktır.",
	"jupyter.configuration.jupyter.liveShareConnectionTimeout.description": "Konuk bağlantılarının Python Uzantısının kurulu olduğunu doğrulaması için beklenecek süre.",
	"jupyter.configuration.jupyter.decorateCells.description": "Şu anda etkin olan hücrenin arkasına bir vurgu çizin.",
	"jupyter.configuration.jupyter.enableCellCodeLens.description": "Bir Python dosyasındaki 'cells' için kod lensi sağlar.",
	"jupyter.configuration.jupyter.enableAutoMoveToNextCell.description": "'Run Cell' kod lensi tıklatıldığında sonraki hücreye taşımayı sağlar.",
	"jupyter.configuration.jupyter.allowUnauthorizedRemoteConnection.description": "Etkileşimli pencerenin geçerli sertifikaları olmayan bir https Jupyter sunucusuna bağlanmasına izin verin. Bu bir güvenlik riski olabilir, bu nedenle yalnızca bilinen ve güvenilen sunucular için kullanın.",
	"jupyter.configuration.jupyter.generateSVGPlots.description": "Not defteri çizimleri için SVG çıkışı oluşturun. Bu, oluşturma hızı ve dosya boyutu maliyetiyle çizim görüntüleyicisinde daha iyi bir görüntü sağlar.",
	"jupyter.configuration.jupyter.codeLenses.description": "Bir hücrenin üzerine kod merceği olarak yerleştirilecek komutlar kümesi.",
	"jupyter.configuration.jupyter.debugCodeLenses.description": "Hata ayıklama sırasında bir hücrenin üzerine kod lensi olarak koymak için hata ayıklama komutları kümesi.",
	"jupyter.configuration.jupyter.debugpyDistPath.description": "Hücrelerde hata ayıklama için hata ayıklama bitlerinin yolu.",
	"jupyter.configuration.jupyter.stopOnFirstLineWhileDebugging.description": "Bir hücrede hata ayıklarken, ilk satırda durun.",
	"jupyter.configuration.jupyter.remoteDebuggerPort.description": "Bir hücrede hata ayıklarken, uzak kutudaki bu bağlantı noktasını açın. -1 belirtilirse, 8889 ile 9000 arasında rastgele bir bağlantı noktası denenecektir.",
	"jupyter.configuration.jupyter.disableJupyterAutoStart.description": "True olduğunda Jupyter'ın sizin için otomatik olarak başlatılmasını devre dışı bırakır. Bunun yerine Jupyter'i başlatmak için bir hücre çalıştırmanız gerekir.",
	"jupyter.configuration.jupyter.textOutputLimit.deprecationMessage": "Bu ayar, `notebook.output.textLineLimit` tercihi ile kullanım dışıdır. Bu ayar, gelecek bir sürümde kaldırılacaktır.",
	"jupyter.configuration.jupyter.textOutputLimit.description": "Etkileşimli hücre metin çıkışındaki metin miktarını bu değerle sınırlayın. Herhangi bir miktarda karaktere izin vermek için 0.",
	"jupyter.configuration.jupyter.colorizeInputBox.deprecationMessage": "Bu ayar kullanımdan kaldırılmıştır ve gelecek sürümlerden birinde kaldırılacaktır.",
	"jupyter.configuration.jupyter.colorizeInputBox.description": "Giriş kutusunun arka planı olarak temanın göz atma renginin kullanılıp kullanılmayacağı.",
	"jupyter.configuration.jupyter.stopOnError.description": "Bir hücre bir istisna atarsa, hücreleri çalıştırmayı durdurun.",
	"jupyter.configuration.jupyter.addGotoCodeLenses.description": "Hücre çalıştırıldıktan sonra hücreye 'Goto' bir kod lensi ekleyin. Tüm kod lenslerini devre dışı bırakmanın bu kod lensi de devre dışı bırakacağını unutmayın.",
	"jupyter.configuration.jupyter.variableQueries.markdownDescription": "Jupyter çekirdeğindeki etkin değişkenlerin listesini döndürmek için eşlemeyi sorgulama dili. Değişken Gezgini tarafından hem Etkileşimli Pencerede hem de Notebooks’ta kullanılır. Örnek:\r\n```\r\n[\r\n  {\r\n    \"language\": \"python\",\r\n    \"query\": \"%who_ls\",\r\n    \"parseExpr\": \"'(\\\\w+)'\"\r\n  }\r\n]\r\n```",
	"jupyter.configuration.jupyter.kernels.filter.items.markdownDescription": "Çekirdek belirtimine veya Python ortamına giden mutlak yol. \r\nÖrneğin; `~/miniconda3/envs/sample/bin/python`.",
	"jupyter.configuration.jupyter.kernels.filter.markdownDescription": "Kernel seçiciden hariç tutulacak Jupyter Kernels ve/veya Python ortamları listesi.",
	"jupyter.configuration.jupyter.interactiveWindowMode.description": "Etkileşimli Pencerenin Davranışı. 'perFile', bir hücreyi çalıştıran her dosya için yeni bir etkileşimli penceresi oluşturacaktır. 'single' tek bir pencereye izin verir. 'multiple', çoklu oluşturulmasına izin verir.",
	"jupyter.configuration.jupyter.pythonCellFolding.description": "Python dosyalarındaki kod hücreleri için katlama bölgelerini etkinleştirin. Bu ayar, VS Kodunun yeniden yüklenmesini gerektirir.",
	"jupyter.configuration.jupyter.interactiveWindowViewColumn.description": "Python dosyasıyla ilişkili olmayan Etkileşimli Pencerenin açılacağı yer. 'beside', etkileşimli penceresini etkin düzenleyicinin sağ tarafında açar. 'active', etkileşimli penceresini etkin düzenleyicinin yerinde açar. 'secondGroup', etkileşimli penceresini ikinci düzenleyici grubunda açar.",
	"jupyter.configuration.jupyter.magicCommandsAsComments.description": "Kod hücrelerini ayrıştırırken kabuk atamalarını (#!), satır magic’i (#!%) ve hücre magic’i (#!%%) kaldırın.",
	"jupyter.configuration.jupyter.pythonExportMethod.description": "Bir not defterini bir Python dosyasına aktarırken kullanılacak yöntem. 'direct', kodu olduğu gibi doğrudan kopyalayacaktır. 'commentMagics' satır magics (%), büyü magics (%%) ve kabuk komutları(!) ile başlayan satırları açıklama satırları yapacaktır. 'nbconvert', nbconvert'i yükleyecek ve bunu iPython söz dizimini Python söz dizimine çevirebilen dönüşüm için kullanacaktır.",
	"jupyter.configuration.jupyter.runStartupCommands.description": "Bir dizi Python talimatı veya iPython magic komutları. Bir dizi dizi veya komutları '\\n' ile ayrılmış tek bir dize olabilir. Etkileşimli pencere yüklendiğinde komutlar sessizce yürütülür. Örneğin, etkileşimli oturumu yeniden başlatmak zorunda kalmadan içe aktarılan dosyalarda yapılan değişiklikleri otomatik olarak yeniden yüklemek için bunu '%load_ext autoreload\\n%autoreload 2' olarak ayarlayın.",
	"jupyter.configuration.jupyter.debugJustMyCode.description": "When debugging, only step through user-written code. Disable this to allow stepping into library code.",
	"jupyter.configuration.jupyter.showOutlineButtonInNotebookToolbar.description": "Jupyter notebook araç çubuğunda Ana Hat düğmesini göster.",
	"jupyter.configuration.jupyter.newCellOnRunLast.description": "Şu anda son hücreyi çalıştırırken bir etkileşimli pencere dosyasına yeni bir boş hücre ekleyin.",
	"jupyter.configuration.jupyter.pythonCompletionTriggerCharacters.description": "Python jupyter çekirdeğinde otomatik tamamlamayı tetikleyen karakterler.",
	"jupyter.configuration.jupyter.logKernelOutputSeparately.description": "Çekirdekler/jupyter sunucu konsolu çıktısı için ayrı çıktı panelleri oluşturur",
	"jupyter.configuration.jupyter.excludeUserSitePackages.description": "Başlamadan önce çekirdeklere PYTHONNOUSERSITE ekleyin. Bu, genel/kullanıcı site paketlerinin çekirdeğin PYTHONPATH'inde kullanılmasını engeller.",
	"jupyter.configuration.jupyter.enableExtendedKernelCompletions.markdownDescription": "Jupyter çekirdeklerini çalıştırırken genişletilmiş IntelliSense tamamlamaları için Jedi desteğini etkinleştirir (bu [ayar](https://ipython.readthedocs.io/en/stable/config/options/terminal.html?highlight=use_jedi#configtrait-Completer.use_jedi)’a bakın). Bu, dizüstü bilgisayar hücresi yürütme performansını büyük ölçüde etkileyebilir. Dikkatle kullanın.",
	"jupyter.configuration.jupyter.showOnlyOneTypeOfKernel.markdownDescription": "Çekirdek seçicide yalnızca bir tür çekirdek göster. Bu, yerel çekirdeklerin ve uzak çekirdeklerin çekirdek seçicide aynı anda gösterilmesini önler. Belirtilmişse kernelPickerType'a göre öncelik verir.",
	"jupyter.configuration.jupyter.experimental.kernelPickerType.description": "Kullanmak için çekirdek seçici türünü seçin.",
	"jupyter.configuration.jupyter.experimental.kernelPickerType.items.enumDescriptions.stable": "Geçerli gönderim çekirdek seçicisi.",
	"jupyter.configuration.jupyter.experimental.kernelPickerType.items.enumDescriptions.onlyonetypeofkernel": "Seçiciyi yalnızca uzak veya yerel çekirdekleri gösterecek şekilde ayarlar (ikisini birden göstermez). Ayrıca, seçicideki yerel ve uzak çekirdekler arasında geçiş yapmak için seçenekler sunar.",
	"jupyter.configuration.jupyter.experimental.kernelPickerType.items.enumDescriptions.insiders": "Insiders, geliştirme aşamasındaki en yeni deneysel sürümdür.",
	"Pylance.proposePylanceMessage": "Microsoft’un sunduğu, Python için daha hızlı ve özellik bakımından zengin yeni bir dil sunucusu deneyin: Pylance! Uzantıyı şimdi yükleyin.",
	"Pylance.tryItNow": "Hemen deneyin",
	"Pylance.remindMeLater": "Daha sonra anımsat",
	"Pylance.installPylanceMessage": "Pylance uzantısı yüklü değil. Pylance yükleme sayfasını açmak için Evet'e tıklayın.",
	"Pylance.pylanceNotInstalledMessage": "Pylance uzantısı yüklü değil.",
	"Pylance.pylanceInstalledReloadPromptMessage": "Pylance uzantısı şimdi yüklendi. Etkinleştirmek için pencere yeniden yüklensin mi?",
	"DataScience.unknownMimeTypeFormat": "{0} MIME türü şu anda desteklenmiyor.",
	"DataScience.historyTitle": "Etkileşimli",
	"DataScience.dataExplorerTitle": "Veri Görüntüleyicisi",
	"DataScience.badWebPanelFormatString": "<html><body><h1>{0} geçerli bir dosya adı değil</h1></body></html>",
	"DataScience.sessionDisposed": "Kod yürütülemiyor, oturum atıldı.",
	"DataScience.rawKernelProcessNotStarted": "Raw kernel process was not able to start.",
	"DataScience.rawKernelProcessExitBeforeConnect": "Raw kernel process exited before connecting.",
	"DataScience.passwordFailure": "Parola korumalı sunucuya bağlanılamadı. Parolanın doğru olup olmadığını denetleyin.",
	"DataScience.exportDialogTitle": "Jupyter Notebook’a aktar",
	"DataScience.exportDialogFilter": "Jupyter Notebook’ları",
	"DataScience.exportDialogComplete": "Notebook {0} konumuna yazıldı",
	"DataScience.exportDialogFailed": "Not defteri dışarı aktarılamadı. {0}",
	"DataScience.exportOpenQuestion1": "Düzenleyicide aç",
	"DataScience.notebookExport": "Dışarı aktar",
	"DataScience.exportAsNotebook.shorttitle": "Kaydet",
	"DataScience.exportAs": "Farklı Dışarı Aktar",
	"DataScience.notebookExportAs": "Farklı Dışarı Aktar",
	"DataScience.notebookExportAs.shorttitle": "Dışarı aktar",
	"DataScience.exportAsQuickPickPlaceholder": "Farklı Dışarı Aktar...",
	"DataScience.exportPythonQuickPickLabel": "Python Betiği",
	"DataScience.collapseInputTooltip": "Giriş bloğunu daralt",
	"DataScience.collapseVariableExplorerTooltip": "Hide variables active in Jupyter kernel",
	"DataScience.collapseVariableExplorerLabel": "Değişkenler",
	"DataScience.expandVariableExplorerTooltip": "Show variables active in Jupyter kernel",
	"DataScience.close": "Kapat",
	"DataScience.interactiveCopyCell": "Hücreyi Kopyala",
	"DataScience.runInDedicatedExtensionHost": "Ayrılmış Uzantı Konağında Çalıştır",
	"DataScience.variableLoadingValue": "Yükleniyor...",
	"DataScience.importDialogTitle": "Jupyter Notebook’u içeri aktar",
	"DataScience.importDialogFilter": "Jupyter Notebook’ları",
	"DataScience.notebookCheckForImportYes": "İçeri aktar",
	"DataScience.reloadRequired": "Yeni ayarların etkili olması için lütfen pencereyi yeniden yükleyin.",
	"DataScience.notebookCheckForImportNo": "Daha sonra",
	"DataScience.notebookCheckForImportDontAskAgain": "Bir Daha Sorma",
	"DataScience.notebookCheckForImportTitle": "Jupyter Notebook’u Python koduna aktarmak istiyor musunuz?",
	"DataScience.jupyterNotSupported": "Jupyter başlatılamıyor. Jupyter'ı bulma girişimi sırasında hata oluştu: {0}",
	"DataScience.jupyterNotSupportedBecauseOfEnvironment": "Jupyter'ı çalıştırmak için {0} etkinleştirme işlemi {1} ile başarısız oldu.",
	"DataScience.jupyterNbConvertNotSupported": "Not defterlerini içeri aktarmak için Jupyter nbconvert öğesinin yüklenmesi gerekir.",
	"DataScience.removeRemoteJupyterConnectionButtonText": "Bağlantıyı Unut",
	"DataScience.changeRemoteJupyterConnectionButtonText": "Bağlantıları Yönet",
	"DataScience.jupyterLaunchNoURL": "Başlatılan Jupyter not defteri sunucusunun URL'si bulunamadı",
	"DataScience.jupyterLaunchTimedOut": "Jupyter not defteri sunucusu zamanında başlatılamadı",
	"DataScience.jupyterSelfCertFail": "{0} sunucusunun kullandığı güvenlik sertifikası, güvenilir bir sertifika yetkilisi tarafından verilmedi.\r\nBu, bilgilerinizi çalma girişiminde bulunulduğunu gösterebilir.\r\nBağlanmanızı sağlamak amacıyla bu çalışma alanı için Yetkisiz Uzak Bağlantıya İzin Ver ayarını etkinleştirmek istiyor musunuz?",
	"DataScience.jupyterExpiredCertFail": "{0} sunucusu tarafından kullanılan güvenlik sertifikasının süresi doldu.\r\nBu, bilgilerinizi çalma girişiminde bulunulduğunu gösterebilir.\r\nBağlanmanızı sağlamak amacıyla bu çalışma alanı için Yetkisiz Uzak Bağlantıya İzin Ver ayarını etkinleştirmek istiyor musunuz?",
	"DataScience.jupyterSelfCertFailErrorMessageOnly": "Sunucunun kullandığı güvenlik sertifikası güvenilir bir sertifika yetkilisi tarafından verilmedi.\r\nBu, bilgilerinizi çalma girişiminde bulunulduğunu gösterebilir.",
	"DataScience.jupyterSelfCertExpiredErrorMessageOnly": "Sunucu tarafından kullanılan güvenlik sertifikasının süresi doldu.\r\nBu, bilgilerinizi çalma girişiminde bulunulduğunu gösterebilir.",
	"DataScience.jupyterSelfCertEnable": "Evet, yine de bağlan",
	"DataScience.jupyterSelfCertClose": "Hayır, bağlantıyı kapat",
	"DataScience.jupyterServerCrashed": "Jupyter sunucusu kilitlendi. Bağlanılamıyor. \r\nJupyter’daki hata kodu: {0}",
	"DataScience.rawConnectionDisplayName": "Direct kernel connection",
	"DataScience.rawConnectionBrokenError": "Direct kernel connection broken",
	"DataScience.pythonInteractiveHelpLink": "Daha fazla yardım alın",
	"DataScience.markdownHelpInstallingMissingDependencies": "Jupyter’ı ve ilgili bağımlılıkları yükleme konusunda yardım için bkz. [https://aka.ms/pyaiinstall](https://aka.ms/pyaiinstall).",
	"DataScience.importingFormat": "{0} içeri aktarılıyor",
	"DataScience.startingJupyter": "Jupyter sunucusu başlatılıyor",
	"DataScience.connectingToJupyter": "Jupyter sunucusuna bağlanılıyor",
	"DataScience.connectingToKernel": "Connecting to kernel: {0}",
	"DataScience.connectedToKernel": "Bağlı.",
	"DataScience.connected": "Bağlı",
	"DataScience.disconnected": "Bağlantı kesildi",
	"Experiments.inGroup": "Kullanıcı, '{0}' deneme grubuna ait",
	"Logging.CurrentWorkingDirectory": "cwd:",
	"Logging.WarnUserAboutDebugLoggingSetting": "Jupyter Uzantısı için hata ayıklama günlüğünü etkinleştirdiniz. Bu, günlükleri diske yazmaya devam edecek. Hata ayıklama günlüğünü kapatmak istiyor musunuz?",
	"Logging.YesTurnOffDebugLogging": "Evet, hata ayıklama günlüğünü kapat",
	"Logging.NoResponse": "Hayır",
	"Logging.NoAndDontAskAgain": "Hayır ve bir daha sorma",
	"GitHubIssue.Failure": "İletiniz gönderilirken bir hatayla GitHub Issue. Yine de bir sorunu şikayet etmek istiyor musunuz?",
	"GitHubIssue.copyToClipboardAndOpenIssue": "Evet, içeriği panoya kopyala ve sorunu aç",
	"GitHubIssue.pleaseFillThisOut": "Lütfen sorun göndermeden önce bu bölümü doldurun ve bu açıklamayı silin!",
	"GitHubIssue.missingFields": "Lütfen Gönder'e tıklamadan önce karşılaştığınız sorunun ayrıntılarını GitHub Issue.",
	"GitHubIssue.askForIssueTitle": "Lütfen sorununuzu özetleyen açıklayıcı bir başlık sağlayın.",
	"GitHubIssue.titlePlaceholder": "E.g.: Unable to start a local kernel session",
	"DataScience.allowExtensionToUseJupyterKernelApi": "Jupyter Kernels '{0}' uzantısı için erişim vermek istiyor musunuz? '{1}' öğesine tıkladığınızda, bu uzantının Jupyter Kernels karşı kod yürütmesine izin verilir.",
	"DataScience.thanksForUsingJupyterKernelApiPleaseRegisterWithUs": "Jupyter API'sini denediğiniz için teşekkür ederiz. Bu API'yi üretimde kullanmak için lütfen depomuzda bir sorun gönderin. Bu, API'yi güncelleştirirken (bu süreç hala devam ettiğinden) uzantınızda hatalara neden olmamızı önler.",
	"Common.bannerLabelYes": "Evet",
	"Common.bannerLabelNo": "Hayır",
	"Common.doNotShowAgain": "Tekrar gösterme",
	"Common.reload": "Yeniden yükle",
	"Common.moreInfo": "Daha Fazla Bilgi",
	"Common.and": "ve",
	"Common.download": "İndir",
	"Common.ok": "Tamam",
	"Common.install": "Yükle",
	"Common.learnMore": "Daha fazla bilgi",
	"Common.reportThisIssue": "Bu sorunu bildirin",
	"CommonSurvey.remindMeLaterLabel": "Daha sonra anımsat",
	"CommonSurvey.yesLabel": "Evet, ankete şimdi katıl",
	"CommonSurvey.noLabel": "Hayır, teşekkürler",
	"Common.clickHereForMoreInfoWithHtml": "Daha fazla bilgi için <a href='{0}'>buraya</a> tıklayın.",
	"OutputChannelNames.languageServer": "Python Dil Sunucusu",
	"OutputChannelNames.python": "Python",
	"OutputChannelNames.pythonTest": "Python Test Günlüğü",
	"OutputChannelNames.jupyter": "Jupyter",
	"ExtensionSurveyBanner.bannerMessage": "Jupyter Uzantısı deneyiminizi bize anlatmak için lütfen 2 dakikanızı ayırabilir misiniz?",
	"ExtensionSurveyBanner.bannerLabelYes": "Evet, ankete şimdi katıl",
	"ExtensionSurveyBanner.bannerLabelNo": "Hayır, teşekkürler",
	"ExtensionSurveyBanner.maybeLater": "Belki daha sonra",
	"DataScience.restartKernelMessage": "Do you want to restart the Jupyter kernel? All variables will be lost.",
	"DataScience.restartKernelMessageYes": "Evet",
	"DataScience.restartingKernelFailed": "Kernel restart failed. Jupyter server is hung. Please reload VS Code.",
	"DataScience.interruptingKernelFailed": "Kernel interrupt failed. Jupyter server is hung. Please reload VS Code.",
	"DataScienceSurveyBanner.bannerMessage": "Veri Bilimi özellikleri deneyiminizi bize anlatmak için lütfen 2 dakikanızı ayırabilir misiniz?",
	"DataScienceSurveyBanner.bannerLabelYes": "Evet, ankete şimdi katıl",
	"DataScienceSurveyBanner.bannerLabelNo": "Hayır, teşekkürler",
	"InteractiveShiftEnterBanner.bannerMessage": "'shift-enter' için 'Etkileşimli' pencerede (IPython konsolu) kod çalıştırmak istiyor musunuz? Python Terminali'nde kod çalıştırmaya devam etmek için 'Hayır' seçeneğini belirleyin. Bu daha sonra ayarlarda değiştirilebilir.",
	"DataScience.automaticallyReconnectingToAKernelProgressMessage": "Çekirdeğe yeniden bağlanılıyor {0}",
	"DataScience.restartingKernelStatus": "Restarting Kernel {0}",
	"DataScience.executingCode": "Hücre Yürütülüyor",
	"DataScience.collapseAll": "Tüm hücre girişlerini daralt",
	"DataScience.expandAll": "Tüm hücre girişlerini genişlet",
	"DataScience.export": "Jupyter not defteri olarak dışarı aktar",
	"DataScience.restartServer": "Restart Jupyter kernel",
	"DataScience.undo": "Geri Al",
	"DataScience.redo": "Yinele",
	"DataScience.clearAll": "Tüm hücreleri kaldır",
	"DataScience.restartedKernelHeader": "Restarted '{0}' kernel",
	"DataScience.restartingKernelCustomHeader": "_{0} yeniden başlatılıyor..._",
	"DataScience.restartingKernelHeader": "_Restarting kernel..._",
	"DataScience.startedNewKernelHeader": "Started '{0}' kernel",
	"DataScience.connectKernelHeader": "Connected to '{0}' kernel",
	"DataScience.executingCodeFailure": "Kod yürütülemedi : {0}",
	"DataScience.inputWatermark": "Kodu buraya yazın ve çalıştırmak için Shift+Enter tuşlarına basın",
	"DataScience.gotoCodeButtonTooltip": "Koda git",
	"DataScience.copyBackToSourceButtonTooltip": "Kodu dosyaya yapıştır",
	"DataScience.copyToClipboardButtonTooltip": "Kaynağı panoya kopyala",
	"DataScience.plotOpen": "Görüntüyü genişlet",
	"DataScience.libraryNotInstalled": "Veri Bilimi kitaplığı {0} yüklü değil. Yüklensin mi?",
	"DataScience.libraryNotInstalledCorrectlyOrOutdated": "{0} Veri Bilimi kitaplığı düzgün yüklenmemiş veya güncel değil. Yeniden yüklensin mi?",
	"DataScience.libraryRequiredToLaunchJupyterNotInstalled": "Hücreleri çalıştırmak için {0} paketi gerekir.",
	"DataScience.librariesRequiredToLaunchJupyterNotInstalled": "Hücreleri çalıştırmak için {0} paketi gerekir.",
	"DataScience.libraryRequiredToLaunchJupyterNotInstalledInterpreter": "'{0}' ile hücreleri çalıştırmak için {1} paketi gerekir.",
	"DataScience.librariesRequiredToLaunchJupyterNotInstalledInterpreter": "'{0}' ile hücreleri çalıştırmak için {1} paketi gerekir.",
	"DataScience.jupyterInstall": "Yükle",
	"DataScience.jupyterSelectURIPrompt": "Çalışan Jupyter sunucusunun URI'sini girin",
	"DataScience.jupyterSelectURIInvalidURI": "Geçersiz URI belirtildi",
	"DataScience.jupyterSelectUserAndPasswordTitle": "Jupyter Merkezi’ne bağlanmak için kullanıcı adınızı ve parolanızı girin",
	"DataScience.jupyterSelectUserPrompt": "Kullanıcı adınızı girin",
	"DataScience.jupyterSelectPasswordPrompt": "Parolanızı girin",
	"DataScience.jupyterRenameServer": "Sunucu Görünen Adını Değiştirin (URI Kullanmak için Boş Bırakın)",
	"DataScience.removeRemoteJupyterServerEntryInQuickPick": "Kaldır",
	"DataScience.jupyterNotebookFailure": "Jupyter not defteri başlatılamadı. \r\n{0}",
	"DataScience.remoteJupyterServerProvidedBy3rdPartyExtensionNoLongerValid": "'{0}' uzantısı tarafından katkıda bulunulan uzak Jupyter Sunucusu artık kullanılamıyor.",
	"DataScience.remoteJupyterConnectionFailedWithServer": "Uzak '{0}' Jupyter Sunucusuna bağlanılamadı. Sunucunun çalıştığını ve ulaşılabilir olduğunu doğrulayın.",
	"DataScience.remoteJupyterConnectionFailedWithServerWithError": "Uzak '{0}' Jupyter Sunucusuna bağlanılamadı. Sunucunun çalıştığından ve ulaşılabilir olduğundan emin olun. ({1}).",
	"DataScience.remoteJupyterConnectionFailedWithoutServerWithError": "Bağlantı hatası. Sunucunun çalıştığını ve ulaşılabilir olduğunu doğrulayın. ({0}).",
	"DataScience.remoteJupyterConnectionFailedWithoutServerWithErrorWeb": "Bağlantı hatası. Sunucunun çalıştığını ve bir tarayıcıdan erişilebilir olduğunu doğrulayın. ({0}). vscode.dev'den bağlanırken Jupyter sunucuları bağlanmak için belirli seçeneklerle başlatılmalıdır. Daha fazla bilgi için [buraya](https://aka.ms/vscjremoteweb) bakın.",
	"DataScience.remoteJupyterConnectionFailedWebExtension": "vscode.dev'den bağlanırken Jupyter sunucuları bağlanmak için belirli seçeneklerle başlatılmalıdır. Daha fazla bilgi için [buraya](https://aka.ms/vscjremoteweb) bakın.",
	"DataScience.jupyterNotebookRemoteConnectFailedWeb": "Uzak Jupyter sunucusuna bağlanılamadı.\r\nJupyter Sunucusunun URI'sine tarayıcıdan erişilip erişilemediğini denetleyin.\r\n{0}. Daha fazla bilgi için [buraya](https://aka.ms/vscjremoteweb) tıklayın.",
	"DataScience.jupyterNotebookRemoteConnectSelfCertsFailed": "Uzak Jupyter not defterine bağlanılamadı.\r\nBelirtilen sunucu otomatik olarak imzalanan sertifikalar kullanıyor. Bağlanmak için yine de Yetkisiz Uzak Bağlantıya İzin Ver ayarını etkinleştirin\r\n{0}\r\n{1}",
	"DataScience.changeJupyterRemoteConnection": "Jupyter Sunucu bağlantısını değiştirin.",
	"DataScience.notebookVersionFormat": "Jupyter Notebook Sürümü: {0}",
	"DataScience.jupyterKernelSpecNotFound": "Cannot create a Jupyter kernel spec and none are available for use",
	"DataScience.jupyterKernelSpecModuleNotFound": "'Kernelspec' modülü seçili yorumlayıcıda ({0}) yüklü değil.\r\n Lütfen 'jupyter' öğesini yeniden yükleyin veya güncelleştirin.",
	"DataScience.jupyterGetVariablesBadResults": "Jupyter sunucusundan değişken bilgileri getirilemedi.",
	"DataScience.liveShareConnectFailure": "Jupyter oturumunu barındırmak için bağlanılamıyor. URI bulunamadı.",
	"DataScience.liveShareCannotSpawnNotebooks": "Jupyter not defterlerini üretme işlemi, canlı paylaşım bağlantısı üzerinden desteklenmiyor",
	"DataScience.liveShareCannotImportNotebooks": "Not defterlerini içeri aktarma işlemi şu anda canlı paylaşım bağlantısı üzerinden desteklenmiyor",
	"DataScience.liveShareHostFormat": "{0} Jupyter Sunucusu",
	"DataScience.liveShareSyncFailure": "Canlı paylaşım başlatma işlemi sırasında eşitleme hatası oluştu.",
	"DataScience.liveShareServiceFailure": "Canlı paylaşım bağlantısı sırasında '{0}' hizmeti başlatılırken hata oluştu.",
	"DataScience.documentMismatch": "Hücreler çalıştırılamıyor, {0} için yinelenen belgeler bulundu.",
	"DataScience.pythonInteractiveCreateFailed": "'Etkileşimli' pencere oluşturulamadı. Jupyter Uzantısını yeniden yüklemeyi deneyin.",
	"DataScience.interruptKernel": "Interrupt Jupyter kernel",
	"DataScience.clearAllOutput": "Tüm Çıktıları Temizle",
	"DataScience.exportingFormat": "{0} dışarı aktarılıyor",
	"DataScience.exportCancel": "İptal",
	"Common.canceled": "İptal edildi",
	"Common.cancel": "İptal",
	"Common.yesPlease": "Evet lütfen",
	"DataScience.interruptKernelStatus": "Interrupting Jupyter Kernel",
	"DataScience.restartKernelAfterInterruptMessage": "Interrupting the kernel timed out. Do you want to restart the kernel instead? All variables will be lost.",
	"DataScience.pythonInterruptFailedHeader": "Keyboard interrupt crashed the kernel. Kernel restarted.",
	"DataScience.sysInfoURILabel": "Jupyter Sunucusu URI’si: ",
	"DataScience.jupyterStartTimedout": "Jupyter'ı başlatma işlemi zaman aşımına uğradı. Daha fazla ayrıntı için lütfen 'Jupyter' çıkış panelini denetleyin.",
	"DataScience.startingJupyterLogMessage": "Jupyter, {1} komut satırıyla {0} konumundan başlatılıyor",
	"DataScience.jupyterCommandLineDefaultLabel": "Varsayılan (önerilen)",
	"DataScience.jupyterCommandLineDefaultDetail": "Jupyter Uzantısı, Jupyter için uygun komut satırını belirler",
	"DataScience.jupyterCommandLineCustomLabel": "Özel",
	"DataScience.jupyterCommandLineCustomDetail": "Başlangıçta Jupyter'a geçirilen komut satırını özelleştir",
	"DataScience.jupyterCommandLineReloadQuestion": "Lütfen Jupyter komut satırı değiştirilirken pencereyi yeniden yükleyin.",
	"DataScience.jupyterCommandLineReloadAnswer": "Yeniden yükle",
	"DataScience.jupyterCommandLineQuickPickPlaceholder": "Bir seçeneği belirleyin",
	"DataScience.jupyterCommandLineQuickPickTitle": "Jupyter için komut satırı seçin",
	"DataScience.jupyterCommandLinePrompt": "Jupyter için özel komut satırınızı girin",
	"Common.loadingExtension": "Jupyter Uzantısı yükleniyor...",
	"Common.openOutputPanel": "Çıktıyı göster",
	"DataScience.variableExplorerNameColumn": "Ad",
	"DataScience.variableExplorerTypeColumn": "Tür",
	"DataScience.variableExplorerCountColumn": "Boyut",
	"DataScience.variableExplorerValueColumn": "Değer",
	"DataScience.showDataExplorerTooltip": "Değişken gölge kopyayı veri görüntüleyicisinde göster",
	"DataScience.dataExplorerInvalidVariableFormat": "'{0}' etkin bir değişken değil.",
	"DataScience.jupyterGetVariablesExecutionError": "Değişken ayıklama sırasında hata oluştu:\r\n{0}",
	"DataScience.loadingMessage": "yükleniyor ...",
	"DataScience.fetchingDataViewer": "Veriler getiriliyor...",
	"DataScience.noRowsInDataViewer": "Geçerli filtreyle eşleşen satır yok",
	"DataScience.jupyterServer": "Jupyter Sunucusu",
	"DataScience.noKernel": "No Kernel",
	"DataScience.serverNotStarted": "Başlatılmadı",
	"DataScience.localJupyterServer": "yerel",
	"DataScience.pandasTooOldForViewingFormat": "'pandas' Python paketinin sürümü {0}. Verileri görüntülemek için {1} veya üzeri bir sürüm gereklidir.",
	"DataScience.pandasRequiredForViewing": "Verileri görüntülemek için 'pandas' Python paketi sürümünün {0} (veya üzeri) olması gereklidir.",
	"DataScience.failedToGetVersionOfPandas": "Veri Görüntüleyicisini kullanmak için Pandas sürümü alınamadı.",
	"DataScience.valuesColumn": "değerler",
	"DataScience.liveShareInvalid": "Oturumdaki bir veya daha fazla konuğun Jupyter [uzantısı](https://marketplace.visualstudio.com/itemdetails?itemName=ms-toolsai.jupyter) yüklü değil.\r\nLive Share oturumunuz devam edemiyor ve kapatılacak.",
	"Common.noIWillDoItLater": "Hayır, daha sonra yapacağım",
	"Common.notNow": "Şimdi değil",
	"Common.gotIt": "Anladım!",
	"DataScience.noRowsInVariableExplorer": "Tanımlı değişken yok",
	"DataScience.loadingRowsInVariableExplorer": "Değişkenler yükleniyor",
	"DataScience.tooManyColumnsMessage": "1000'den fazla sütuna sahip değişkenlerin görüntülenmesi uzun sürebilir. Devam etmek istediğinizden emin misiniz?",
	"DataScience.tooManyColumnsYes": "Evet",
	"DataScience.tooManyColumnsNo": "Hayır",
	"DataScience.tooManyColumnsDontAskAgain": "Bir Daha Sorma",
	"DataScience.filterRowsTooltip": "Birden çok satırı filtrelemeye izin verir. Sayısal değerleri filtrelemek için =, > veya < işaretlerini kullanın.",
	"DataScience.previewHeader": "--- {0} önizlemesini başlat ---",
	"DataScience.previewFooter": "--- {0} önizlemesini sonlandır ---",
	"DataScience.previewStatusMessage": "{0} önizlemesi oluşturuluyor",
	"DataScience.plotViewerTitle": "Çizimler",
	"DataScience.exportPlotTitle": "Çizim görüntüsünü kaydedin",
	"DataScience.pdfFilter": "PDF",
	"DataScience.pngFilter": "PNG",
	"DataScience.svgFilter": "SVG",
	"DataScience.previousPlot": "Önceki",
	"DataScience.nextPlot": "Sonraki",
	"DataScience.panPlot": "Pan",
	"DataScience.zoomInPlot": "Yakınlaştır",
	"DataScience.zoomOutPlot": "Uzaklaştır",
	"DataScience.exportPlot": "Farklı biçimlere aktar",
	"DataScience.deletePlot": "Kaldır",
	"DataScience.collapseSingle": "Daralt",
	"DataScience.expandSingle": "Genişlet",
	"DataScience.editSection": "Buraya yeni hücreler girin.",
	"DataScience.restartKernelMessageDontAskAgain": "Evet ve Bir Daha Sorma",
	"DataScience.selectedImageListLabel": "Seçili Görüntü",
	"DataScience.imageListLabel": "Görüntü",
	"DataScience.exportImageFailed": "Görüntü dışarı aktarılırken hata oluştu: {0}",
	"downloading.file": "{0} indiriliyor...",
	"downloading.file.progress": "{0}{1} of {2} BB ({3}%)",
	"DataScience.jupyterDataRateExceeded": "Veri hızı aşıldığından değişken görüntülenemiyor. Lütfen daha yüksek bir veri hızı sınırıyla sunucunuzu yeniden başlatın. Örneğin, --NotebookApp.iopub_data_rate_limit=10000000000.0",
	"DataScience.addCellBelowCommandTitle": "Hücre ekle",
	"DataScience.debugCellCommandTitle": "Hücrede Hata Ayıkla",
	"DataScience.debugStepOverCommandTitle": "Üzerinden adımla",
	"DataScience.debugContinueCommandTitle": "Devam et",
	"DataScience.debugStopCommandTitle": "Durdur",
	"DataScience.runCurrentCellAndAddBelow": "Geçerli hücreyi çalıştır ve aşağıya boş hücre ekle",
	"DataScience.jupyterDebuggerNotInstalledError": "Hücrelerde hata ayıklamak için {0} pip modülü gerekiyor. Hücrelerde hata ayıklamak için bunu yüklemeniz gereklidir.",
	"DataScience.jupyterDebuggerOutputParseError": "{0} çıkışı ayrıştırılamıyor, lütfen https://github.com/microsoft/vscode-jupyter ile ilgili bir sorunu günlüğe kaydedin",
	"DataScience.jupyterDebuggerPortNotAvailableError": "Hata ayıklama için {0} numaralı bağlantı noktası açılamıyor. Lütfen remoteDebuggerPort ayarında farklı bir bağlantı noktası belirtin.",
	"DataScience.jupyterDebuggerPortBlockedError": "{0} numaralı bağlantı noktasına hata ayıklama için bağlanılamıyor. Lütfen güvenlik duvarınızdan {0} numaralı bağlantı noktasına izin verin.",
	"DataScience.jupyterDebuggerPortNotAvailableSearchError": "Hata ayıklama için {0}-{1} aralığındaki bağlantı noktaları bulunamıyor. Lütfen remoteDebuggerPort ayarında bir bağlantı noktası belirtin.",
	"DataScience.jupyterDebuggerPortBlockedSearchError": "Bağlantı noktasına hata ayıklama için bağlanılamıyor. Lütfen güvenlik duvarınızdan {0}-{1} numaralı bağlantı noktalarına izin verin.",
	"DataScience.jupyterDebuggerInstallNew": "Hücrelerde hata ayıklamak için {0} PIP modülü gerekiyor. {0} yüklenip hücrede hata ayıklamaya devam edilsin mi?",
	"DataScience.jupyterDebuggerInstallNewRunByLine": "Satıra göre {0} PIP modülü gereklidir. {0} yüklenip satıra göre çalıştırmaya devam edilsin mi?",
	"DataScience.jupyterDebuggerInstallUpdate": "Yüklü {0} sürümü hücrelerde hata ayıklamayı desteklemiyor. {0} en yeni sürüme güncelleştirilip hücrede hata ayıklamaya devam edilsin mi?",
	"DataScience.jupyterDebuggerInstallUpdateRunByLine": "Yüklü {0} sürümü satıra göre çalıştırmayı desteklemiyor. {0} en yeni sürüme güncelleştirilip satıra göre çalıştırmaya devam edilsin mi?",
	"DataScience.jupyterDebuggerInstallYes": "Evet",
	"DataScience.jupyterDebuggerInstallNo": "Hayır",
	"DataScience.cellStopOnErrorMessage": "Önceki hücredeki bir hata nedeniyle hücre iptal edildi.",
	"DataScience.instructionComments": "# Yeni bir hücre eklemek için '{0}'\r\n# Yeni markdown hücresi eklemek için '{0} [markdown]'\r\nyazın",
	"DataScience.scrollToCellTitleFormatMessage": "Şuraya git: [{0}]",
	"DataScience.save": "Not defterini kaydet",
	"DataScience.nativeEditorTitle": "Notebook Editor",
	"DataScience.untitledNotebookFileName": "Adsız",
	"DataScience.dirtyNotebookMessage1": "'{0}' üzerinde yaptığınız değişiklikleri kaydetmek istiyor musunuz?",
	"DataScience.dirtyNotebookMessage2": "Kaydetmediğiniz değişiklikler kaybolacaktır.",
	"DataScience.dirtyNotebookYes": "Kaydet",
	"DataScience.dirtyNotebookNo": "Kaydetme",
	"DataScience.dirtyNotebookCancel": "İptal",
	"DataScience.dirtyNotebookDialogTitle": "Kaydet",
	"DataScience.dirtyNotebookDialogFilter": "Jupyter Notebook’ları",
	"DataScience.exportAsPythonFileTooltip": "Python betiğini dönüştür ve kaydet",
	"DataScience.exportAsPythonFileTitle": "Python Dosyası Olarak Kaydet",
	"DataScience.exportButtonTitle": "Dışarı aktar",
	"DataScience.runCell": "Hücreyi çalıştır",
	"DataScience.deleteCell": "Hücreyi sil",
	"DataScience.moveCellUp": "Hücreyi yukarı taşı",
	"DataScience.moveCellDown": "Hücreyi aşağı taşı",
	"DataScience.moveSelectedCellUp": "Seçili hücreyi yukarı taşı",
	"DataScience.insertBelow": "Aşağıya hücre ekle",
	"DataScience.insertAbove": "Yukarıya hücre ekle",
	"DataScience.addCell": "Hücre ekle",
	"DataScience.runAll": "Tüm hücreleri çalıştır",
	"DataScience.toggleCellOutput": "Hücre Çıkışını Aç/Kapat",
	"DataScience.convertingToPythonFile": "ipynb python dosyasına dönüştürülüyor",
	"DataScience.untitledNotebookMessage": "Kaydetmediğiniz değişiklikler kaybolacaktır.",
	"DataScience.untitledNotebookYes": "Kaydet",
	"DataScience.untitledNotebookNo": "İptal",
	"DataScience.noInterpreter": "Python seçilmedi",
	"DataScience.notebookNotFound": "python -m jupyter notebook --version çalışmıyor",
	"DataScience.savePngTitle": "Görüntüyü Kaydet",
	"DataScience.jupyterSelectURIQuickPickTitle": "Çalışan Jupyter sunucusunun URI'sini girin",
	"DataScience.jupyterSelectURIQuickPickTitleOld": "Jupyter'e nasıl bağlanacağınızı seçin",
	"DataScience.jupyterSelectURIQuickPickPlaceholder": "Bir seçeneği belirleyin",
	"DataScience.jupyterSelectURIQuickPickCurrent": "Geçerli: {0}",
	"DataScience.jupyterSelectURINoneLabel": "Yok",
	"DataScience.jupyterSelectURINoneDetail": "Uzak Jupyter sunucusuna bağlanma",
	"DataScience.jupyterSelectURINewLabel": "Mevcut",
	"DataScience.jupyterSelectURINewDetail": "Mevcut bir sunucunun URI'sini belirtin",
	"DataScience.jupyterSelectURIMRUDetail": "Son Bağlantı: {0}",
	"DataScience.jupyterSelectURIRunningDetailFormat": "Son bağlantı {0}. Mevcut bağlantıları {1}.",
	"DataScience.jupyterSelectURINotRunningDetail": "Şu anda bağlanılamıyor. Durum bilinmiyor.",
	"DataScience.fallbackToUseActiveInterpreterAsKernel": "Couldn't find kernel '{0}' that the notebook was created with. Using the current interpreter.",
	"DataScience.fallBackToRegisterAndUseActiveInterpreterAsKernel": "Couldn't find kernel '{0}' that the notebook was created with. Registering a new kernel using the current interpreter.",
	"DataScience.fallBackToPromptToUseActiveInterpreterOrSelectAKernel": "Couldn't find kernel '{0}' that the notebook was created with.",
	"DataScience.selectKernel": "Change Kernel",
	"DataScience.selectDifferentKernel": "Select a different Kernel",
	"DataScience.selectDifferentJupyterInterpreter": "Yorumlayıcıyı Değiştir",
	"DataScience.selectJupyterInterpreter": "Jupyter'ı başlatmak için bir Yorumlayıcı seçin",
	"DataScience.switchingKernelProgress": "Switching kernel to '{0}'",
	"DataScience.sessionStartFailedWithKernel": "Failed to start the Kernel '{0}'. \r\nView Jupyter [log](command:jupyter.viewOutput) for further details.",
	"DataScience.failedToStartKernel": "Failed to start the Kernel.",
	"DataScience.failedToRestartKernel": "Failed to restart the Kernel.",
	"DataScience.failedToInterruptKernel": "Failed to interrupt the Kernel.",
	"DataScience.failedToStartAnUntrustedKernelSpec": "'{0}' çekirdeği, güvenli olmayan bir '{1}' konumunda bulunduğu için başlatılmadı. \r\n Daha fazla ayrıntı için [burayı](https://aka.ms/JupyterTrustedKernelPaths) tıklayın, isteğe bağlı olarak [jupyter.kernels.trusted](command:workbench.action.openSettings?[\"jupyter.kernels.trusted\"]) ayarını güncelleyin çekirdeğe güvenmek.",
	"jupyter.configuration.jupyter.kernels.trusted.markdownDescription": "Güvenilecek Çekirdek belirtim dosyalarının mutlak yollarını girin. Ör. 'C:\\Program Data\\Jupyter\\kernels\\python3\\kernel.json'.  \r\n**Not**:  Çekirdekler, kullanıcı ayrıcalıklarıyla kod yürütebilir. Daha fazla ayrıntı için [buraya](https://aka.ms/JupyterTrustedKernelPaths) tıklayın.",
	"DataScience.kernelDied": "Çekirdek sonlandı. Daha fazla ayrıntı için Jupyter [günlüğünü](command:jupyter.viewOutput) görüntüleyin. \r\nHata: {0}...",
	"DataScience.kernelDiedWithoutError": "'{0}' çekirdeği sonlandı. Daha fazla bilgi için [buraya](https://aka.ms/vscodeJupyterKernelCrash) tıklayın. Daha fazla ayrıntı için Jupyter [günlüğünü](command:jupyter.viewOutput) görüntüleyin.",
	"DataScience.kernelDiedWithoutErrorAndAutoRestarting": "'{0}' çekirdeği sonlandı ve Jupyter tarafından otomatik olarak yeniden başlatılıyor. Daha fazla bilgi için [buraya](https://aka.ms/vscodeJupyterKernelCrash) tıklayın. Daha fazla ayrıntı için Jupyter [günlüğünü](command:jupyter.viewOutput) görüntüleyin.",
	"DataScience.kernelDisconnected": "'{0}' çekirdeğine bağlanılamıyor, lütfen Jupyter Server bağlantısını doğrulayın. Daha fazla ayrıntı için Jupyter’e [log](command:jupyter.viewOutput) bakın.",
	"DataScience.kernelCrashedDueToCodeInCurrentOrPreviousCell": "The Kernel crashed while executing code in the the current cell or a previous cell. Please review the code in the cell(s) to identify a possible cause of the failure. Click <a href='https://aka.ms/vscodeJupyterKernelCrash'>here</a> for more info. View Jupyter [log](command:jupyter.viewOutput) for further details.",
	"DataScience.fileSeemsToBeInterferingWithKernelStartup": "The file '{0}' seems to be overriding built in modules and interfering with the startup of the kernel. Consider renaming the file and starting the kernel again.",
	"DataScience.DataScience.moduleSeemsToBeInterferingWithKernelStartup": "'{0}' modülü, yerleşik modülleri geçersiz kılıyor ve kernel’in başlatılmasına müdahale ediyor gibi görünüyor. Klasörü yeniden adlandırmayı ve kernel’i yeniden başlatmayı düşünün.",
	"DataScience.failedToStartKernelDueToMissingModule": "The kernel failed to start due to the missing module '{0}'. Consider installing this module.",
	"DataScience.failedToStartKernelDueToImportFailure": "The kernel failed to start as the module '{0}' could not be imported.",
	"DataScience.failedToStartKernelDueToImportFromFileFailure": "The kernel failed to start as '{0}' could not be imported from '{1}'.",
	"DataScience.failedToStartKernelDueToUnknownDllLoadFailure": "The kernel failed to start as a dll could not be loaded.",
	"DataScience.failedToStartKernelDueToDllLoadFailure": "The kernel failed to start as the dll '{0}' could not be loaded.",
	"DataScience.failedToStartKernelDueToWin32APIFailure": "The kernel failed to start due to an error with the Win32api module. Consider (re) installing this module.",
	"DataScience.failedToStartKernelDueToPyZmqFailure": "The kernel failed to start due to an error with the 'pyzmq' module. Consider re-installing this module.",
	"DataScience.failedToStartKernelDueToOldIPython": "The kernel failed to start due to an outdated version of IPython. Consider updating this module to the latest version.",
	"DataScience.failedToStartKernelDueToOldIPyKernel": "IPyKernel'in sürümü eski olduğu için çekirdek başlatılamadı. Bu modülü en son sürüme güncelleştirmeyi deneyin.",
	"DataScience.failedToStartJupyter": "Jupyter, '{0}' ortamında başlatılamadı. \r\nDaha fazla ayrıntı için Jupyter [günlüğünü](command:jupyter.viewOutput) görüntüleyin.",
	"DataScience.failedToStartJupyterWithErrorInfo": "Jupyter, '{0}' ortamında başlatılamadı. \r\n{1} \r\nDaha fazla ayrıntı için Jupyter [günlüğünü](command:jupyter.viewOutput) görüntüleyin.",
	"DataScience.failedToStartJupyterDueToOutdatedTraitlets": "Jupyter, büyük olasılıkla güncel olmayan bir 'traitlets' sürümü nedeniyle '{0}' ortamında başlatılamadı. \r\n{1} \r\n'traitlets' modülünü '5.1.1' veya sonraki bir sürüme güncelleştirmeyi deneyin. \r\nDaha fazla ayrıntı için Jupyter [günlüğünü](command:jupyter.viewOutput) görüntüleyin.",
	"DataScience.installPackageInstructions": "Python ortamına '{0}' yüklemek için aşağıdaki komutu çalıştırın. \r\nKomut: '{1}'",
	"DataScience.cannotRunCellKernelIsDead": "Cannot run cells, as the kernel '{0}' is dead.",
	"DataScience.waitingForJupyterSessionToBeIdle": "Jupyter Oturumunun boşta olması bekleniyor",
	"DataScience.gettingListOfKernelsForLocalConnection": "Fetching Kernels",
	"DataScience.gettingListOfKernelsForRemoteConnection": "Fetching Kernels",
	"DataScience.gettingListOfKernelSpecs": "Fetching Kernel specs",
	"DataScience.startingJupyterNotebook": "Jupyter Notebook başlatılıyor",
	"DataScience.registeringKernel": "Registering Kernel",
	"DataScience.trimmedOutput": "Performans nedenleriyle çıkış kırpıldı.\r\nTam çıkışı görmek için \"jupyter.textOutputLimit\" ayarını 0 olarak ayarlayın.",
	"DataScience.connectingToJupyterUri": "{0} konumundaki Jupyter sunucusuna bağlanılıyor",
	"DataScience.createdNewNotebook": "{0}: Yeni not defteri oluşturuluyor ",
	"DataScience.createdNewKernel": "{0}: Kernel başlatıldı: {1}",
	"DataScience.kernelInvalid": "Kernel {0} is not usable. Check the Jupyter output tab for more information.",
	"DataScience.nativeDependencyFail": "İşletim sisteminiz desteklenmediğinden Jupyter sunucusu başlatılamıyor. Devam etmek istiyorsanız zaten çalışan bir sunucu seçin. {0}",
	"DataScience.selectNewServer": "Çalışan Sunucu Seçin",
	"DataScience.jupyterSelectURIRemoteLabel": "Mevcut",
	"DataScience.jupyterSelectURIQuickPickTitleRemoteOnly": "Zaten çalışan bir Jupyter sunucusu seçin",
	"DataScience.jupyterSelectURIRemoteDetail": "Mevcut bir sunucunun URI'sini belirtin",
	"DataScience.latestExtension": "Jupyter Uzantısı'nın en son sürümünü indirin",
	"DataScience.loadClassFailedWithNoInternet": "{0} yüklenirken hata oluştu:{1}. 3. taraf pencere öğelerini yüklemek için internet bağlantısı gerekiyor.",
	"DataScience.useCDNForWidgets": "Pencere ögeleri, 3. taraf bir web sitesinden destekleyici dosyaları indirmemizi gerektiriyor. Daha fazla bilgi için [buraya](https://aka.ms/PVSCIPyWidgets) tıklayın.",
	"DataScience.useCDNForWidgetsNoInformation": "Widget'lar, bir 3. taraf web sitesinden destekleyici dosyaları indirmemizi gerektirir.",
	"DataScience.enableCDNForWidgetsSettingHtml": "Pencere öğeleri, 3. taraf bir web sitesinden destekleyici dosyalar indirmemizi gerektiriyor. Bunu etkinleştirmek için <a href='https://command:jupyter.enableLoadingWidgetScriptsFromThirdPartySource'>buraya</a> veya daha fazla bilgi için <a href='https://aka.ms/PVSCIPyWidgets'>buraya</a> tıklayın. ({0} yüklenirken hata oluştu:{1}).",
	"DataScience.enableCDNForWidgetsSetting": "Pencere öğeleri, 3. taraf bir web sitesinden destekleyici dosyalar indirmemizi gerektiriyor. ({0} yüklenirken hata oluştu: {1}).",
	"DataScience.enableCDNForWidgetsButton": "İndirmeleri Etkinleştir",
	"DataScience.widgetScriptNotFoundOnCDNWidgetMightNotWork": "Yapılandırılmış pencere öğesi kaynaklarından ({2}) '{0}' pencere öğesi '{1}' sürümü bulunamıyor. Beklenen davranış etkilenebilir. Daha fazla bilgi için [buraya](https://aka.ms/PVSCIPyWidgets) tıklayın.",
	"DataScience.cdnWidgetScriptNotAccessibleWarningMessage": "Ağ erişimi nedeniyle üçüncü taraf {1} web sitesinden {0} widget’ı indirilemiyor. Beklenen davranış etkilenebilir. Daha fazla bilgi için [burayı](https://aka.ms/PVSCIPyWidgets) tıklayın.",
	"DataScience.unhandledMessage": "Unhandled kernel message from a widget: {0} : {1}",
	"DataScience.qgridWidgetScriptVersionCompatibilityWarning": "'qgrid' pencere öğesinin uyumlu bir sürümü yüklenemiyor. Sürüm 1.1.1'e düşürmeyi deneyin.",
	"DataScience.kernelStarting": "_Connecting to kernel..._",
	"DataScience.kernelStartingCustom": "_{0} bağlantısı kuruluyor..._",
	"DataScience.libraryRequiredToLaunchJupyterKernelNotInstalledInterpreter": "'{0}' ile hücreleri çalıştırmak için {1} paketi gerekir.",
	"DataScience.libraryRequiredToLaunchJupyterKernelNotInstalledInterpreterAndRequiresUpdate": "'{0}' ile hücreleri çalıştırmak için {1} paketinin yüklenmesi veya güncelleştirme gerekiyor.",
	"DataScience.runByLine": "Satıra göre çalıştır (F10)",
	"DataScience.stopRunByLine": "Durdur",
	"DataScience.couldNotInstallLibrary": "{0} paketi yüklenemedi. Pip kullanılamıyorsa, bu kitaplığı Python ortamınıza kendiniz yüklemek için lütfen kendi istediğiniz paket yöneticisini kullanın.",
	"DataScience.rawKernelSessionFailed": "Unable to start session for kernel {0}. Select another kernel to launch with.",
	"DataScience.rawKernelStartFailedDueToTimeout": "Unable to start Kernel '{0}' due to connection timeout. \r\nView Jupyter [log](command:jupyter.viewOutput) for further details.",
	"DataScience.rawKernelConnectingSession": "Connecting to kernel {0}",
	"DataScience.reloadCustomEditor": "Lütfen özel düzenleyici API'sini kullanmak için VS Code’u yeniden yükleyin",
	"DataScience.reloadVSCodeNotebookEditor": "Notebook Editor'ı kullanmak için lütfen VS Code’u yeniden yükleyin",
	"DataScience.step": "Sonraki satırı çalıştır (F10)",
	"DataScience.usingPreviewNotebookWithOtherNotebookWarning": "Aynı dosyayı Notebook Editor önizleme sürümü ve kararlı Notebook Editor'da açmanız önerilmez. Bunu yapmak, not defterlerinde veri kaybı veya bozulma ile sonuçlanabilir.",
	"DataScience.unknownServerUri": "Sunucu URI'si kullanılamıyor. Jupyter sunucu bağlantısı sağlayan bir uzantıyı kaldırdınız mı?",
	"DataScienceRendererExtension.installingExtension": "Notebook Renderers uzantısı yükleniyor...",
	"DataScienceRendererExtension.installationCompleteMessage": "tamamlandı.",
	"DataScienceRendererExtension.startingDownloadOutputMessage": "Notebook Renderers uzantısını indirme işlemi başlatılıyor.",
	"DataScienceRendererExtension.downloadingMessage": "Notebook Renderers Uzantısı indiriliyor...",
	"DataScienceRendererExtension.downloadCompletedOutputMessage": "Notebook Renderers uzantısını indirme işlemi tamamlandı.",
	"DataScience.uriProviderDescriptionFormat": "{0} ({1} uzantısından)",
	"DataScience.unknownPackage": "bilinmiyor",
	"DataScience.interactiveWindowTitle": "Etkileşimli",
	"DataScience.interactiveWindowTitleFormat": "Etkileşimli - {0}",
	"DataScience.interactiveWindowModeBannerTitle": "Bu dosya için yeni bir Etkileşimli pencere açmak istiyor musunuz? [Daha Fazla Bilgi](command:workbench.action.openSettings?%5B%22jupyter.interactiveWindowMode%22%5D).",
	"DataScience.interactiveWindowModeBannerSwitchYes": "Evet",
	"DataScience.interactiveWindowModeBannerSwitchAlways": "Her Zaman",
	"DataScience.interactiveWindowModeBannerSwitchNo": "Hayır",
	"DataScience.noKernelsSpecifyRemote": "No kernel available for cell execution, please [specify a Jupyter server for connections](command:jupyter.selectjupyteruri)",
	"DataScience.ipykernelNotInstalled": "IPyKernel, {0} yorumlayıcısına yüklenmedi",
	"DataScience.ipykernelNotInstalledBecauseCanceled": "IPyKernel yorumlayıcıya yüklenmedi. Yükleme iptal edildi.",
	"DataScience.needIpykernel6": "Bu özellik için Ipykernel kurulumu gereklidir",
	"DataScience.setup": "Kur",
	"DataScience.startingRunByLine": "Satıra Göre Çalıştırma Başlatılıyor",
	"DataScience.illegalEditorConfig": "CustomEditor ve NativeNotebook denemeleri birlikte açılamaz",
	"DataScience.pythonExtensionRequired": "Bu görevi gerçekleştirmek için Python Uzantısı gereklidir. Python Uzantısı yükleme sayfasını açmak için Evet'e tıklayın.",
	"DataScience.pythonExtensionRequiredToRunNotebook": "Python not defterlerini çalıştırmak için Python Uzantısı gerekiyor.",
	"DataScience.installingPythonExtension": "Python uzantısını yükleme ve çekirdekleri bulma.",
	"DataScience.pythonExtensionInstalled": "Python Uzantısı şimdi yüklendi. Not defteri veya etkileşimli pencere oturumu yeniden başlatılana kadar bazı özellikler kullanılamayabilir.",
	"DataScience.showDataViewerFail": "Veri Görüntüleyicisi oluşturulamadı. Daha fazla bilgi için Çıkış penceresinin Jupyter sekmesini denetleyin.",
	"DataScience.notebookCreationPickerPlaceHolder": "Boş not defteri oluşturma seçeneğini belirleyin",
	"DataScience.refreshDataViewer": "Veri görüntüleyicisini yenile",
	"DataScience.refreshDataViewerCommandPalette": "Veri Görüntüleyicisini Yenile",
	"DataScience.sliceDropdownAxisLabel": "Eksen",
	"DataScience.sliceDropdownIndexLabel": "Dizin",
	"DataScience.sliceSubmitButton": "Uygula",
	"DataScience.sliceSummaryTitle": "DİLİMLENİYOR",
	"DataScience.dataViewerShowFilters": "Filtreleri göster",
	"DataScience.dataViewerHideFilters": "Filtreleri gizle",
	"DataScience.sliceData": "Verileri Dilimle",
	"DataScience.sliceIndexError": "{0} dizini {2} öğeleriyle {1} ekseni için aralık dışında",
	"DataScience.sliceMismatchedAxesError": "{0} eksen bekleniyordu, dilim ifadesinde {1} eksen alındı",
	"DataScience.clearFilters": "Tüm filtreleri temizle",
	"DataScience.defaultNotebookName": "varsayılan",
	"DataScience.recommendExtensionForNotebook": "{0} uzantısı, '{1}' dilini hedefleyen not defterleri için önerilir",
	"DataScience.interactiveClearAllCells": "Tümünü Sil",
	"DataScience.interactiveGoToCode": "Koda git",
	"DataScience.kernelWasNotStarted": "Kernel was not started. A kernel session is needed to start debugging.",
	"DataScience.noNotebookToDebug": "Hata ayıklamak için etkin not defteri belgesi yok.",
	"DataScience.cantStartDebugging": "Hata ayıklama başlatılamıyor.",
	"DataScience.customEditorBanner": "Bu düzenleyici kullanım dışı ve onu VS Code 1.59 sürümünden sonra kaldıracağız. [Yeni not defteri düzenleyicimiz hakkında daha fazla bilgi edinin](https://aka.ms/vscodeNotebookEditorBanner).",
	"DataScience.importingIpynb": "Not defteri dosyası içeri aktarılıyor.",
	"DataScience.exportingToFormat": "{0} konumuna aktarılıyor.",
	"DataScience.matplotlibWidgetInsteadOfOther": "'%matplotlib widget' veya '%matplotlib inline', VS Code not defterlerinde en iyi şekilde çalışır.",
	"DataScience.matplotlibWidgetCodeActionTitle": "Daha fazla bilgi",
	"DataScience.cellAtFormat": "{0} Hücre {1}'",
	"DataScience.jupyterServerConsoleOutputChannel": "Jupyter Sunucusu Konsolu",
	"DataScience.kernelConsoleOutputChannel": "{0} Kernel Console Output",
	"Installer.noCondaOrPipInstaller": "Seçili ortamda kullanılabilir Conda veya Pip yükleyicisi yok.",
	"Installer.noPipInstaller": "Seçili ortamda kullanılabilir Pip yükleyicisi yok.",
	"Installer.searchForHelp": "Yardım ara",
	"Installer.couldNotInstallLibrary": "{0} yüklenemedi. Pip kullanılamıyorsa, bu kitaplığı Python ortamınıza elle yüklemek için lütfen kendi istediğiniz paket yöneticisini kullanın.",
	"Installer.dataScienceInstallPrompt": "Veri Bilimi kitaplığı {0} yüklü değil. Yüklensin mi?",
	"Products.installingModule": "{0} yükleniyor",
	"DataScience.webNotSupported": "İşlem Jupyter Uzantısının web sürümünde desteklenmiyor.",
	"DataScience.outputSizeExceedLimit": "Çıkış, <a href={0}>boyut sınırını</a> aşıyor. Tam çıkış verilerini <a href={1}>bir metin düzenleyicide</a> açın",
	"DataScience.installPythonTitle": "Python’ı yükle",
	"DataScience.installPythonExtensionViaKernelPickerTitle": "Python Uzantısını Yükle",
	"DataScience.switchToLocalKernelsTitle": "Yerel Çekirdeklere Bağlanın",
	"DataScience.switchToRemoteKernelsTitle": "Bir Jupyter Sunucu’ya bağlanın",
	"DataScience.switchToAnotherRemoteKernelsTitle": "Başka bir Jupyter Sunucusuna Bağlanın",
	"DataScience.pickDocumentKernelSourceTitle": "Çekirdek Kaynağı Seç",
	"DataScience.failedToInstallPythonExtension": "Python Uzantısı yüklenemedi.",
	"DataScience.kernelPrefixForRemote": "(Uzak)",
	"DataScience.pythonFileOverridesPythonPackage": "Bu dosya potansiyel olarak mevcut bir Python paketini geçersiz kılabilir ve kernel’in yürütülmesine müdahale edebilir, yeniden adlandırmayı düşünün.",
	"DataScience.alwaysIgnoreWarningsAboutOverridingPythonPackages": "Python paketlerini geçersiz kılmayla ilgili uyarıları her zaman yoksay",
	"DataScience.ignoreWarningAboutOverridingPythonPackage": "'{0}' için uyarıyı görmezden gelin",
	"DataScience.moreInfoAboutFileNamesOverridingPythonPackages": "Python paketlerini geçersiz kılma hakkında daha fazla bilgi",
	"DataScience.reservedPythonFileNamesDiagnosticCollectionName": "Ayrılmış Python Dosya Adları",
	"DataScience.filesPossiblyOverridingPythonModulesMayHavePreventedKernelFromStarting": "Çalışma dizininde bulunan aşağıdaki dosyalardan bazıları, Kernel’in başlatılmasını engellemiş olabilir. Onları yeniden adlandırmayı düşünün.",
	"DataScience.listOfFilesWithLinksThatMightNeedToBeRenamed": "Dosya(lar): {0} öğesinin yeniden adlandırılması gerekiyor olabilir.",
	"jupyter.configuration.jupyter.diagnostics.reservedPythonNames.enabled.markdownDescription": "[Python paketlerini geçersiz kılabilecek](https://aka.ms/JupyterKernelStartFailureOverrideReservedName) Python dosya adlarıyla ilgili uyarıların gösterilip gösterilmeyeceği.",
	"jupyter.configuration.jupyter.diagnostics.reservedPythonNames.exclude.markdownDescription": "Dosya ve klasörlerin [Python paketlerini geçersiz kılma](https://aka.ms/JupyterKernelStartFailureOverrideReservedName) hakkında uyarı alınmasını engellemek için [glob desenlerini](https://code.visualstudio.com/docs/editor/codebasics#_advanced-search-options) yapılandırın.",
	"DataScience.localKernelFinderDisplayName": "Yerel Çekirdekler",
	"DataScience.universalRemoteKernelFinderDisplayName": "Uzak - {0}",
	"DataScience.remoteKernelFinderDisplayName": "Geçerli Uzak",
	"DataScience.kernelPickerSelectSourceTitle": "Çekirdek Kaynağı Seç",
	"DataScience.kernelPickerSelectKernelTitle": "Çekirdek Seç"
}