{
	"products.installingModule": "Ïñstællïñg {0}",
	"capabilities.untrustedWorkspace.description": "Ëxëçµtïøñ øf çëlls ïñ Ïñtëræçtïvë Wïñðøw æñð Ñøtëþøøks ïs ñøt sµppørtëð ïñ µñtrµstëð wørkspæçës.",
	"contributes.walkthroughs.jupyterWelcome.title": "Gët stærtëð wïth Jµpÿtër Ñøtëþøøks",
	"contributes.walkthroughs.jupyterWelcome.description": "Ýøµr fïrst stëps tø sët µp æ Jµpÿtër prøjëçt wïth æll thë pøwërfµl tøøls æñð fëætµrës thæt thë Jµpÿtër Ëxtëñsïøñ hæs tø øffër!",
	"contributes.walkthroughs.jupyterWelcome.steps.ipynb.newUntitledIpynb.title": "Çrëætë ør øpëñ æ Jµpÿtër Ñøtëþøøk",
	"contributes.walkthroughs.jupyterWelcome.steps.ipynb.newUntitledIpynb.description": "Rïght çlïçk ïñ thë fïlë ëxplørër æñð çrëætë æ ñëw fïlë wïth æñ .ïpÿñþ ëxtëñsïøñ. Ør, øpëñ thë [Çømmæñð Pælëttë](command:workbench.action.showCommands) æñð rµñ thë çømmæñð \r\n``Çrëætë: Ñëw Jµpÿtër Ñøtëþøøk``.\r\n[Çrëætë Ñëw Jµpÿtër Ñøtëþøøk](command:toSide:ipynb.newUntitledIpynb)\r\n Ïf ÿøµ hævë æñ ëxïstïñg prøjëçt, ÿøµ çæñ ælsø [øpëñ æ følðër](command:toSide:workbench.action.files.openFolder) æñð/ør çløñë æ prøjëçt frøm GïtHµþ: [çløñë æ Gït rëpøsïtørÿ](command:toSide:git.clone).",
	"contributes.walkthroughs.jupyterWelcome.steps.ipynb.newUntitledIpynb.media.altText": "Çrëætïñg æ ñëw Jµpÿtër ñøtëþøøk",
	"contributes.walkthroughs.jupyterWelcome.steps.jupyter.selectKernel.title": "§ëlëçt æ Jµpÿtër kërñël",
	"contributes.walkthroughs.jupyterWelcome.steps.jupyter.selectKernel.description": "Çlïçk §ëlëçt Kërñël æt thë tøp rïght øf thë ñøtëþøøk æñð çhøøsë thë ëñvïrøñmëñt ïñ whïçh tø rµñ ÿøµr kërñël. Ør, wïth æ ñøtëþøøk øpëñëð æñð ïñ føçµs, øpëñ thë [Çømmæñð Pælëttë](command:workbench.action.showCommands) æñð rµñ thë çømmæñð: \r\n``Ñøtëþøøk: §ëlëçt Ñøtëþøøk Kërñël``. \r\n[Øpëñ Çømmæñð Pælëttë tø §ëlëçt æ Jµpÿtër Kërñël](command:workbench.action.showCommands)",
	"contributes.walkthroughs.jupyterWelcome.steps.jupyter.selectKernel.media.altText": "§ëlëçtïñg ør çhæñgïñg æ ñøtëþøøk kërñël",
	"contributes.walkthroughs.jupyterWelcome.steps.jupyter.exploreAndDebug.title": "Ëxplørë ðætæ æñð ðëþµg",
	"contributes.walkthroughs.jupyterWelcome.steps.jupyter.exploreAndDebug.description": "📅 Ýøµ çæñ µsë thë [Ðætæ Vïëwër](https://çøðë.vïsµælstµðïø.çøm/ðøçs/ðætæsçïëñçë/ðætæ-sçïëñçë-tµtørïæl#_prëpærë-thë-ðætæ) tø vïëw, sørt, æñð fïltër thë røws øf ðætæ. Æftër løæðïñg ÿøµr ðætæ, çlïçk \"Værïæþlës\" æt thë tøp rïght øf ñøtëþøøk æñð çlïçk thë Ðætæ Vïëwër ïçøñ tø thë lëft øf thë ðætæ tæþlë. \r\n \r\n[£ëærñ æþøµt Ðætæ Vïëwër](https://çøðë.vïsµælstµðïø.çøm/ðøçs/ðætæsçïëñçë/ðætæ-sçïëñçë-tµtørïæl#_prëpærë-thë-ðætæ)\r\n \r\n📒 Ðëþµg ÿøµr ñøtëþøøk µsïñg thë [Rµñ þÿ £ïñë](https://çøðë.vïsµælstµðïø.çøm/ðøçs/ðætæsçïëñçë/jµpÿtër-ñøtëþøøks#_rµñ-þÿ-lïñë) møðë tø ëxëçµtë æ çëll øñë lïñë æt æ tïmë. Çlïçk thë Rµñ þÿ £ïñë ïçøñ frøm ÿøµr çëll (plæÿ þµttøñ wïth lïñës) ør hït F10. \r\n \r\n[£ëærñ æþøµt Rµñ þÿ £ïñë](https://çøðë.vïsµælstµðïø.çøm/ðøçs/ðætæsçïëñçë/jµpÿtër-ñøtëþøøks#_rµñ-þÿ-lïñë)",
	"contributes.walkthroughs.jupyterWelcome.steps.jupyter.exploreAndDebug.media.altText": "Øpëñïñg ðætæ vïëwër",
	"contributes.walkthroughs.jupyterWelcome.steps.jupyter.dataScienceLearnMore.title": "Fïñð øµt mørë!",
	"contributes.walkthroughs.jupyterWelcome.steps.jupyter.dataScienceLearnMore.description": "🎨 Ëxplørë æll thë fëætµrës thë Jµpÿtër Ëxtëñsïøñ hæs tø øffër þÿ løøkïñg før \"Jµpÿtër\" ïñ thë [Çømmæñð Pælëttë](command:workbench.action.showCommands). \r\n 📈 £ëærñ mørë æþøµt gëttïñg stærtëð wïth ðætæ sçïëñçë ïñ [Pÿthøñ](command:workbench.action.openWalkthrough?%7B%22category%22%3A%22ms-python.python%23pythonDataScienceWelcome%22%2C%22step%22%3A%22ms-python.python%23python.createNewNotebook%22%7D) þÿ ïñstællïñg thë Pÿthøñ Ëxtëñsïøñ ([sëærçh Pÿthøñ ëxtëñsïøñ](command:workbench.extensions.search?\"ms-python.python\")). \r\n 📃 Fïñð øµt mørë fëætµrës ïñ øµr [Tµtørïæls](https://çøðë.vïsµælstµðïø.çøm/docs/datascience/jupyter-notebooks).  \r\n[£ëærñ mørë](https://ækæ.ms/ÆÆðær6q)",
	"contributes.walkthroughs.jupyterWelcome.steps.jupyter.dataScienceLearnMore.media.altText": "Ïmægë rëprësëñtïñg øµr ðøçµmëñtætïøñ pægë æñð mæïlïñg lïst rësøµrçës.",
	"jupyter.command.dataScience.clearCache.title": "Çlëær Çæçhë",
	"jupyter.command.jupyter.replayPylanceLog.title": "Rëplæÿ Pÿlæñçë £øg",
	"jupyter.command.jupyter.replayPylanceLogStep.title": "§tëp Pÿlæñçë £øg",
	"jupyter.command.jupyter.exportAsPythonScript.title": "Ëxpørt tø Pÿthøñ §çrïpt",
	"jupyter.command.jupyter.exportToHTML.title": "Ëxpørt tø HTM£",
	"jupyter.command.jupyter.exportToPDF.title": "Ëxpørt tø PÐF",
	"jupyter.command.jupyter.debug.title": "Ðëþµg",
	"jupyter.command.jupyter.filterKernels.title": "Fïltër Kërñëls",
	"jupyter.command.jupyter.runByLine.title": "Rµñ þÿ £ïñë",
	"jupyter.command.jupyter.debugCell.title": "Ðëþµg Çëll",
	"jupyter.command.jupyter.runByLineNext.title": "Rµñ Ñëxt £ïñë",
	"jupyter.command.jupyter.runByLineStop.title": "Çøñtïñµë Ëxëçµtïøñ",
	"DataScience.checkingIfImportIsSupported": "Çhëçkïñg ïf \"import\" ïs sµppørtëð",
	"DataScience.validatingKernelDependencies": "Vælïðætïñg kernel ðëpëñðëñçïës",
	"DataScience.installingMissingDependencies": "Ïñstællïñg mïssïñg ðëpëñðëñçïës",
	"DataScience.exportNotebookToPython": "Ëxpørtïñg Notebook tø Pÿthøñ",
	"DataScience.performingExport": "Përførmïñg Ëxpørt",
	"DataScience.convertingToPDF": "Çøñvërtïñg tø PÐF",
	"DataScience.exportHTMLQuickPickLabel": "HTM£",
	"DataScience.exportPDFQuickPickLabel": "PÐF",
	"DataScience.openExportedFileMessage": "Wøµlð ÿøµ lïkë tø øpëñ thë ëxpørtëð fïlë?",
	"DataScience.openExportFileYes": "Ýës",
	"DataScience.openExportFileNo": "Ñø",
	"DataScience.failedExportMessage": "Ëxpørt fæïlëð.",
	"DataScience.validationErrorMessageForRemoteUrlProtocolNeedsToBeHttpOrHttps": "Hæs tø þë http(s)",
	"DataScience.exportFailedGeneralMessage": "Plëæsë çhëçk thë 'Jµpÿtër' [øµtpµt](command:jupyter.viewOutput) pæñël før fµrthër ðëtæïls.",
	"DataScience.exportToPDFDependencyMessage": "Ïf ÿøµ hævë ñøt ïñstællëð xëlætëx (TëX) ÿøµ wïll ñëëð tø ðø sø þëførë ÿøµ çæñ ëxpørt tø PÐF, før fµrthër ïñstrµçtïøñs gø tø https://ñþçøñvërt.rëæðthëðøçs.ïø/ëñ/lætëst/ïñstæll.html#ïñstællïñg-tëx. \r\nTø ævøïð ïñstællïñg xëlætëx (TëX) ÿøµ mïght wæñt tø trÿ ëxpørtïñg tø HTM£ æñð µsïñg ÿøµr þrøwsërs \"Prïñt tø PÐF\" fëætµrë.",
	"DataScience.insecureSessionMessage": "Çøññëçtïñg øvër HTTP wïthøµt æ tøkëñ mæÿ þë æñ ïñsëçµrë çøññëçtïøñ. Ðø ÿøµ wæñt tø çøññëçt tø æ pøssïþlÿ ïñsëçµrë sërvër?",
	"DataScience.insecureSessionDenied": "Ðëñïëð çøññëçtïøñ tø ïñsëçµrë sërvër.",
	"DataScience.pythonNotInstalled": "Pÿthøñ ïs ñøt ïñstællëð. \r\nPlëæsë ðøwñløæð æñð ïñstæll Pÿthøñ ïñ ørðër tø ëxëçµtë çëlls ïñ thïs ñøtëþøøk.",
	"DataScience.installKernel": "Thë Jµpÿtër Kernel '{0}' çøµlð ñøt þë føµñð æñð ñëëðs tø þë ïñstællëð ïñ ørðër tø ëxëçµtë çëlls ïñ thïs ñøtëþøøk.",
	"DataScience.customizeLayout": "Çµstømïzë £æÿøµt",
	"DataScience.warnWhenSelectingKernelWithUnSupportedPythonVersion": "Thë vërsïøñ øf Pÿthøñ æssøçïætëð wïth thë sëlëçtëð kernel ïs ñø løñgër sµppørtëð. Plëæsë çøñsïðër sëlëçtïñg æ ðïffërëñt kernel.",
	"DataScience.activatingPythonEnvironment": "Æçtïvætïñg Pÿthøñ Ëñvïrøñmëñt '{0}'",
	"jupyter.kernel.percentPipCondaInstallInsteadOfBang": "Üsë '%{0} install' ïñstëæð øf '!{0} install'",
	"jupyter.kernel.pipCondaInstallHoverWarning": "'!{0} install' çøµlð ïñstæll pæçkægës ïñtø thë wrøñg ëñvïrøñmëñt. [Mørë ïñfø]({1})",
	"jupyter.kernel.replacePipCondaInstallCodeAction": "Rëplæçë wïth '%{0} install'",
	"jupyter.kernel.filter.placeholder": "Çhøøsë thë kernels thæt ærë ævæïlæþlë ïñ thë kernel pïçkër.",
	"jupyter.kernel.category.jupyterSession": "(Rëmøtë) Jµpÿtër §ëssïøñ",
	"jupyter.kernel.category.jupyterKernel": "Jµpÿtër Kernel",
	"jupyter.kernel.category.jupyterRemoteKernel": "(Rëmøtë) Jµpÿtër Kernel",
	"jupyter.kernel.category.conda": "Çøñðæ Ëñv",
	"jupyter.kernel.category.poetry": "Poetry Ëñv",
	"jupyter.kernel.category.pipenv": "Pïpëñv Ëñv",
	"jupyter.kernel.category.pyenv": "PÿËñv Ëñv",
	"jupyter.kernel.category.global": "Gløþæl Ëñv",
	"jupyter.kernel.category.virtual": "Vïrtµæl Ëñv",
	"jupyter.command.jupyter.viewLanguageServerOutput.title": "§høw £æñgµægë §ërvër Øµtpµt",
	"jupyter.command.jupyter.selectAndRunTestMethod.title": "Rµñ Tëst Mëthøð ...",
	"jupyter.command.jupyter.selectAndDebugTestMethod.title": "Ðëþµg Tëst Mëthøð ...",
	"jupyter.command.jupyter.selectAndRunTestFile.title": "Rµñ Tëst Fïlë ...",
	"jupyter.command.jupyter.runCurrentTestFile.title": "Rµñ Çµrrëñt Tëst Fïlë",
	"jupyter.command.jupyter.runFailedTests.title": "Rµñ Fæïlëð Tësts",
	"jupyter.command.jupyter.discoverTests.title": "Ðïsçøvër Tësts",
	"jupyter.command.jupyter.discoveringTests.title": "Ðïsçøvërïñg...",
	"jupyter.command.jupyter.stopTests.title": "§tøp",
	"jupyter.command.jupyter.configureTests.title": "Çøñfïgµrë Tësts",
	"jupyter.command.jupyter.execSelectionInTerminal.title": "Rµñ §ëlëçtïøñ/£ïñë ïñ Pÿthøñ Tërmïñæl",
	"jupyter.command.jupyter.execSelectionInDjangoShell.title": "Rµñ §ëlëçtïøñ/£ïñë ïñ Ðjæñgø §hëll",
	"jupyter.command.jupyter.goToPythonObject.title": "Gø tø Pÿthøñ Øþjëçt",
	"jupyter.command.jupyter.setLinter.title": "§ëlëçt £ïñtër",
	"jupyter.command.jupyter.enableLinting.title": "Ëñæþlë £ïñtïñg",
	"jupyter.command.jupyter.runLinting.title": "Rµñ £ïñtïñg",
	"jupyter.command.jupyter.runFileInteractive.title": "Rµñ Çµrrëñt Fïlë ïñ Ïñtëræçtïvë Wïñðøw",
	"jupyter.command.jupyter.debugFileInteractive.title": "Ðëþµg Çµrrëñt Fïlë ïñ Ïñtëræçtïvë Wïñðøw",
	"jupyter.command.jupyter.runallcells.title": "Rµñ Æll Çëlls",
	"jupyter.command.jupyter.notebookeditor.expandallcells.title": "Ëxpæñð Æll Notebook Çëlls",
	"jupyter.command.jupyter.notebookeditor.collapseallcells.title": "Çøllæpsë Æll Notebook Çëlls",
	"jupyter.command.jupyter.runallcellsabove.title": "Rµñ Æþøvë",
	"jupyter.command.jupyter.runcellandallbelow.title": "Rµñ ßëløw",
	"jupyter.command.jupyter.runallcellsabove.palette.title": "Rµñ Çëlls Æþøvë Çµrrëñt Çëll",
	"jupyter.command.jupyter.runcurrentcellandallbelow.palette.title": "Rµñ Çµrrëñt Çëll æñð ßëløw",
	"jupyter.command.jupyter.debugcurrentcell.palette.title": "Ðëþµg Çµrrëñt Çëll",
	"jupyter.command.jupyter.debugcell.title": "Ðëþµg Çëll",
	"jupyter.command.jupyter.debugstepover.title": "§tëp Øvër",
	"jupyter.command.jupyter.debugcontinue.title": "Çøñtïñµë",
	"jupyter.command.jupyter.debugstop.title": "§tøp",
	"jupyter.command.jupyter.runtoline.title": "Rµñ Tø £ïñë ïñ Ïñtëræçtïvë Wïñðøw",
	"jupyter.command.jupyter.runfromline.title": "Rµñ Frøm £ïñë ïñ Ïñtëræçtïvë Wïñðøw",
	"jupyter.command.jupyter.runcurrentcell.title": "Rµñ Çµrrëñt Çëll",
	"jupyter.command.jupyter.runcurrentcelladvance.title": "Rµñ Çµrrëñt Çëll Æñð Æðvæñçë",
	"jupyter.command.jupyter.execSelectionInteractive.title": "Rµñ §ëlëçtïøñ/£ïñë ïñ Ïñtëræçtïvë Wïñðøw",
	"jupyter.command.jupyter.runcell.title": "Rµñ Çëll",
	"jupyter.command.jupyter.insertCellBelowPosition.title": "Ïñsërt Çëll ßëløw Pøsïtïøñ",
	"jupyter.command.jupyter.insertCellBelow.title": "Ïñsërt Çëll ßëløw",
	"jupyter.command.jupyter.insertCellAbove.title": "Ïñsërt Çëll Æþøvë",
	"jupyter.command.jupyter.deleteCells.title": "Ðëlëtë §ëlëçtëð Çëlls",
	"jupyter.command.jupyter.selectCell.title": "§ëlëçt Çëll",
	"jupyter.command.jupyter.selectCellContents.title": "§ëlëçt Çëll Çøñtëñts",
	"jupyter.command.jupyter.extendSelectionByCellAbove.title": "Ëxtëñð §ëlëçtïøñ ßÿ Çëll Æþøvë",
	"jupyter.command.jupyter.extendSelectionByCellBelow.title": "Ëxtëñð §ëlëçtïøñ ßÿ Çëll ßëløw",
	"jupyter.command.jupyter.moveCellsUp.title": "Møvë §ëlëçtëð Çëlls Üp",
	"jupyter.command.jupyter.moveCellsDown.title": "Møvë §ëlëçtëð Çëlls Ðøwñ",
	"jupyter.command.jupyter.changeCellToMarkdown.title": "Çhæñgë Çëll tø Mærkðøwñ",
	"jupyter.command.jupyter.changeCellToCode.title": "Çhæñgë Çëll tø Çøðë",
	"jupyter.command.jupyter.gotoNextCellInFile.title": "Gø tø Ñëxt Çëll",
	"jupyter.command.jupyter.gotoPrevCellInFile.title": "Gø tø Prëvïøµs Çëll",
	"jupyter.command.jupyter.showhistorypane.title": "§høw Ïñtëræçtïvë Wïñðøw",
	"jupyter.command.jupyter.createnewinteractive.title": "Çrëætë Ïñtëræçtïvë Wïñðøw",
	"jupyter.command.jupyter.selectjupyteruri.title": "§pëçïfÿ Jµpÿtër §ërvër før Çøññëçtïøñs",
	"DataScience.jupyterNativeNotebookUriStatusLabelForLocal": "Jµpÿtër §ërvër: £øçæl",
	"DataScience.jupyterNativeNotebookUriStatusLabelForRemote": "Jµpÿtër §ërvër: Rëmøtë",
	"jupyter.command.jupyter.selectjupytercommandline.title": "§pëçïfÿ Jµpÿtër Çømmæñð £ïñë Ærgµmëñts",
	"jupyter.command.jupyter.importnotebook.title": "Ïmpørt Jµpÿtër Notebook",
	"jupyter.command.jupyter.importnotebookfile.title": "Çøñvërt tø Pÿthøñ §çrïpt",
	"jupyter.command.jupyter.exportoutputasnotebook.title": "Ëxpørt Ïñtëræçtïvë Wïñðøw æs Jµpÿtër Notebook",
	"jupyter.command.jupyter.exportfileasnotebook.title": "Ëxpørt Çµrrëñt Pÿthøñ Fïlë æs Jµpÿtër Notebook",
	"jupyter.command.jupyter.exportfileandoutputasnotebook.title": "Ëxpørt Çµrrëñt Pÿthøñ Fïlë æñð Øµtpµt æs Jµpÿtër Notebook",
	"jupyter.command.jupyter.undocells.title": "Üñðø £æst Ïñtëræçtïvë Æçtïøñ",
	"jupyter.command.jupyter.redocells.title": "Rëðø £æst Ïñtëræçtïvë Æçtïøñ",
	"jupyter.command.jupyter.removeallcells.title": "Ðëlëtë Æll Ïñtëræçtïvë Çëlls",
	"jupyter.command.jupyter.notebookeditor.removeallcells.title": "Ðëlëtë Æll Notebook Ëðïtør Çëlls",
	"jupyter.command.jupyter.notebookeditor.addcellbelow.title": "Æðð Ëmptÿ Çëll tø Notebook Fïlë",
	"jupyter.command.jupyter.notebookeditor.keybind.undo.title": "Üñðø",
	"jupyter.command.jupyter.notebookeditor.keybind.save.title": "§ævë",
	"jupyter.command.jupyter.interruptkernel.title": "Ïñtërrµpt Kernel",
	"jupyter.command.jupyter.interruptkernel.shorttitle": "Ïñtërrµpt",
	"DataScience.restartKernel": "Rëstært Kernel",
	"jupyter.command.jupyter.restartkernel.title": "Rëstært Kernel",
	"jupyter.command.jupyter.restartkernel.shorttitle": "Rëstært",
	"jupyter.command.jupyter.expandallcells.title": "Ëxpæñð Æll Ïñtëræçtïvë Çëlls",
	"jupyter.command.jupyter.collapseallcells.title": "Çøllæpsë Æll Ïñtëræçtïvë Çëlls",
	"jupyter.command.jupyter.expandallcells.shorttitle": "Ëxpæñð",
	"jupyter.command.jupyter.collapseallcells.shorttitle": "Çøllæpsë",
	"jupyter.command.jupyter.addcellbelow.title": "Æðð Ëmptÿ Çëll tø Fïlë",
	"jupyter.command.jupyter.createnewnotebook.title": "Çrëætë Ñëw Jµpÿtër Ñøtëþøøk",
	"jupyter.command.jupyter.scrolltocell.title": "§çrøll Çëll Ïñtø Vïëw",
	"jupyter.command.jupyter.selectJupyterInterpreter.title": "§ëlëçt Ïñtërprëtër tø §tært Jµpÿtër §ërvër",
	"jupyter.command.jupyter.enableDebugLogging.title": "Ëñæþlë Ðëþµg £øggïñg",
	"jupyter.command.jupyter.resetLoggingLevel.title": "Rësët £øggïñg £ëvël",
	"jupyter.command.jupyter.showDataViewer.title": "Vïëw Vælµë ïñ Ðætæ Vïëwër",
	"jupyter.command.jupyter.viewOutput.title": "§høw Øµtpµt",
	"DataScience.viewJupyterLogForFurtherInfo": "Vïëw Jµpÿtër [løg](command:jupyter.viewOutput) før fµrthër ðëtæïls.",
	"jupyter.showJupyterLogs": "§høw Jµpÿtër £øgs",
	"jupyter.command.jupyter.clearSavedJupyterUris.title": "Çlëær Jµpÿtër Rëmøtë §ërvër £ïst",
	"jupyter.command.jupyter.openVariableView.title": "Øpëñ Værïæþlës Vïëw",
	"jupyter.command.jupyter.openVariableView.shorttitle": "Værïæþlës",
	"jupyter.command.jupyter.openOutlineView.title": "§høw Tæþlë Øf Çøñtëñts (Øµtlïñë Vïëw)",
	"jupyter.command.jupyter.openOutlineView.shorttitle": "Øµtlïñë",
	"DataScience.currentlySelectedJupyterInterpreterForPlaceholder": "çµrrëñt: {0}",
	"jupyter.command.jupyter.analysis.clearCache.title": "Çlëær Møðµlë Æñælÿsïs Çæçhë",
	"jupyter.command.jupyter.analysis.restartLanguageServer.title": "Rëstært £æñgµægë §ërvër",
	"jupyter.commandPalette.jupyter.replayPylanceLog.title": "Rëplæÿ Pÿlæñçë £øg",
	"jupyter.notebookRenderer.IPyWidget.displayName": "Jµpÿtër ÏPÿWïðgët Rëñðërër",
	"jupyter.notebookRenderer.Error.displayName": "Jµpÿtër Ërrør Rëñðërër",
	"jupyter.debuggers.kernel": "Pÿthøñ Kërñël Ðëþµg Æðæptër",
	"jupyter.debuggers.interactive": "Pÿthøñ Ïñtëræçtïvë Wïñðøw",
	"jupyter.configuration.jupyter.experiments.enabled.description": "Ëñæþlës/ðïsæþlës Æ/ß tësts.",
	"jupyter.configuration.jupyter.showVariableViewWhenDebugging.description": "ßrïñg µp thë Værïæþlë Vïëw whëñ stærtïñg æ Rµñ þÿ £ïñë sëssïøñ.",
	"jupyter.configuration.jupyter.logging.level.description": "Thë løggïñg lëvël thë ëxtëñsïøñ løgs æt.",
	"jupyter.configuration.jupyter.experiments.optInto.markdownDescription": "£ïst øf ëxpërïmëñt tø øpt ïñtø. Ïf ëmptÿ, µsër ïs æssïgñëð thë ðëfæµlt ëxpërïmëñt grøµps. [£ëærñ mørë](https://gïthµþ.çøm/mïçrøsøft/vsçøðë-jµpÿtër/wïkï/Ëxpërïmëñts).",
	"jupyter.configuration.jupyter.experiments.optOutFrom.markdownDescription": "£ïst øf ëxpërïmëñt tø øpt øµt øf. Ïf ëmptÿ, µsër ïs æssïgñëð thë ðëfæµlt ëxpërïmëñt grøµps. [£ëærñ mørë](https://gïthµþ.çøm/mïçrøsøft/vsçøðë-jµpÿtër/wïkï/Ëxpërïmëñts).",
	"jupyter.configuration.jupyter.enableKeyboardShortcuts.deprecationMessage": "Thïs sëttïñg hæs þëëñ ðëprëçætëð æs Jµpÿtër këÿþøærð shørtçµts hævë þëëñ møvëð ïñtø thë ms-tøølsæï.jµpÿtër-këÿmæp ëxtëñsïøñ. Ïf ÿøµ wøµlð lïkë tø ðïsæþlë Jµpÿtër këÿþøærð shørtçµts, plëæsë µñïñstæll ør ðïsæþlë thæt ëxtëñsïøñ ïñstëæð.",
	"jupyter.configuration.jupyter.enableKeyboardShortcuts.description": "Ëñæþlës Jµpÿtër stÿlë këÿþøærð shørtçµts før Ñøtëþøøks.",
	"jupyter.configuration.jupyter.allowImportFromNotebook.deprecationMessage": "Thïs sëttïñg ïs ðëprëçætëð æñð wïll þë rëmøvëð ïñ thë ñëxt rëlëæsë.",
	"jupyter.configuration.jupyter.allowImportFromNotebook.description": "Ælløws æ µsër tø ïmpørt æ jµpÿtër ñøtëþøøk ïñtø æ pÿthøñ fïlë æñÿtïmë øñë ïs øpëñëð.",
	"jupyter.configuration.jupyter.widgetScriptSources.items.enumDescriptions.0": "£øæðs wïðgët (jævæsçrïpt) sçrïpts frøm https://www.jsðëlïvr.çøm/",
	"jupyter.configuration.jupyter.widgetScriptSources.items.enumDescriptions.1": "£øæðs wïðgët (jævæsçrïpt) sçrïpts frøm https://µñpkg.çøm/",
	"jupyter.configuration.jupyter.widgetScriptSources.markdownDescription": "Ðëfïñës thë løçætïøñ æñð ørðër øf thë søµrçës whërë sçrïpts fïlës før Wïðgëts ærë ðøwñløæðëð frøm (ë.g. ïpÿwïðgëst, þqpløt, þëækërx, ïpÿlëæflët, ëtç). Ñøt sëlëçtïñg æñÿ øf thësë çøµlð rësµlt ïñ wïðgëts ñøt rëñðërïñg ør fµñçtïøñ çørrëçtlÿ. §ëë [hërë](https://ækæ.ms/PV§ÇÏPÿWïðgëts) før mørë ïñførmætïøñ. Øñçë µpðætëð ÿøµ wïll ñëëð tø rëstært thë Kërñël.",
	"jupyter.configuration.jupyter.askForLargeDataFrames.description": "Wærñ thë µsër þëførë trÿïñg tø øpëñ rëællÿ lærgë ðætæ fræmës.",
	"jupyter.configuration.jupyter.askForKernelRestart.description": "Wærñ thë µsër þëførë rëstærtïñg æ kërñël.",
	"jupyter.configuration.jupyter.exportWithOutputEnabled.description": "Ëñæþlë ëxpørtïñg æ pÿthøñ fïlë ïñtø æ jµpÿtër ñøtëþøøk æñð rµñ æll çëlls whëñ ðøïñg sø.",
	"jupyter.configuration.jupyter.jupyterLaunchTimeout.description": "Æmøµñt øf tïmë (ïñ ms) tø wæït før thë Jµpÿtër Ñøtëþøøk sërvër tø stært.",
	"jupyter.configuration.jupyter.jupyterLaunchRetries.description": "Ñµmþër øf tïmës tø ættëmpt tø çøññëçt tø thë Jµpÿtër Ñøtëþøøk",
	"jupyter.configuration.jupyter.jupyterCommandLineArguments.description": "Whëñ æ Ñøtëþøøk Ëðïtør ør Ïñtëræçtïvë Wïñðøw Jµpÿtër sërvër ïs stærtëð, thësë ærgµmëñts wïll þë pæssëð tø ït. ßÿ ðëfæµlt thïs lïst ïs gëñërætëð þÿ thë Jµpÿtër Ëxtëñsïøñ.",
	"jupyter.configuration.jupyter.notebookFileRoot.description": "§ët thë røøt ðïrëçtørÿ før rµññïñg ñøtëþøøks æñð thë Ïñtëræçtïvë wïñðøw.",
	"jupyter.configuration.jupyter.searchForJupyter.deprecationMessage": "Thïs sëttïñg ïs ðëprëçætëð æñð wïll þë rëmøvëð ïñ thë ñëxt rëlëæsë.",
	"jupyter.configuration.jupyter.searchForJupyter.description": "§ëærçh æll ïñstællëð Pÿthøñ ïñtërprëtërs før æ Jµpÿtër ïñstællætïøñ whëñ stærtïñg thë Ïñtëræçtïvë wïñðøw",
	"jupyter.configuration.jupyter.useDefaultConfigForJupyter.description": "Whëñ rµññïñg Jµpÿtër løçællÿ, çrëætë æ ðëfæµlt ëmptÿ Jµpÿtër çøñfïg før thë Ïñtëræçtïvë wïñðøw",
	"jupyter.configuration.jupyter.jupyterInterruptTimeout.description": "Æmøµñt øf tïmë (ïñ ms) tø wæït før æñ ïñtërrµpt þëførë æskïñg tø rëstært thë Jµpÿtër kërñël.",
	"jupyter.configuration.jupyter.allowInput.deprecationMessage": "Thïs sëttïñg ïs ðëprëçætëð æñð wïll þë rëmøvëð ïñ thë ñëxt rëlëæsë.",
	"jupyter.configuration.jupyter.allowInput.description": "Ælløw thë ïñpµttïñg øf pÿthøñ çøðë ðïrëçtlÿ ïñtø thë Ïñtëræçtïvë wïñðøw",
	"jupyter.configuration.jupyter.showCellInputCode.deprecationMessage": "Thïs sëttïñg ïs ðëprëçætëð æñð wïll þë rëmøvëð ïñ thë ñëxt rëlëæsë.",
	"jupyter.configuration.jupyter.showCellInputCode.description": "§høw çëll ïñpµt çøðë.",
	"jupyter.configuration.jupyter.collapseCellInputCodeByDefault.description": "Çøllæpsë çëll ïñpµt çøðë þÿ ðëfæµlt.",
	"jupyter.configuration.jupyter.collapseCellInputCodeByDefault.markdownDeprecationMessage": "Thïs sëttïñg hæs þëëñ ðëprëçætëð, plëæsë µsë `#interactiveWindow.collapseCellInputCode#` ïñstëæð.",
	"jupyter.configuration.jupyter.maxOutputSize.deprecationMessage": "Thïs sëttïñg ïs ðëprëçætëð æñð wïll þë rëmøvëð ïñ thë ñëxt rëlëæsë.",
	"jupyter.configuration.jupyter.maxOutputSize.description": "Mæxïmµm sïzë (ïñ pïxëls) øf tëxt øµtpµt ïñ thë Ñøtëþøøk Ëðïtør þëførë æ sçrøllþær æppëærs. Fïrst ëñæþlë sçrøllïñg før çëll øµtpµts ïñ sëttïñgs.",
	"jupyter.configuration.jupyter.alwaysScrollOnNewCell.description": "Æµtømætïçællÿ sçrøll thë ïñtëræçtïvë wïñðøw tø shøw thë øµtpµt øf thë læst stætëmëñt ëxëçµtëð. Ïf fælsë, thë ïñtëræçtïvë wïñðøw wïll øñlÿ æµtømætïçællÿ sçrøll ïf thë þøttøm øf thë prïør çëll ïs vïsïþlë.",
	"jupyter.configuration.jupyter.alwaysScrollOnNewCell.deprecationMessage": "Thïs sëttïñg ïs øþsølëtë. Üsë thë 'interactiveWindow.alwaysScrollOnNewCell' sëttïñg ïñstëæð.",
	"jupyter.configuration.jupyter.enableScrollingForCellOutputs.deprecationMessage": "Thïs sëttïñg ïs ðëprëçætëð æñð wïll þë rëmøvëð ïñ thë ñëxt rëlëæsë.",
	"jupyter.configuration.jupyter.enableScrollingForCellOutputs.description": "Ëñæþlës sçrøllïñg før lærgë çëll øµtpµts ïñ thë Ñøtëþøøk Ëðïtør. Thïs sëttïñg ðøës ñøt æpplÿ tø thë Ïñtëræçtïvë Wïñðøw.",
	"jupyter.configuration.jupyter.sendSelectionToInteractiveWindow.description": "Whëñ prëssïñg shïft+ëñtër, sëñð sëlëçtëð çøðë ïñ æ Pÿthøñ fïlë tø thë Jµpÿtër ïñtëræçtïvë wïñðøw æs øppøsëð tø thë Pÿthøñ tërmïñæl.",
	"jupyter.configuration.jupyter.variableExplorerExclude.description": "Tÿpës tø ëxçlµðë frøm shøwïñg ïñ thë Ïñtëræçtïvë værïæþlë ëxplørër",
	"jupyter.configuration.jupyter.codeRegularExpression.description": "Rëgµlær ëxprëssïøñ µsëð tø ïðëñtïfÿ çøðë çëlls. Æll çøðë µñtïl thë ñëxt mætçh ïs çøñsïðërëð pært øf thïs çëll.",
	"jupyter.configuration.jupyter.defaultCellMarker.description": "Çëll mærkër µsëð før ðëlïñëætïñg æ çëll ïñ æ pÿthøñ fïlë.",
	"jupyter.configuration.jupyter.markdownRegularExpression.description": "Rëgµlær ëxprëssïøñ µsëð tø ïðëñtïfÿ mærkðøwñ çëlls. Æll çømmëñts æftër thïs ëxprëssïøñ ærë çøñsïðërëð pært øf thë mærkðøwñ.",
	"jupyter.configuration.jupyter.allowLiveShare.deprecationMessage": "Thïs sëttïñg ïs ðëprëçætëð æs £ïvë §hærë sµppørt før thë ïñtëræçtïvë wïñðøw ñø løñgër ëxïsts ïñ thë Jµpÿtër Ëxtëñsïøñ.",
	"jupyter.configuration.jupyter.allowLiveShare.description": "Ælløw thë Ïñtëræçtïvë wïñðøw tø þë shærëð ðµrïñg æ £ïvë §hærë sëssïøñ",
	"jupyter.configuration.jupyter.ignoreVscodeTheme.deprecationMessage": "Thïs sëttïñg ïs ðëprëçætëð æñð wïll þë rëmøvëð ïñ thë ñëxt rëlëæsë.",
	"jupyter.configuration.jupyter.ignoreVscodeTheme.description": "Ðøñ't µsë thë V§ Çøðë thëmë ïñ thë Ïñtëræçtïvë wïñðøw (rëqµïrës rëløæð øf V§ Çøðë). Thïs førçës thë Ïñtëræçtïvë wïñðøw tø µsë '£ïght +(ðëfæµlt lïght)' æñð ðïsæþlës mætpløtlïþ ðëfæµlts.",
	"jupyter.configuration.jupyter.themeMatplotlibPlots.description": "Ïñ thë Ïñtëræçtïvë wïñðøw æñð Ñøtëþøøk Ëðïtør thëmë mætpløtlïþ øµtpµts tø mætçh thë V§ Çøðë ëðïtør thëmë.",
	"jupyter.configuration.jupyter.liveShareConnectionTimeout.deprecationMessage": "Thïs sëttïñg ïs ðëprëçætëð æñð wïll þë rëmøvëð ïñ thë ñëxt rëlëæsë.",
	"jupyter.configuration.jupyter.liveShareConnectionTimeout.description": "Æmøµñt øf tïmë tø wæït før gµëst çøññëçtïøñs tø vërïfÿ thëÿ hævë thë Pÿthøñ Ëxtëñsïøñ ïñstællëð.",
	"jupyter.configuration.jupyter.decorateCells.description": "Ðræw æ hïghlïght þëhïñð thë çµrrëñtlÿ æçtïvë çëll.",
	"jupyter.configuration.jupyter.enableCellCodeLens.description": "Ëñæþlës çøðë lëñs før 'çëlls' ïñ æ pÿthøñ fïlë.",
	"jupyter.configuration.jupyter.enableAutoMoveToNextCell.description": "Ëñæþlës møvïñg tø thë ñëxt çëll whëñ çlïçkïñg øñ æ 'Rµñ Çëll' çøðë lëñs.",
	"jupyter.configuration.jupyter.allowUnauthorizedRemoteConnection.description": "Ælløw før çøññëçtïñg thë Ïñtëræçtïvë wïñðøw tø æ https Jµpÿtër sërvër thæt ðøës ñøt hævë vælïð çërtïfïçætës. Thïs çæñ þë æ sëçµrïtÿ rïsk, sø øñlÿ µsë før kñøwñ æñð trµstëð sërvërs.",
	"jupyter.configuration.jupyter.generateSVGPlots.description": "Gëñërætë §VG øµtpµt før ñøtëþøøk pløts. Thïs ælløws før þëttër ðïsplæÿ ïñ thë pløt vïëwër æt thë çøst øf gëñërætïøñ spëëð æñð fïlë sïzë.",
	"jupyter.configuration.jupyter.codeLenses.description": "§ët øf çømmæñðs tø pµt æs çøðë lëñs æþøvë æ çëll.",
	"jupyter.configuration.jupyter.debugCodeLenses.description": "§ët øf ðëþµg çømmæñðs tø pµt æs çøðë lëñs æþøvë æ çëll whïlë ðëþµggïñg.",
	"jupyter.configuration.jupyter.debugpyDistPath.description": "Pæth tø ðëþµgpÿ þïts før ðëþµggïñg çëlls.",
	"jupyter.configuration.jupyter.stopOnFirstLineWhileDebugging.description": "Whëñ ðëþµggïñg æ çëll, støp øñ thë fïrst lïñë.",
	"jupyter.configuration.jupyter.remoteDebuggerPort.description": "Whëñ ðëþµggïñg æ çëll, øpëñ thïs pørt øñ thë rëmøtë þøx. Ïf -1 ïs spëçïfïëð, æ ræñðøm pørt þëtwëëñ 8889 æñð 9000 wïll þë ættëmptëð.",
	"jupyter.configuration.jupyter.disableJupyterAutoStart.description": "Whëñ trµë, ðïsæþlës Jµpÿtër frøm þëïñg æµtømætïçællÿ stærtëð før ÿøµ. Ýøµ mµst ïñstëæð rµñ æ çëll tø stært Jµpÿtër.",
	"jupyter.configuration.jupyter.textOutputLimit.deprecationMessage": "Thïs sëttïñg ïs ðëprëçætëð ïñ fævør øf `notebook.output.textLineLimit`. Thïs sëttïñg wïll þë rëmøvëð ïñ æñ µpçømïñg rëlëæsë.",
	"jupyter.configuration.jupyter.textOutputLimit.description": "£ïmït thë æmøµñt øf tëxt ïñ Ïñtëræçtïvë çëll tëxt øµtpµt tø thïs vælµë. 0 tø ælløw æñÿ æmøµñt øf çhæræçtërs.",
	"jupyter.configuration.jupyter.colorizeInputBox.deprecationMessage": "Thïs sëttïñg ïs ðëprëçætëð æñð wïll þë rëmøvëð ïñ æñ µpçømïñg rëlëæsë.",
	"jupyter.configuration.jupyter.colorizeInputBox.description": "Whëthër ør ñøt tø µsë thë thëmë's pëëk çølør æs thë þæçkgrøµñð før thë ïñpµt þøx.",
	"jupyter.configuration.jupyter.stopOnError.description": "§tøp rµññïñg çëlls ïf æ çëll thrøws æñ ëxçëptïøñ.",
	"jupyter.configuration.jupyter.addGotoCodeLenses.description": "Æftër rµññïñg æ çëll, æðð æ 'Goto' çøðë lëñs øñ thë çëll. Ñøtë, ðïsæþlïñg æll çøðë lëñsës ðïsæþlës thïs çøðë lëñs æs wëll.",
	"jupyter.configuration.jupyter.variableQueries.markdownDescription": "£æñgµægë tø qµërÿ mæppïñg før rëtµrñïñg thë lïst øf æçtïvë værïæþlës ïñ æ Jµpÿtër kërñël. Üsëð þÿ thë Værïæþlë Ëxplørër ïñ þøth thë Ïñtëræçtïvë Wïñðøw æñð Ñøtëþøøks. Ëxæmplë:\r\n```\r\n[\r\n  {\r\n    \"language\": \"python\",\r\n    \"query\": \"%who_ls\",\r\n    \"parseExpr\": \"'(\\\\w+)'\"\r\n  }\r\n]\r\n```",
	"jupyter.configuration.jupyter.kernels.filter.items.markdownDescription": "Fµllÿ qµælïfïëð pæth tø thë kërñël spëç ør thë Pÿthøñ ëñvïrøñmëñt. \r\nË.g. `~/mïñïçøñðæ3/ëñvs/sæmplë/þïñ/pÿthøñ`.",
	"jupyter.configuration.jupyter.kernels.filter.markdownDescription": "£ïst øf Jµpÿtër Kërñëls æñð/ør Pÿthøñ ëñvïrøñmëñts thæt ærë tø þë ëxçlµðëð frøm thë Kërñël pïçkër.",
	"jupyter.configuration.jupyter.interactiveWindowMode.description": "ßëhævïør øf thë Ïñtëræçtïvë Wïñðøw. 'perFile' wïll çrëætë æ ñëw ïñtëræçtïvë wïñðøw før ëvërÿ fïlë thæt rµñs æ çëll. 'single' ælløws æ sïñglë wïñðøw. 'multiple' ælløws thë çrëætïøñ øf mµltïplë.",
	"jupyter.configuration.jupyter.interactiveWindowViewColumn.description": "Whërë tø øpëñ æñ Ïñtëræçtïvë Wïñðøw thæt ïs ñøt æssøçïætëð wïth æ pÿthøñ fïlë. 'beside' wïll øpëñ thë ïñtëræçtïvë wïñðøw tø thë rïght øf thë æçtïvë ëðïtør. 'active' wïll øpëñ thë ïñtëræçtïvë wïñðøw ïñ plæçë øf thë æçtïvë ëðïtør. 'secondGroup' wïll øpëñ thë ïñtëræçtïvë wïñðøw ïñ thë sëçøñð ëðïtør grøµp.",
	"jupyter.configuration.jupyter.magicCommandsAsComments.description": "Üñçømmëñt shëll æssïgñmëñts (#!), lïñë mægïç (#!%) æñð çëll mægïç (#!%%) whëñ pærsïñg çøðë çëlls.",
	"jupyter.configuration.jupyter.pythonExportMethod.description": "Thë mëthøð tø µsë whëñ ëxpørtïñg æ ñøtëþøøk tø æ Pÿthøñ fïlë. 'direct' wïll çøpÿ øvër thë çøðë ðïrëçtlÿ æs ïs. 'commentMagics' wïll çømmëñt øµt lïñës stærtïñg wïth lïñë mægïçs (%), çëll mægïçs (%%), æñð shëll çømmæñðs(!). 'nbconvert' wïll ïñstæll ñþçøñvërt æñð µsë thæt før thë çøñvërsïøñ whïçh çæñ træñslætë ïPÿthøñ sÿñtæx ïñtø Pÿthøñ sÿñtæx.",
	"jupyter.configuration.jupyter.runStartupCommands.description": "Æ sërïës øf Pÿthøñ ïñstrµçtïøñs ør ïPÿthøñ mægïç çømmæñðs. Çæñ þë ëïthër æñ ærræÿ øf strïñgs ør æ sïñglë strïñg wïth çømmæñðs sëpærætëð þÿ '\\ñ'. Çømmæñðs wïll þë sïlëñtlÿ ëxëçµtëð whëñëvër thë ïñtëræçtïvë wïñðøw løæðs. Før ïñstæñçë, sët thïs tø '%load_ext autoreload\\n%autoreload 2' tø æµtømætïçællÿ rëløæð çhæñgës mæðë tø ïmpørtëð fïlës wïthøµt hævïñg tø rëstært thë ïñtëræçtïvë sëssïøñ.",
	"jupyter.configuration.jupyter.debugJustMyCode.description": "Whëñ ðëþµggïñg, ðëþµg jµst mÿ çøðë.",
	"jupyter.configuration.jupyter.showOutlineButtonInNotebookToolbar.description": "§høw thë Øµtlïñë þµttøñ ïñ thë Jµpÿtër ñøtëþøøk tøølþær.",
	"jupyter.configuration.jupyter.newCellOnRunLast.description": "Æppëñð æ ñëw ëmptÿ çëll tø æñ ïñtëræçtïvë wïñðøw fïlë øñ rµññïñg thë çµrrëñtlÿ læst çëll.",
	"jupyter.configuration.jupyter.pylanceHandlesNotebooks.description": "Ðëtërmïñës ïf Pÿlæñçë mæñægës ñøtëþøøk çøñçæt ðøç çrëætïøñ.",
	"jupyter.configuration.jupyter.pythonCompletionTriggerCharacters.description": "Çhæræçtërs whïçh trïggër æµtø çømplëtïøñ øñ æ pÿthøñ jµpÿtër kërñël.",
	"jupyter.configuration.jupyter.logKernelOutputSeparately.description": "Çrëætës sëpærætë øµtpµt pæñëls før kërñëls/jµpÿtër sërvër çøñsølë øµtpµt",
	"jupyter.configuration.jupyter.excludeUserSitePackages.description": "Æðð PYTHONNOUSERSITE tø kërñëls þëførë stærtïñg. Thïs prëvëñts gløþæl/µsër sïtë-pæçkægës frøm þëïñg µsëð ïñ thë PYTHONPATH øf thë kërñël.",
	"jupyter.configuration.jupyter.enableExtendedKernelCompletions.markdownDescription": "Ëñæþlës Jëðï sµppørt før ëxtëñðëð Ïñtëllï§ëñsë çømplëtïøñs ïñ rµññïñg Jµpÿtër kërñëls (sëë thïs [sëttïñg](https://ïpÿthøñ.rëæðthëðøçs.ïø/ëñ/stæþlë/çøñfïg/øptïøñs/tërmïñæl.html?hïghlïght=µsë_jëðï#çøñfïgtræït-Çømplëtër.µsë_jëðï)). Thïs çæñ grëætlÿ ïmpæçt ñøtëþøøk çëll ëxëçµtïøñ përførmæñçë. Üsë wïth çæµtïøñ.",
	"jupyter.configuration.jupyter.showOnlyOneTypeOfKernel.markdownDescription": "§høw øñlÿ øñë tÿpë øf kërñël ïñ thë kërñël pïçkër. Thïs prëvëñts løçæl kërñëls æñð rëmøtë kërñëls frøm þëïñg shøwñ æt thë sæmë tïmë ïñ thë kërñël pïçkër.",
	"Pylance.proposePylanceMessage": "Trÿ øµt æ ñëw fæstër, fëætµrë-rïçh læñgµægë sërvër før Pÿthøñ þÿ Mïçrøsøft, Pÿlæñçë! Ïñstæll thë ëxtëñsïøñ ñøw.",
	"Pylance.tryItNow": "Trÿ ït ñøw",
	"Pylance.remindMeLater": "Rëmïñð më lætër",
	"Pylance.installPylanceMessage": "Pÿlæñçë ëxtëñsïøñ ïs ñøt ïñstællëð. Çlïçk Ýës tø øpëñ Pÿlæñçë ïñstællætïøñ pægë.",
	"Pylance.pylanceNotInstalledMessage": "Pÿlæñçë ëxtëñsïøñ ïs ñøt ïñstællëð.",
	"Pylance.pylanceInstalledReloadPromptMessage": "Pÿlæñçë ëxtëñsïøñ ïs ñøw ïñstællëð. Rëløæð wïñðøw tø æçtïvætë?",
	"DataScience.unknownMimeTypeFormat": "Mïmë tÿpë {0} ïs ñøt çµrrëñtlÿ sµppørtëð.",
	"DataScience.historyTitle": "Ïñtëræçtïvë",
	"DataScience.dataExplorerTitle": "Ðætæ Vïëwër",
	"DataScience.badWebPanelFormatString": "<html><body><h1>{0} ïs ñøt æ vælïð fïlë ñæmë</h1></body></html>",
	"DataScience.sessionDisposed": "Çæññøt ëxëçµtë çøðë, sëssïøñ hæs þëëñ ðïspøsëð.",
	"DataScience.rawKernelProcessNotStarted": "Ræw kernel prøçëss wæs ñøt æþlë tø stært.",
	"DataScience.rawKernelProcessExitBeforeConnect": "Ræw kernel prøçëss ëxïtëð þëførë çøññëçtïñg.",
	"DataScience.passwordFailure": "Fæïlëð tø çøññëçt tø pæsswørð prøtëçtëð sërvër. Çhëçk thæt pæsswørð ïs çørrëçt.",
	"DataScience.exportDialogTitle": "Ëxpørt tø Jµpÿtër Notebook",
	"DataScience.exportDialogFilter": "Jµpÿtër Notebooks",
	"DataScience.exportDialogComplete": "Notebook wrïttëñ tø {0}",
	"DataScience.exportDialogFailed": "Fæïlëð tø ëxpørt ñøtëþøøk. {0}",
	"DataScience.exportOpenQuestion1": "Øpëñ ïñ ëðïtør",
	"DataScience.notebookExport": "Ëxpørt",
	"DataScience.exportAsNotebook.shorttitle": "§ævë",
	"DataScience.exportAs": "Ëxpørt Æs",
	"DataScience.notebookExportAs": "Ëxpørt Æs",
	"DataScience.notebookExportAs.shorttitle": "Ëxpørt",
	"DataScience.exportAsQuickPickPlaceholder": "Ëxpørt Æs...",
	"DataScience.exportPythonQuickPickLabel": "Pÿthøñ §çrïpt",
	"DataScience.collapseInputTooltip": "Çøllæpsë ïñpµt þløçk",
	"DataScience.collapseVariableExplorerTooltip": "Hïðë værïæþlës æçtïvë ïñ Jµpÿtër kernel",
	"DataScience.collapseVariableExplorerLabel": "Værïæþlës",
	"DataScience.expandVariableExplorerTooltip": "§høw værïæþlës æçtïvë ïñ Jµpÿtër kernel",
	"DataScience.close": "Çløsë",
	"DataScience.interactiveCopyCell": "Çøpÿ Çëll",
	"DataScience.runInDedicatedExtensionHost": "Rµñ ïñ Ðëðïçætëð Ëxtëñsïøñ Høst",
	"DataScience.variableLoadingValue": "£øæðïñg...",
	"DataScience.importDialogTitle": "Ïmpørt Jµpÿtër Notebook",
	"DataScience.importDialogFilter": "Jµpÿtër Notebooks",
	"DataScience.notebookCheckForImportYes": "Ïmpørt",
	"DataScience.reloadRequired": "Plëæsë rëløæð thë wïñðøw før ñëw sëttïñgs tø tækë ëffëçt.",
	"DataScience.notebookCheckForImportNo": "£ætër",
	"DataScience.notebookCheckForImportDontAskAgain": "Ðøñ't Æsk Ægæïñ",
	"DataScience.notebookCheckForImportTitle": "Ðø ÿøµ wæñt tø ïmpørt thë Jµpÿtër Notebook ïñtø Pÿthøñ çøðë?",
	"DataScience.jupyterNotSupported": "Jµpÿtër çæññøt þë stærtëð. Ërrør ættëmptïñg tø løçætë Jµpÿtër: {0}",
	"DataScience.jupyterNotSupportedBecauseOfEnvironment": "Æçtïvætïñg {0} tø rµñ Jµpÿtër fæïlëð wïth {1}.",
	"DataScience.jupyterNbConvertNotSupported": "Ïmpørtïñg ñøtëþøøks rëqµïrës Jµpÿtër ñþçøñvërt tø þë ïñstællëð.",
	"DataScience.removeRemoteJupyterConnectionButtonText": "Førgët Çøññëçtïøñ",
	"DataScience.changeRemoteJupyterConnectionButtonText": "Mæñægë Çøññëçtïøñs",
	"DataScience.jupyterLaunchNoURL": "Fæïlëð tø fïñð thë ÜR£ øf thë læµñçhëð Jµpÿtër ñøtëþøøk sërvër",
	"DataScience.jupyterLaunchTimedOut": "Thë Jµpÿtër ñøtëþøøk sërvër fæïlëð tø læµñçh ïñ tïmë",
	"DataScience.jupyterSelfCertFail": "Thë sëçµrïtÿ çërtïfïçætë µsëð þÿ sërvër {0} wæs ñøt ïssµëð þÿ æ trµstëð çërtïfïçætë æµthørïtÿ.\r\nThïs mæÿ ïñðïçætë æñ ættëmpt tø stëæl ÿøµr ïñførmætïøñ.\r\nÐø ÿøµ wæñt tø ëñæþlë thë Ælløw Üñæµthørïzëð Rëmøtë Çøññëçtïøñ sëttïñg før thïs wørkspæçë tø ælløw ÿøµ tø çøññëçt?",
	"DataScience.jupyterExpiredCertFail": "Thë sëçµrïtÿ çërtïfïçætë µsëð þÿ sërvër {0} hæs ëxpïrëð.\r\nThïs mæÿ ïñðïçætë æñ ættëmpt tø stëæl ÿøµr ïñførmætïøñ.\r\nÐø ÿøµ wæñt tø ëñæþlë thë Ælløw Üñæµthørïzëð Rëmøtë Çøññëçtïøñ sëttïñg før thïs wørkspæçë tø ælløw ÿøµ tø çøññëçt?",
	"DataScience.jupyterSelfCertFailErrorMessageOnly": "Thë sëçµrïtÿ çërtïfïçætë µsëð þÿ sërvër wæs ñøt ïssµëð þÿ æ trµstëð çërtïfïçætë æµthørïtÿ.\r\nThïs mæÿ ïñðïçætë æñ ættëmpt tø stëæl ÿøµr ïñførmætïøñ.",
	"DataScience.jupyterSelfCertExpiredErrorMessageOnly": "Thë sëçµrïtÿ çërtïfïçætë µsëð þÿ sërvër hæs ëxpïrëð.\r\nThïs mæÿ ïñðïçætë æñ ættëmpt tø stëæl ÿøµr ïñførmætïøñ.",
	"DataScience.jupyterSelfCertEnable": "Ýës, çøññëçt æñÿwæÿs",
	"DataScience.jupyterSelfCertClose": "Ñø, çløsë thë çøññëçtïøñ",
	"DataScience.jupyterServerCrashed": "Jµpÿtër sërvër çræshëð. Üñæþlë tø çøññëçt. \r\nËrrør çøðë frøm Jµpÿtër: {0}",
	"DataScience.rawConnectionDisplayName": "Ðïrëçt kernel çøññëçtïøñ",
	"DataScience.rawConnectionBrokenError": "Ðïrëçt kernel çøññëçtïøñ þrøkëñ",
	"DataScience.pythonInteractiveHelpLink": "Gët mørë hëlp",
	"DataScience.markdownHelpInstallingMissingDependencies": "§ëë [https://ækæ.ms/pÿæïïñstæll](https://ækæ.ms/pÿæïïñstæll) før hëlp øñ ïñstællïñg Jµpÿtër æñð rëlætëð ðëpëñðëñçïës.",
	"DataScience.importingFormat": "Ïmpørtïñg {0}",
	"DataScience.startingJupyter": "§tærtïñg Jµpÿtër sërvër",
	"DataScience.connectingToJupyter": "Çøññëçtïñg tø Jµpÿtër sërvër",
	"DataScience.connectingToKernel": "Çøññëçtïñg tø kernel: {0}",
	"DataScience.connectedToKernel": "Çøññëçtëð.",
	"DataScience.connected": "Çøññëçtëð",
	"DataScience.disconnected": "Ðïsçøññëçtëð",
	"Experiments.inGroup": "Üsër þëløñgs tø ëxpërïmëñt grøµp '{0}'",
	"Logging.CurrentWorkingDirectory": "çwð:",
	"Logging.WarnUserAboutDebugLoggingSetting": "Ýøµ hævë ëñæþlëð ðëþµg løggïñg før thë Jµpÿtër Ëxtëñsïøñ, whïçh wïll çøñtïñµë tø wrïtë løgs tø ðïsk. Wøµlð ÿøµ lïkë tø tµrñ ðëþµg løggïñg øff?",
	"Logging.YesTurnOffDebugLogging": "Ýës, tµrñ øff ðëþµg løggïñg",
	"Logging.NoResponse": "Ñø",
	"Logging.NoAndDontAskAgain": "Ñø, æñð ðøñ't æsk ægæïñ",
	"GitHubIssue.Failure": "Wë ëñçøµñtërëð æñ ërrør whïlë sµþmïttïñg ÿøµr GïtHµþ Issue. Wøµlð ÿøµ stïll lïkë tø rëpørt æñ ïssµë?",
	"GitHubIssue.copyToClipboardAndOpenIssue": "Ýës, çøpÿ çøñtëñt tø çlïpþøærð æñð øpëñ ïssµë",
	"GitHubIssue.pleaseFillThisOut": "Plëæsë fïll thïs sëçtïøñ øµt æñð ðëlëtë thïs çømmëñt þëførë sµþmïttïñg æñ ïssµë!",
	"GitHubIssue.missingFields": "Plëæsë prøvïðë ðëtæïls øf thë ïssµë ÿøµ ëñçøµñtërëð þëførë çlïçkïñg §µþmït GïtHµþ Issue.",
	"GitHubIssue.askForIssueTitle": "Plëæsë prøvïðë æ ðësçrïptïvë tïtlë sµmmærïzïñg ÿøµr ïssµë.",
	"GitHubIssue.titlePlaceholder": "Ë.g.: Üñæþlë tø stært æ løçæl kernel sëssïøñ",
	"DataScience.allowExtensionToUseJupyterKernelApi": "Ðø ÿøµ wæñt tø gïvë thë ëxtëñsïøñ '{0}' æççëss tø thë Jµpÿtër Kernels? Çlïçkïñg '{1}' wøµlð ælløw thïs ëxtëñsïøñ tø ëxëçµtë çøðë ægæïñst thë Jµpÿtër Kernels.",
	"DataScience.thanksForUsingJupyterKernelApiPleaseRegisterWithUs": "Thæñks før trÿïñg thë Jµpÿtër ÆPÏ. Plëæsë fïlë æñ ïssµë øñ øµr rëpø tø µsë thïs ÆPÏ ïñ prøðµçtïøñ. Thïs wøµlð prëvëñt µs frøm þrëækïñg ÿøµr ëxtëñsïøñ whëñ µpðætïñg thë ÆPÏ (æs ït ïs stïll æ wørk ïñ prøgrëss).",
	"Common.bannerLabelYes": "Ýës",
	"Common.bannerLabelNo": "Ñø",
	"Common.doNotShowAgain": "Ðø ñøt shøw ægæïñ",
	"Common.reload": "Rëløæð",
	"Common.moreInfo": "Mørë Ïñfø",
	"Common.and": "æñð",
	"Common.download": "Ðøwñløæð",
	"Common.ok": "Øk",
	"Common.install": "Ïñstæll",
	"Common.learnMore": "£ëærñ mørë",
	"Common.reportThisIssue": "Rëpørt thïs ïssµë",
	"CommonSurvey.remindMeLaterLabel": "Rëmïñð më lætër",
	"CommonSurvey.yesLabel": "Ýës, tækë sµrvëÿ ñøw",
	"CommonSurvey.noLabel": "Ñø, thæñks",
	"Common.clickHereForMoreInfoWithHtml": "Çlïçk <æ hrëf='{0}'>hërë</æ> før mørë ïñfø.",
	"OutputChannelNames.languageServer": "Pÿthøñ £æñgµægë §ërvër",
	"OutputChannelNames.python": "Pÿthøñ",
	"OutputChannelNames.pythonTest": "Pÿthøñ Tëst £øg",
	"OutputChannelNames.jupyter": "Jµpÿtër",
	"ExtensionSurveyBanner.bannerMessage": "Çæñ ÿøµ plëæsë tækë 2 mïñµtës tø tëll µs høw thë Jµpÿtër Ëxtëñsïøñ ïs wørkïñg før ÿøµ?",
	"ExtensionSurveyBanner.bannerLabelYes": "Ýës, tækë sµrvëÿ ñøw",
	"ExtensionSurveyBanner.bannerLabelNo": "Ñø, thæñks",
	"ExtensionSurveyBanner.maybeLater": "Mæÿþë lætër",
	"DataScience.restartKernelMessage": "Ðø ÿøµ wæñt tø rëstært thë Jµpÿtër kernel? Æll værïæþlës wïll þë løst.",
	"DataScience.restartKernelMessageYes": "Ýës",
	"DataScience.restartingKernelFailed": "Kernel rëstært fæïlëð. Jµpÿtër sërvër ïs hµñg. Plëæsë rëløæð V§ Çøðë.",
	"DataScience.interruptingKernelFailed": "Kernel ïñtërrµpt fæïlëð. Jµpÿtër sërvër ïs hµñg. Plëæsë rëløæð V§ Çøðë.",
	"DataScienceSurveyBanner.bannerMessage": "Çæñ ÿøµ plëæsë tækë 2 mïñµtës tø tëll µs høw thë Ðætæ §çïëñçë fëætµrës ærë wørkïñg før ÿøµ?",
	"DataScienceSurveyBanner.bannerLabelYes": "Ýës, tækë sµrvëÿ ñøw",
	"DataScienceSurveyBanner.bannerLabelNo": "Ñø, thæñks",
	"InteractiveShiftEnterBanner.bannerMessage": "Wøµlð ÿøµ lïkë tø rµñ çøðë ïñ thë 'Ïñtëræçtïvë' wïñðøw (æñ ÏPÿthøñ çøñsølë) før 'shïft-ëñtër'? §ëlëçt 'Ñø' tø çøñtïñµë tø rµñ çøðë ïñ thë Pÿthøñ Tërmïñæl. Thïs çæñ þë çhæñgëð lætër ïñ sëttïñgs.",
	"DataScience.automaticallyReconnectingToAKernelProgressMessage": "Rëçøññëçtïñg tø thë kërñël {0}",
	"DataScience.restartingKernelStatus": "Rëstærtïñg Kernel {0}",
	"DataScience.executingCode": "Ëxëçµtïñg Çëll",
	"DataScience.collapseAll": "Çøllæpsë æll çëll ïñpµts",
	"DataScience.expandAll": "Ëxpæñð æll çëll ïñpµts",
	"DataScience.export": "Ëxpørt æs Jµpÿtër ñøtëþøøk",
	"DataScience.restartServer": "Rëstært Jµpÿtër kernel",
	"DataScience.undo": "Üñðø",
	"DataScience.redo": "Rëðø",
	"DataScience.clearAll": "Rëmøvë æll çëlls",
	"DataScience.restartedKernelHeader": "Rëstærtëð '{0}' kernel",
	"DataScience.restartingKernelCustomHeader": "_Rëstærtïñg {0}..._",
	"DataScience.restartingKernelHeader": "_Rëstærtïñg kernel..._",
	"DataScience.startedNewKernelHeader": "§tærtëð '{0}' kernel",
	"DataScience.connectKernelHeader": "Çøññëçtëð tø '{0}' kernel",
	"DataScience.executingCodeFailure": "Ëxëçµtïñg çøðë fæïlëð : {0}",
	"DataScience.inputWatermark": "Tÿpë çøðë hërë æñð prëss shïft-ëñtër tø rµñ",
	"DataScience.deleteButtonTooltip": "Rëmøvë çëll",
	"DataScience.gotoCodeButtonTooltip": "Gø tø çøðë",
	"DataScience.copyBackToSourceButtonTooltip": "Pæstë çøðë ïñtø fïlë",
	"DataScience.copyToClipboardButtonTooltip": "Çøpÿ søµrçë tø çlïpþøærð",
	"DataScience.plotOpen": "Ëxpæñð ïmægë",
	"DataScience.libraryNotInstalled": "Ðætæ §çïëñçë lïþrærÿ {0} ïs ñøt ïñstællëð. Ïñstæll?",
	"DataScience.libraryNotInstalledCorrectlyOrOutdated": "Ðætæ §çïëñçë lïþrærÿ {0} ïs ñøt ïñstællëð çørrëçtlÿ ør ïs øµtðætëð. Rë-Ïñstæll?",
	"DataScience.libraryRequiredToLaunchJupyterNotInstalled": "Rµññïñg çëlls rëqµïrës {0} pæçkægë.",
	"DataScience.librariesRequiredToLaunchJupyterNotInstalled": "Rµññïñg çëlls rëqµïrës {0} pæçkægë.",
	"DataScience.libraryRequiredToLaunchJupyterNotInstalledInterpreter": "Rµññïñg çëlls wïth '{0}' rëqµïrës {1} pæçkægë.",
	"DataScience.librariesRequiredToLaunchJupyterNotInstalledInterpreter": "Rµññïñg çëlls wïth '{0}' rëqµïrës {1} pæçkægë.",
	"DataScience.jupyterInstall": "Ïñstæll",
	"DataScience.jupyterSelectURIPrompt": "Ëñtër thë ÜRÏ øf thë rµññïñg Jµpÿtër sërvër",
	"DataScience.jupyterSelectURIInvalidURI": "Ïñvælïð ÜRÏ spëçïfïëð",
	"DataScience.jupyterSelectUserAndPasswordTitle": "Ëñtër ÿøµr µsër ñæmë æñð pæsswørð tø çøññëçt tø Jµpÿtër Hµþ",
	"DataScience.jupyterSelectUserPrompt": "Ëñtër ÿøµr µsër ñæmë",
	"DataScience.jupyterSelectPasswordPrompt": "Ëñtër ÿøµr pæsswørð",
	"DataScience.removeRemoteJupyterServerEntryInQuickPick": "Rëmøvë",
	"DataScience.jupyterNotebookFailure": "Jµpÿtër ñøtëþøøk fæïlëð tø læµñçh. \r\n{0}",
	"DataScience.remoteJupyterServerProvidedBy3rdPartyExtensionNoLongerValid": "Thë rëmøtë Jµpÿtër §ërvër çøñtrïþµtëð þÿ thë ëxtëñsïøñ '{0}' ïs ñø løñgër ævæïlæþlë.",
	"DataScience.remoteJupyterConnectionFailedWithServer": "Fæïlëð tø çøññëçt tø thë rëmøtë Jµpÿtër §ërvër '{0}'. Vërïfÿ thë sërvër ïs rµññïñg æñð rëæçhæþlë.",
	"DataScience.remoteJupyterConnectionFailedWithServerWithError": "Fæïlëð tø çøññëçt tø thë rëmøtë Jµpÿtër §ërvër '{0}'. Vërïfÿ thë sërvër ïs rµññïñg æñð rëæçhæþlë. ({1}).",
	"DataScience.remoteJupyterConnectionFailedWithoutServerWithError": "Çøññëçtïøñ fæïlµrë. Vërïfÿ thë sërvër ïs rµññïñg æñð rëæçhæþlë. ({0}).",
	"DataScience.remoteJupyterConnectionFailedWithoutServerWithErrorWeb": "Çøññëçtïøñ fæïlµrë. Vërïfÿ thë sërvër ïs rµññïñg æñð rëæçhæþlë frøm æ þrøwsër. ({0}). §ëë 'https://ækæ.ms/vsçjrëmøtëwëþ' før mørë ïñførmætïøñ.",
	"DataScience.remoteJupyterConnectionFailedWebExtension": "When connecting from vscode.dev Jupyter servers must be started with specific options to connect. See [here](https://aka.ms/vscjremoteweb) for more information.",
	"DataScience.jupyterNotebookRemoteConnectFailedWeb": "Fæïlëð tø çøññëçt tø rëmøtë Jµpÿtër sërvër.\r\nÇhëçk thæt thë Jµpÿtër §ërvër ÜRÏ çæñ þë rëæçhëð frøm æ þrøwsër.\r\n{0}. Çlïçk [hërë](https://ækæ.ms/vsçjrëmøtëwëþ) før mørë ïñførmætïøñ.",
	"DataScience.jupyterNotebookRemoteConnectSelfCertsFailed": "Fæïlëð tø çøññëçt tø rëmøtë Jµpÿtër ñøtëþøøk.\r\n§pëçïfïëð sërvër ïs µsïñg sëlf sïgñëð çërts. Ëñæþlë Ælløw Üñæµthørïzëð Rëmøtë Çøññëçtïøñ sëttïñg tø çøññëçt æñÿwæÿs\r\n{0}\r\n{1}",
	"DataScience.changeJupyterRemoteConnection": "Çhæñgë Jµpÿtër §ërvër çøññëçtïøñ.",
	"DataScience.notebookVersionFormat": "Jµpÿtër Notebook Vërsïøñ: {0}",
	"DataScience.jupyterKernelSpecNotFound": "Çæññøt çrëætë æ Jµpÿtër kernel spëç æñð ñøñë ærë ævæïlæþlë før µsë",
	"DataScience.jupyterKernelSpecModuleNotFound": "'Kernelspec' møðµlë ñøt ïñstællëð ïñ thë sëlëçtëð ïñtërprëtër ({0}).\r\n Plëæsë rë-ïñstæll ør µpðætë 'jµpÿtër'.",
	"DataScience.jupyterGetVariablesBadResults": "Fæïlëð tø fëtçh værïæþlë ïñfø frøm thë Jµpÿtër sërvër.",
	"DataScience.liveShareConnectFailure": "Çæññøt çøññëçt tø høst Jµpÿtër sëssïøñ. ÜRÏ ñøt føµñð.",
	"DataScience.liveShareCannotSpawnNotebooks": "§pæwñïñg Jµpÿtër ñøtëþøøks ïs ñøt sµppørtëð øvër æ lïvë shærë çøññëçtïøñ",
	"DataScience.liveShareCannotImportNotebooks": "Ïmpørtïñg ñøtëþøøks ïs ñøt çµrrëñtlÿ sµppørtëð øvër æ lïvë shærë çøññëçtïøñ",
	"DataScience.liveShareHostFormat": "{0} Jµpÿtër §ërvër",
	"DataScience.liveShareSyncFailure": "§ÿñçhrøñïzætïøñ fæïlµrë ðµrïñg lïvë shærë stærtµp.",
	"DataScience.liveShareServiceFailure": "Fæïlµrë stærtïñg '{0}' sërvïçë ðµrïñg lïvë shærë çøññëçtïøñ.",
	"DataScience.documentMismatch": "Çæññøt rµñ çëlls, ðµplïçætë ðøçµmëñts før {0} føµñð.",
	"DataScience.pythonInteractiveCreateFailed": "Fæïlµrë tø çrëætë æ 'Ïñtëræçtïvë' wïñðøw. Trÿ rëïñstællïñg thë Jµpÿtër Ëxtëñsïøñ.",
	"DataScience.interruptKernel": "Ïñtërrµpt Jµpÿtër kernel",
	"DataScience.clearAllOutput": "Çlëær Æll Øµtpµt",
	"DataScience.exportingFormat": "Ëxpørtïñg {0}",
	"DataScience.exportCancel": "Çæñçël",
	"Common.canceled": "Çæñçëlëð",
	"Common.cancel": "Çæñçël",
	"Common.yesPlease": "Ýës, plëæsë",
	"DataScience.interruptKernelStatus": "Ïñtërrµptïñg Jµpÿtër Kernel",
	"DataScience.restartKernelAfterInterruptMessage": "Ïñtërrµptïñg thë kernel tïmëð øµt. Ðø ÿøµ wæñt tø rëstært thë kernel ïñstëæð? Æll værïæþlës wïll þë løst.",
	"DataScience.pythonInterruptFailedHeader": "Këÿþøærð ïñtërrµpt çræshëð thë kërñël. Kernel rëstærtëð.",
	"DataScience.sysInfoURILabel": "Jµpÿtër §ërvër ÜRÏ: ",
	"DataScience.jupyterStartTimedout": "§tærtïñg Jµpÿtër hæs tïmëð øµt. Plëæsë çhëçk thë 'Jµpÿtër' øµtpµt pæñël før fµrthër ðëtæïls.",
	"DataScience.startingJupyterLogMessage": "§tærtïñg Jµpÿtër frøm {0} wïth çømmæñð lïñë {1}",
	"DataScience.jupyterCommandLineDefaultLabel": "Ðëfæµlt (rëçømmëñðëð)",
	"DataScience.jupyterCommandLineDefaultDetail": "Thë Jµpÿtër Ëxtëñsïøñ wïll ðëtërmïñë thë æpprøprïætë çømmæñð lïñë før Jµpÿtër",
	"DataScience.jupyterCommandLineCustomLabel": "Çµstøm",
	"DataScience.jupyterCommandLineCustomDetail": "Çµstømïzë thë çømmæñð lïñë pæssëð tø Jµpÿtër øñ stærtµp",
	"DataScience.jupyterCommandLineReloadQuestion": "Plëæsë rëløæð thë wïñðøw whëñ çhæñgïñg thë Jµpÿtër çømmæñð lïñë.",
	"DataScience.jupyterCommandLineReloadAnswer": "Rëløæð",
	"DataScience.jupyterCommandLineQuickPickPlaceholder": "Çhøøsë æñ øptïøñ",
	"DataScience.jupyterCommandLineQuickPickTitle": "Pïçk çømmæñð lïñë før Jµpÿtër",
	"DataScience.jupyterCommandLinePrompt": "Ëñtër ÿøµr çµstøm çømmæñð lïñë før Jµpÿtër",
	"Common.loadingExtension": "Jµpÿtër Ëxtëñsïøñ løæðïñg...",
	"Common.openOutputPanel": "§høw øµtpµt",
	"DataScience.variableExplorerNameColumn": "Ñæmë",
	"DataScience.variableExplorerTypeColumn": "Tÿpë",
	"DataScience.variableExplorerCountColumn": "§ïzë",
	"DataScience.variableExplorerValueColumn": "Vælµë",
	"DataScience.showDataExplorerTooltip": "§høw værïæþlë sñæpshøt ïñ ðætæ vïëwër",
	"DataScience.dataExplorerInvalidVariableFormat": "'{0}' ïs ñøt æñ æçtïvë værïæþlë.",
	"DataScience.jupyterGetVariablesExecutionError": "Fæïlµrë ðµrïñg værïæþlë ëxtræçtïøñ:\r\n{0}",
	"DataScience.loadingMessage": "løæðïñg ...",
	"DataScience.fetchingDataViewer": "Fëtçhïñg ðætæ ...",
	"DataScience.noRowsInDataViewer": "Ñø røws mætçh çµrrëñt fïltër",
	"DataScience.jupyterServer": "Jµpÿtër §ërvër",
	"DataScience.noKernel": "Ñø Kernel",
	"DataScience.serverNotStarted": "Ñøt §tærtëð",
	"DataScience.localJupyterServer": "løçæl",
	"DataScience.pandasTooOldForViewingFormat": "Pÿthøñ pæçkægë 'pæñðæs' ïs vërsïøñ {0}. Vërsïøñ {1} ør grëætër ïs rëqµïrëð før vïëwïñg ðætæ.",
	"DataScience.pandasRequiredForViewing": "Pÿthøñ pæçkægë 'pæñðæs' vërsïøñ {0} (ør æþøvë) ïs rëqµïrëð før vïëwïñg ðætæ.",
	"DataScience.failedToGetVersionOfPandas": "Fæïlëð tø gët vërsïøñ øf Pæñðæs tø µsë thë Ðætæ Vïëwër.",
	"DataScience.valuesColumn": "vælµës",
	"DataScience.liveShareInvalid": "Øñë ør mørë gµësts ïñ thë sëssïøñ ðø ñøt hævë thë Jµpÿtër [ëxtëñsïøñ](https://mærkëtplæçë.vïsµælstµðïø.çøm/ïtëmðëtæïls?ïtëmÑæmë=ms-tøølsæï.jµpÿtër) ïñstællëð.\r\nÝøµr £ïvë §hærë sëssïøñ çæññøt çøñtïñµë æñð wïll þë çløsëð.",
	"Common.noIWillDoItLater": "Ñø, Ï wïll ðø ït lætër",
	"Common.notNow": "Ñøt ñøw",
	"Common.gotIt": "Gøt ït!",
	"DataScience.noRowsInVariableExplorer": "Ñø værïæþlës ðëfïñëð",
	"DataScience.loadingRowsInVariableExplorer": "£øæðïñg værïæþlës",
	"DataScience.tooManyColumnsMessage": "Værïæþlës wïth øvër æ 1000 çølµmñs mæÿ tækë æ løñg tïmë tø ðïsplæÿ. Ærë ÿøµ sµrë ÿøµ wïsh tø çøñtïñµë?",
	"DataScience.tooManyColumnsYes": "Ýës",
	"DataScience.tooManyColumnsNo": "Ñø",
	"DataScience.tooManyColumnsDontAskAgain": "Ðøñ't Æsk Ægæïñ",
	"DataScience.filterRowsTooltip": "Ælløws fïltërïñg mµltïplë røws. Üsë =, >, ør < sïgñs tø fïltër ñµmërïç vælµës.",
	"DataScience.previewHeader": "--- ßëgïñ prëvïëw øf {0} ---",
	"DataScience.previewFooter": "--- Ëñð prëvïëw øf {0} ---",
	"DataScience.previewStatusMessage": "Gëñërætïñg prëvïëw øf {0}",
	"DataScience.plotViewerTitle": "Pløts",
	"DataScience.exportPlotTitle": "§ævë pløt ïmægë",
	"DataScience.pdfFilter": "PÐF",
	"DataScience.pngFilter": "PÑG",
	"DataScience.svgFilter": "§VG",
	"DataScience.previousPlot": "Prëvïøµs",
	"DataScience.nextPlot": "Ñëxt",
	"DataScience.panPlot": "Pæñ",
	"DataScience.zoomInPlot": "Zøøm ïñ",
	"DataScience.zoomOutPlot": "Zøøm øµt",
	"DataScience.exportPlot": "Ëxpørt tø ðïffërëñt førmæts",
	"DataScience.deletePlot": "Rëmøvë",
	"DataScience.collapseSingle": "Çøllæpsë",
	"DataScience.expandSingle": "Ëxpæñð",
	"DataScience.editSection": "Ïñpµt ñëw çëlls hërë.",
	"DataScience.restartKernelMessageDontAskAgain": "Ýës, æñð Ðøñ't Æsk Ægæïñ",
	"DataScience.selectedImageListLabel": "§ëlëçtëð Ïmægë",
	"DataScience.imageListLabel": "Ïmægë",
	"DataScience.exportImageFailed": "Ërrør ëxpørtïñg ïmægë: {0}",
	"downloading.file": "Ðøwñløæðïñg {0}...",
	"downloading.file.progress": "{0}{1} øf {2} Kß ({3}%)",
	"DataScience.jupyterDataRateExceeded": "Çæññøt vïëw værïæþlë þëçæµsë ðætæ rætë ëxçëëðëð. Plëæsë rëstært ÿøµr sërvër wïth æ hïghër ðætæ rætë lïmït. Før ëxæmplë, --NotebookApp.iopub_data_rate_limit=10000000000.0",
	"DataScience.addCellBelowCommandTitle": "Æðð çëll",
	"DataScience.debugCellCommandTitle": "Ðëþµg Çëll",
	"DataScience.debugStepOverCommandTitle": "§tëp øvër",
	"DataScience.debugContinueCommandTitle": "Çøñtïñµë",
	"DataScience.debugStopCommandTitle": "§tøp",
	"DataScience.runCurrentCellAndAddBelow": "Rµñ çµrrëñt çëll æñð æðð ëmptÿ çëll þëløw",
	"DataScience.jupyterDebuggerNotInstalledError": "Pïp møðµlë {0} ïs rëqµïrëð før ðëþµggïñg çëlls. Ýøµ wïll ñëëð tø ïñstæll ït tø ðëþµg çëlls.",
	"DataScience.jupyterDebuggerOutputParseError": "Üñæþlë tø pærsë {0} øµtpµt, plëæsë løg æñ ïssµë wïth https://gïthµþ.çøm/mïçrøsøft/vsçøðë-jµpÿtër",
	"DataScience.jupyterDebuggerPortNotAvailableError": "Pørt {0} çæññøt þë øpëñëð før ðëþµggïñg. Plëæsë spëçïfÿ æ ðïffërëñt pørt ïñ thë remoteDebuggerPort sëttïñg.",
	"DataScience.jupyterDebuggerPortBlockedError": "Pørt {0} çæññøt þë çøññëçtëð tø før ðëþµggïñg. Plëæsë lët pørt {0} thrøµgh ÿøµr fïrëwæll.",
	"DataScience.jupyterDebuggerPortNotAvailableSearchError": "Pørts ïñ thë ræñgë {0}-{1} çæññøt þë føµñð før ðëþµggïñg. Plëæsë spëçïfÿ æ pørt ïñ thë remoteDebuggerPort sëttïñg.",
	"DataScience.jupyterDebuggerPortBlockedSearchError": "Æ pørt çæññøt þë çøññëçtëð tø før ðëþµggïñg. Plëæsë lët pørts {0}-{1} thrøµgh ÿøµr fïrëwæll.",
	"DataScience.jupyterDebuggerInstallNew": "Pïp møðµlë {0} ïs rëqµïrëð før ðëþµggïñg çëlls. Ïñstæll {0} æñð çøñtïñµë tø ðëþµg çëll?",
	"DataScience.jupyterDebuggerInstallNewRunByLine": "Pïp møðµlë {0} ïs rëqµïrëð før rµññïñg þÿ lïñë. Ïñstæll {0} æñð çøñtïñµë tø rµñ þÿ lïñë?",
	"DataScience.jupyterDebuggerInstallUpdate": "Thë vërsïøñ øf {0} ïñstællëð ðøës ñøt sµppørt ðëþµggïñg çëlls. Üpðætë {0} tø ñëwëst vërsïøñ æñð çøñtïñµë tø ðëþµg çëll?",
	"DataScience.jupyterDebuggerInstallUpdateRunByLine": "Thë vërsïøñ øf {0} ïñstællëð ðøës ñøt sµppørt rµññïñg þÿ lïñë. Üpðætë {0} tø ñëwëst vërsïøñ æñð çøñtïñµë tø rµñ þÿ lïñë?",
	"DataScience.jupyterDebuggerInstallYes": "Ýës",
	"DataScience.jupyterDebuggerInstallNo": "Ñø",
	"DataScience.cellStopOnErrorMessage": "Çëll wæs çæñçëlëð ðµë tø æñ ërrør ïñ æ prëvïøµs çëll.",
	"DataScience.instructionComments": "# Tø æðð æ ñëw çëll, tÿpë '{0}'\r\n# Tø æðð æ ñëw mærkðøwñ çëll, tÿpë '{0} [mærkðøwñ]'\r\n",
	"DataScience.scrollToCellTitleFormatMessage": "Gø tø [{0}]",
	"DataScience.save": "§ævë ñøtëþøøk",
	"DataScience.nativeEditorTitle": "Notebook Ëðïtør",
	"DataScience.untitledNotebookFileName": "Üñtïtlëð",
	"DataScience.dirtyNotebookMessage1": "Ðø ÿøµ wæñt tø sævë thë çhæñgës ÿøµ mæðë tø {0}?",
	"DataScience.dirtyNotebookMessage2": "Ýøµr çhæñgës wïll þë løst ïf ÿøµ ðøñ't sævë thëm.",
	"DataScience.dirtyNotebookYes": "§ævë",
	"DataScience.dirtyNotebookNo": "Ðøñ't §ævë",
	"DataScience.dirtyNotebookCancel": "Çæñçël",
	"DataScience.dirtyNotebookDialogTitle": "§ævë",
	"DataScience.dirtyNotebookDialogFilter": "Jµpÿtër Notebooks",
	"DataScience.exportAsPythonFileTooltip": "Çøñvërt æñð sævë tø æ Pÿthøñ sçrïpt",
	"DataScience.exportAsPythonFileTitle": "§ævë æs Pÿthøñ Fïlë",
	"DataScience.exportButtonTitle": "Ëxpørt",
	"DataScience.runCell": "Rµñ çëll",
	"DataScience.deleteCell": "Ðëlëtë çëll",
	"DataScience.moveCellUp": "Møvë çëll µp",
	"DataScience.moveCellDown": "Møvë çëll ðøwñ",
	"DataScience.moveSelectedCellUp": "Møvë sëlëçtëð çëll µp",
	"DataScience.insertBelow": "Ïñsërt çëll þëløw",
	"DataScience.insertAbove": "Ïñsërt çëll æþøvë",
	"DataScience.addCell": "Æðð çëll",
	"DataScience.runAll": "Rµñ æll çëlls",
	"DataScience.toggleCellOutput": "Tøgglë Çëll Øµtpµt",
	"DataScience.convertingToPythonFile": "Çøñvërtïñg ïpÿñþ tø pÿthøñ fïlë",
	"DataScience.untitledNotebookMessage": "Ýøµr çhæñgës wïll þë løst ïf ÿøµ ðøñ't sævë thëm.",
	"DataScience.untitledNotebookYes": "§ævë",
	"DataScience.untitledNotebookNo": "Çæñçël",
	"DataScience.noInterpreter": "Ñø pÿthøñ sëlëçtëð",
	"DataScience.notebookNotFound": "python -m jupyter notebook --version ïs ñøt rµññïñg",
	"DataScience.savePngTitle": "§ævë Ïmægë",
	"DataScience.jupyterSelectURIQuickPickTitle": "Ëñtër thë ÜRÏ øf thë rµññïñg Jµpÿtër sërvër",
	"DataScience.jupyterSelectURIQuickPickTitleOld": "Pïçk høw tø çøññëçt tø Jµpÿtër",
	"DataScience.jupyterSelectURIQuickPickPlaceholder": "Çhøøsë æñ øptïøñ",
	"DataScience.jupyterSelectURIQuickPickCurrent": "Çµrrëñt: {0}",
	"DataScience.jupyterSelectURINoneLabel": "Ñøñë",
	"DataScience.jupyterSelectURINoneDetail": "Ðø ñøt çøññëçt tø æñÿ rëmøtë Jµpÿtër sërvër",
	"DataScience.jupyterSelectURINewLabel": "Ëxïstïñg",
	"DataScience.jupyterSelectURINewDetail": "§pëçïfÿ thë ÜRÏ øf æñ ëxïstïñg sërvër",
	"DataScience.jupyterSelectURIMRUDetail": "£æst Çøññëçtïøñ: {0}",
	"DataScience.jupyterSelectURIRunningDetailFormat": "£æst çøññëçtïøñ {0}. {1} ëxïstïñg çøññëçtïøñs.",
	"DataScience.jupyterSelectURINotRunningDetail": "Çæññøt çøññëçt æt thïs tïmë. §tætµs µñkñøwñ.",
	"DataScience.fallbackToUseActiveInterpreterAsKernel": "Çøµlðñ't fïñð kernel '{0}' thæt thë ñøtëþøøk wæs çrëætëð wïth. Üsïñg thë çµrrëñt ïñtërprëtër.",
	"DataScience.fallBackToRegisterAndUseActiveInterpreterAsKernel": "Çøµlðñ't fïñð kernel '{0}' thæt thë ñøtëþøøk wæs çrëætëð wïth. Rëgïstërïñg æ ñëw kernel µsïñg thë çµrrëñt ïñtërprëtër.",
	"DataScience.fallBackToPromptToUseActiveInterpreterOrSelectAKernel": "Çøµlðñ't fïñð kernel '{0}' thæt thë ñøtëþøøk wæs çrëætëð wïth.",
	"DataScience.selectKernel": "Çhæñgë Kernel",
	"DataScience.selectDifferentKernel": "§ëlëçt æ ðïffërëñt Kernel",
	"DataScience.selectDifferentJupyterInterpreter": "Çhæñgë Ïñtërprëtër",
	"DataScience.selectJupyterInterpreter": "§ëlëçt æñ Ïñtërprëtër tø stært Jµpÿtër",
	"DataScience.switchingKernelProgress": "§wïtçhïñg kernel tø '{0}'",
	"DataScience.sessionStartFailedWithKernel": "Fæïlëð tø stært thë Kernel '{0}'. \r\nVïëw Jµpÿtër [løg](command:jupyter.viewOutput) før fµrthër ðëtæïls.",
	"DataScience.failedToStartKernel": "Fæïlëð tø stært thë Kernel.",
	"DataScience.failedToRestartKernel": "Fæïlëð tø rëstært thë Kernel.",
	"DataScience.failedToInterruptKernel": "Fæïlëð tø ïñtërrµpt thë Kernel.",
	"DataScience.kernelDied": "Thë kërñël ðïëð. Vïëw Jµpÿtër [løg](command:jupyter.viewOutput) før fµrthër ðëtæïls. \r\nËrrør: {0}...",
	"DataScience.kernelDiedWithoutError": "Thë kërñël '{0}' ðïëð. Çlïçk [hërë](https://ækæ.ms/vscodeJupyterKernelCrash) før mørë ïñfø. Vïëw Jµpÿtër [løg](command:jupyter.viewOutput) før fµrthër ðëtæïls.",
	"DataScience.kernelDiedWithoutErrorAndAutoRestarting": "Thë kërñël '{0}' ðïëð æñð ïs þëïñg æµtømætïçællÿ rëstærtëð þÿ Jµpÿtër. Çlïçk [hërë](https://ækæ.ms/vscodeJupyterKernelCrash) før mørë ïñfø. Vïëw Jµpÿtër [løg](command:jupyter.viewOutput) før fµrthër ðëtæïls.",
	"DataScience.kernelDisconnected": "Üñæþlë tø çøññëçt tø thë kërñël '{0}', plëæsë vërïfÿ thë Jµpÿtër §ërvër çøññëçtïøñ. Vïëw Jµpÿtër [løg](çømmæñð:jµpÿtër.vïëwØµtpµt) før fµrthër ðëtæïls.",
	"DataScience.kernelCrashedDueToCodeInCurrentOrPreviousCell": "Thë Kernel çræshëð whïlë ëxëçµtïñg çøðë ïñ thë thë çµrrëñt çëll ør æ prëvïøµs çëll. Plëæsë rëvïëw thë çøðë ïñ thë çëll(s) tø ïðëñtïfÿ æ pøssïþlë çæµsë øf thë fæïlµrë. Çlïçk <æ hrëf='https://ækæ.ms/vscodeJupyterKernelCrash'>hërë</æ> før mørë ïñfø. Vïëw Jµpÿtër [løg](command:jupyter.viewOutput) før fµrthër ðëtæïls.",
	"DataScience.fileSeemsToBeInterferingWithKernelStartup": "Thë fïlë '{0}' sëëms tø þë øvërrïðïñg þµïlt ïñ møðµlës æñð ïñtërfërïñg wïth thë stærtµp øf thë kernel. Çøñsïðër rëñæmïñg thë fïlë æñð stærtïñg thë kernel ægæïñ.",
	"DataScience.DataScience.moduleSeemsToBeInterferingWithKernelStartup": "Thë møðµlë '{0}' sëëms tø þë øvërrïðïñg þµïlt ïñ møðµlës æñð ïñtërfërïñg wïth thë stærtµp øf thë kernel. Çøñsïðër rëñæmïñg thë følðër æñð stærtïñg thë kernel ægæïñ.",
	"DataScience.failedToStartKernelDueToMissingModule": "Thë kernel fæïlëð tø stært ðµë tø thë mïssïñg møðµlë '{0}'. Çøñsïðër ïñstællïñg thïs møðµlë.",
	"DataScience.failedToStartKernelDueToImportFailure": "Thë kernel fæïlëð tø stært æs thë møðµlë '{0}' çøµlð ñøt þë ïmpørtëð.",
	"DataScience.failedToStartKernelDueToImportFromFileFailure": "Thë kernel fæïlëð tø stært æs '{0}' çøµlð ñøt þë ïmpørtëð frøm '{1}'.",
	"DataScience.failedToStartKernelDueToUnknownDllLoadFailure": "Thë kernel fæïlëð tø stært æs æ ðll çøµlð ñøt þë løæðëð.",
	"DataScience.failedToStartKernelDueToDllLoadFailure": "Thë kernel fæïlëð tø stært æs thë ðll '{0}' çøµlð ñøt þë løæðëð.",
	"DataScience.failedToStartKernelDueToWin32APIFailure": "Thë kernel fæïlëð tø stært ðµë tø æñ ërrør wïth thë Wïñ32æpï møðµlë. Çøñsïðër (rë) ïñstællïñg thïs møðµlë.",
	"DataScience.failedToStartKernelDueToPyZmqFailure": "Thë kernel fæïlëð tø stært ðµë tø æñ ërrør wïth thë 'pÿzmq' møðµlë. Çøñsïðër rë-ïñstællïñg thïs møðµlë.",
	"DataScience.failedToStartKernelDueToOldIPython": "Thë kernel fæïlëð tø stært ðµë tø æñ øµtðætëð vërsïøñ øf ÏPÿthøñ. Çøñsïðër µpðætïñg thïs møðµlë tø thë lætëst vërsïøñ.",
	"DataScience.failedToStartKernelDueToOldIPyKernel": "Thë kërñël fæïlëð tø stært ðµë tø æñ øµtðætëð vërsïøñ øf ÏPÿKernel. Çøñsïðër µpðætïñg thïs møðµlë tø thë lætëst vërsïøñ.",
	"DataScience.failedToStartJupyter": "Fæïlëð tø stært Jµpÿtër ïñ thë ëñvïrøñmëñt '{0}'. \r\nVïëw Jµpÿtër [løg](command:jupyter.viewOutput) før fµrthër ðëtæïls.",
	"DataScience.failedToStartJupyterWithErrorInfo": "Fæïlëð tø stært Jµpÿtër ïñ thë ëñvïrøñmëñt '{0}'. \r\n{1} \r\nVïëw Jµpÿtër [løg](command:jupyter.viewOutput) før fµrthër ðëtæïls.",
	"DataScience.failedToStartJupyterDueToOutdatedTraitlets": "Fæïlëð tø stært Jµpÿtër ïñ thë ëñvïrøñmëñt '{0}' pøssïþlÿ ðµë tø æñ øµtðætëð vërsïøñ øf 'traitlets'. \r\n{1} \r\nÇøñsïðër µpðætïñg thë 'traitlets' møðµlë tø '5.1.1' ør lætër. \r\nVïëw Jµpÿtër [løg](command:jupyter.viewOutput) før fµrthër ðëtæïls.",
	"DataScience.installPackageInstructions": "Rµñ thë følløwïñg çømmæñð tø ïñstæll '{0}' ïñtø thë Pÿthøñ ëñvïrøñmëñt. \r\nÇømmæñð: '{1}'",
	"DataScience.cannotRunCellKernelIsDead": "Çæññøt rµñ çëlls, æs thë kernel '{0}' ïs ðëæð.",
	"DataScience.waitingForJupyterSessionToBeIdle": "Wæïtïñg før Jµpÿtër §ëssïøñ tø þë ïðlë",
	"DataScience.gettingListOfKernelsForLocalConnection": "Fëtçhïñg Kernels",
	"DataScience.gettingListOfKernelsForRemoteConnection": "Fëtçhïñg Kernels",
	"DataScience.gettingListOfKernelSpecs": "Fëtçhïñg Kernel spëçs",
	"DataScience.startingJupyterNotebook": "§tærtïñg Jµpÿtër Notebook",
	"DataScience.registeringKernel": "Rëgïstërïñg Kernel",
	"DataScience.trimmedOutput": "Øµtpµt wæs trïmmëð før përførmæñçë rëæsøñs.\r\nTø sëë thë fµll øµtpµt sët thë sëttïñg \"jµpÿtër.textOutputLimit\" tø 0.",
	"DataScience.connectingToJupyterUri": "Çøññëçtïñg tø Jµpÿtër sërvër æt {0}",
	"DataScience.createdNewNotebook": "{0}: Çrëætïñg ñëw ñøtëþøøk ",
	"DataScience.createdNewKernel": "{0}: Kernel stærtëð: {1}",
	"DataScience.kernelInvalid": "Kernel {0} ïs ñøt µsæþlë. Çhëçk thë Jµpÿtër øµtpµt tæþ før mørë ïñførmætïøñ.",
	"DataScience.nativeDependencyFail": "Wë çæññøt læµñçh æ Jµpÿtër sërvër þëçæµsë ÿøµr Ø§ ïs ñøt sµppørtëð. §ëlëçt æñ ælrëæðÿ rµññïñg sërvër ïf ÿøµ wïsh tø çøñtïñµë. {0}",
	"DataScience.selectNewServer": "Pïçk Rµññïñg §ërvër",
	"DataScience.jupyterSelectURIRemoteLabel": "Ëxïstïñg",
	"DataScience.jupyterSelectURIQuickPickTitleRemoteOnly": "Pïçk æñ ælrëæðÿ rµññïñg Jµpÿtër sërvër",
	"DataScience.jupyterSelectURIRemoteDetail": "§pëçïfÿ thë ÜRÏ øf æñ ëxïstïñg sërvër",
	"DataScience.latestExtension": "Ðøwñløæð thë lætëst vërsïøñ øf thë Jµpÿtër Ëxtëñsïøñ",
	"DataScience.loadClassFailedWithNoInternet": "Ërrør løæðïñg {0}:{1}. Ïñtërñët çøññëçtïøñ rëqµïrëð før løæðïñg 3rð pærtÿ wïðgëts.",
	"DataScience.useCDNForWidgets": "Wïðgëts rëqµïrë µs tø ðøwñløæð sµppørtïñg fïlës frøm æ 3rð pærtÿ wëþsïtë. Çlïçk [hërë](https://ækæ.ms/PV§ÇÏPÿWïðgëts) før mørë ïñførmætïøñ.",
	"DataScience.useCDNForWidgetsNoInformation": "Wïðgëts rëqµïrë µs tø ðøwñløæð sµppørtïñg fïlës frøm æ 3rð pærtÿ wëþsïtë.",
	"DataScience.enableCDNForWidgetsSettingHtml": "Wïðgëts rëqµïrë µs tø ðøwñløæð sµppørtïñg fïlës frøm æ 3rð pærtÿ wëþsïtë. Çlïçk <æ hrëf='https://çømmæñð:jµpÿtër.ëñæþlë£øæðïñgWïðgët§çrïptsFrømThïrðPærtÿ§øµrçë'>hërë</æ> tø ëñæþlë thïs ør çlïçk <æ hrëf='https://ækæ.ms/PV§ÇÏPÿWïðgëts'>hërë</æ> før mørë ïñførmætïøñ. (Ërrør løæðïñg {0}:{1}).",
	"DataScience.enableCDNForWidgetsSetting": "Wïðgëts rëqµïrë µs tø ðøwñløæð sµppørtïñg fïlës frøm æ 3rð pærtÿ wëþsïtë. (Ërrør løæðïñg {0}:{1}).",
	"DataScience.enableCDNForWidgetsButton": "Ëñæþlë Ðøwñløæðs",
	"DataScience.widgetScriptNotFoundOnCDNWidgetMightNotWork": "Üñæþlë tø fïñð wïðgët '{0}' vërsïøñ '{1}' frøm çøñfïgµrëð wïðgët søµrçës {2}. Ëxpëçtëð þëhævïør mæÿ þë æffëçtëð. Çlïçk [hërë](https://ækæ.ms/PV§ÇÏPÿWïðgëts) før mørë ïñførmætïøñ.",
	"DataScience.cdnWidgetScriptNotAccessibleWarningMessage": "Üñæþlë tø ðøwñløæð wïðgët '{0}' frøm 3rð pærtÿ wëþsïtë {1}, ðµë tø ñëtwørk æççëss. Ëxpëçtëð þëhævïør mæÿ þë æffëçtëð. Çlïçk [hërë](https://ækæ.ms/PV§ÇÏPÿWïðgëts) før mørë ïñførmætïøñ.",
	"DataScience.unhandledMessage": "Üñhæñðlëð kernel mëssægë frøm æ wïðgët: {0} : {1}",
	"DataScience.qgridWidgetScriptVersionCompatibilityWarning": "Üñæþlë tø løæð æ çømpætïþlë vërsïøñ øf thë wïðgët 'qgrïð'. Çøñsïðër ðøwñgræðïñg tø vërsïøñ 1.1.1.",
	"DataScience.kernelStarting": "_Çøññëçtïñg tø kernel..._",
	"DataScience.kernelStartingCustom": "_Çøññëçtïñg tø {0}..._",
	"DataScience.libraryRequiredToLaunchJupyterKernelNotInstalledInterpreter": "Rµññïñg çëlls wïth '{0}' rëqµïrës {1} pæçkægë.",
	"DataScience.libraryRequiredToLaunchJupyterKernelNotInstalledInterpreterAndRequiresUpdate": "Rµññïñg çëlls wïth '{0}' rëqµïrës {1} pæçkægë ïñstællëð ør rëqµïrës æñ µpðætë.",
	"DataScience.runByLine": "Rµñ þÿ lïñë (F10)",
	"DataScience.stopRunByLine": "§tøp",
	"DataScience.couldNotInstallLibrary": "Çøµlð ñøt ïñstæll {0} pæçkægë. Ïf pïp ïs ñøt ævæïlæþlë, plëæsë µsë thë pæçkægë mæñægër øf ÿøµr çhøïçë tø mæñµællÿ ïñstæll thïs lïþrærÿ ïñtø ÿøµr Pÿthøñ ëñvïrøñmëñt.",
	"DataScience.rawKernelSessionFailed": "Üñæþlë tø stært sëssïøñ før kernel {0}. §ëlëçt æñøthër kernel tø læµñçh wïth.",
	"DataScience.rawKernelStartFailedDueToTimeout": "Üñæþlë tø stært Kernel '{0}' ðµë tø çøññëçtïøñ tïmëøµt. \r\nVïëw Jµpÿtër [løg](command:jupyter.viewOutput) før fµrthër ðëtæïls.",
	"DataScience.rawKernelConnectingSession": "Çøññëçtïñg tø kernel {0}",
	"DataScience.reloadCustomEditor": "Plëæsë rëløæð V§ Çøðë tø µsë thë çµstøm ëðïtør ÆPÏ",
	"DataScience.reloadVSCodeNotebookEditor": "Plëæsë rëløæð V§ Çøðë tø µsë thë Notebook Ëðïtør",
	"DataScience.step": "Rµñ ñëxt lïñë (F10)",
	"DataScience.usingPreviewNotebookWithOtherNotebookWarning": "Øpëñïñg thë sæmë fïlë ïñ thë Prëvïëw Notebook Ëðïtør æñð stæþlë Notebook Ëðïtør ïs ñøt rëçømmëñðëð. Ðøïñg sø çøµlð rësµlt ïñ ðætæ løss ør çørrµptïøñ øf ñøtëþøøks.",
	"DataScience.unknownServerUri": "§ërvër ÜRÏ çæññøt þë µsëð. Ðïð ÿøµ µñïñstæll æñ ëxtëñsïøñ thæt prøvïðëð æ Jµpÿtër sërvër çøññëçtïøñ?",
	"DataScienceRendererExtension.installingExtension": "Ïñstællïñg Notebook Rëñðërërs ëxtëñsïøñ...",
	"DataScienceRendererExtension.installationCompleteMessage": "çømplëtë.",
	"DataScienceRendererExtension.startingDownloadOutputMessage": "§tærtïñg ðøwñløæð øf Notebook Rëñðërërs ëxtëñsïøñ.",
	"DataScienceRendererExtension.downloadingMessage": "Ðøwñløæðïñg Notebook Rëñðërërs Ëxtëñsïøñ...",
	"DataScienceRendererExtension.downloadCompletedOutputMessage": "Notebook Rëñðërërs ëxtëñsïøñ ðøwñløæð çømplëtë.",
	"DataScience.uriProviderDescriptionFormat": "{0} (Frøm {1} ëxtëñsïøñ)",
	"DataScience.unknownPackage": "µñkñøwñ",
	"DataScience.interactiveWindowTitle": "Ïñtëræçtïvë",
	"DataScience.interactiveWindowTitleFormat": "Ïñtëræçtïvë - {0}",
	"DataScience.interactiveWindowModeBannerTitle": "Ðø ÿøµ wæñt tø øpëñ æ ñëw Ïñtëræçtïvë wïñðøw før thïs fïlë? [Mørë Ïñførmætïøñ](çømmæñð:workbench.action.openSettings?%5B%22jupyter.interactiveWindowMode%22%5Ð).",
	"DataScience.interactiveWindowModeBannerSwitchYes": "Ýës",
	"DataScience.interactiveWindowModeBannerSwitchAlways": "Ælwæÿs",
	"DataScience.interactiveWindowModeBannerSwitchNo": "Ñø",
	"DataScience.noKernelsSpecifyRemote": "Ñø kernel ævæïlæþlë før çëll ëxëçµtïøñ, plëæsë [spëçïfÿ æ Jµpÿtër sërvër før çøññëçtïøñs](command:jupyter.selectjupyteruri)",
	"DataScience.ipykernelNotInstalled": "ÏPÿKernel ñøt ïñstællëð ïñtø ïñtërprëtër {0}",
	"DataScience.ipykernelNotInstalledBecauseCanceled": "ÏPÿKernel ñøt ïñstællëð ïñtø ïñtërprëtër. Ïñstællætïøñ çæñçëlëð.",
	"DataScience.needIpykernel6": "Ïpÿkernel sëtµp rëqµïrëð før thïs fëætµrë",
	"DataScience.setup": "§ëtµp",
	"DataScience.startingRunByLine": "§tærtïñg Rµñ þÿ £ïñë",
	"DataScience.illegalEditorConfig": "ÇµstømËðïtør æñð ÑætïvëNotebook ëxpërïmëñts çæññøt þë tµrñëð øñ tøgëthër",
	"DataScience.pythonExtensionRequired": "Thë Pÿthøñ Ëxtëñsïøñ ïs rëqµïrëð tø përførm thæt tæsk. Çlïçk Ýës tø øpëñ Pÿthøñ Ëxtëñsïøñ ïñstællætïøñ pægë.",
	"DataScience.pythonExtensionRequiredToRunNotebook": "Pÿthøñ Ëxtëñsïøñ rëqµïrëð tø rµñ Pÿthøñ ñøtëþøøks.",
	"DataScience.installingPythonExtension": "Ïñstællïñg Pÿthøñ ëxtëñsïøñ æñð løçætïñg kërñëls.",
	"DataScience.pythonExtensionInstalled": "Pÿthøñ Ëxtëñsïøñ ïs ñøw ïñstællëð. §ømë fëætµrës mïght ñøt þë ævæïlæþlë µñtïl æ ñøtëþøøk ør ïñtëræçtïvë wïñðøw sëssïøñ ïs rëstærtëð.",
	"DataScience.showDataViewerFail": "Fæïlëð tø çrëætë thë Ðætæ Vïëwër. Çhëçk thë Jµpÿtër tæþ øf thë Øµtpµt wïñðøw før mørë ïñfø.",
	"DataScience.notebookCreationPickerPlaceHolder": "§ëlëçt æñ øptïøñ tø çrëætë æ þlæñk ñøtëþøøk",
	"DataScience.refreshDataViewer": "Rëfrësh ðætæ vïëwër",
	"DataScience.refreshDataViewerCommandPalette": "Rëfrësh Ðætæ Vïëwër",
	"DataScience.sliceDropdownAxisLabel": "Æxïs",
	"DataScience.sliceDropdownIndexLabel": "Ïñðëx",
	"DataScience.sliceSubmitButton": "Æpplÿ",
	"DataScience.sliceSummaryTitle": "§£ÏÇÏÑG",
	"DataScience.dataViewerShowFilters": "§høw fïltërs",
	"DataScience.dataViewerHideFilters": "Hïðë fïltërs",
	"DataScience.sliceData": "§lïçë Ðætæ",
	"DataScience.sliceIndexError": "Ïñðëx {0} øµt øf ræñgë før æxïs {1} wïth {2} ëlëmëñts",
	"DataScience.sliceMismatchedAxesError": "Ëxpëçtëð {0} æxës, gøt {1} ïñ slïçë ëxprëssïøñ",
	"DataScience.clearFilters": "Çlëær æll fïltërs",
	"DataScience.defaultNotebookName": "ðëfæµlt",
	"DataScience.recommendExtensionForNotebook": "Thë {0} ëxtëñsïøñ ïs rëçømmëñðëð før ñøtëþøøks tærgëtïñg thë læñgµægë '{1}'",
	"DataScience.interactiveClearAllCells": "Çlëær Æll",
	"DataScience.interactiveRemoveCell": "Rëmøvë Çëll",
	"DataScience.interactiveGoToCode": "Gø tø çøðë",
	"DataScience.kernelWasNotStarted": "Kernel wæs ñøt stærtëð. Æ kërñël sëssïøñ ïs ñëëðëð tø stært ðëþµggïñg.",
	"DataScience.noNotebookToDebug": "Ñø æçtïvë ñøtëþøøk ðøçµmëñt tø ðëþµg.",
	"DataScience.cantStartDebugging": "Çæñ't stært ðëþµggïñg.",
	"DataScience.customEditorBanner": "Thïs ëðïtør ïs ðëprëçætëð æñð wë'll rëmøvë ït æftër 1.59 øf V§ Çøðë.  [£ëærñ mørë æþøµt øµr ñëw ñøtëþøøk ëðïtør](https://ækæ.ms/vscodeNotebookEditorBanner).",
	"DataScience.importingIpynb": "Ïmpørtïñg ñøtëþøøk fïlë.",
	"DataScience.exportingToFormat": "Ëxpørtïñg tø {0}.",
	"DataScience.matplotlibWidgetInsteadOfOther": "'%mætpløtlïþ wïðgët' ør '%mætpløtlïþ ïñlïñë' wørks þëst ïñ V§ Çøðë ñøtëþøøks.",
	"DataScience.matplotlibWidgetCodeActionTitle": "Mørë ïñførmætïøñ",
	"DataScience.usingNonPrereleaseYes": "Ýës",
	"DataScience.usingNonPrereleaseNo": "Ñø",
	"DataScience.usingNonPrereleaseNoAndDontAskAgain": "Ðøñ't æsk ægæïñ",
	"DataScience.usingNonPrerelease": "Thë 'prërëlëæsë' vërsïøñ øf thë Jµpÿtër Ëxtëñsïøñ ïs rëçømmëñðëð whëñ rµññïñg øñ V§ Çøðë Ïñsïðërs. Wøµlð ÿøµ lïkë tø swïtçh?",
	"DataScience.cellAtFormat": "{0} Çëll {1}'",
	"DataScience.jupyterServerConsoleOutputChannel": "Jµpÿtër §ërvër Çøñsølë",
	"DataScience.kernelConsoleOutputChannel": "{0} Kernel Çøñsølë Øµtpµt",
	"Installer.noCondaOrPipInstaller": "Thërë ïs ñø Çøñðæ ør Pïp ïñstællër ævæïlæþlë ïñ thë sëlëçtëð ëñvïrøñmëñt.",
	"Installer.noPipInstaller": "Thërë ïs ñø Pïp ïñstællër ævæïlæþlë ïñ thë sëlëçtëð ëñvïrøñmëñt.",
	"Installer.searchForHelp": "§ëærçh før hëlp",
	"Installer.couldNotInstallLibrary": "Çøµlð ñøt ïñstæll {0}. Ïf pïp ïs ñøt ævæïlæþlë, plëæsë µsë thë pæçkægë mæñægër øf ÿøµr çhøïçë tø mæñµællÿ ïñstæll thïs lïþrærÿ ïñtø ÿøµr Pÿthøñ ëñvïrøñmëñt.",
	"Installer.dataScienceInstallPrompt": "Ðætæ §çïëñçë lïþrærÿ {0} ïs ñøt ïñstællëð. Ïñstæll?",
	"Products.installingModule": "Ïñstællïñg {0}",
	"DataScience.webNotSupported": "Øpërætïøñ ñøt sµppørtëð ïñ wëþ vërsïøñ øf Jµpÿtër Ëxtëñsïøñ.",
	"DataScience.outputSizeExceedLimit": "Øµtpµt ëxçëëðs thë <æ hrëf={0}>sïzë lïmït</æ>. Øpëñ thë fµll øµtpµt ðætæ <æ hrëf={1}>ïñ æ tëxt ëðïtør</æ>",
	"DataScience.installPythonTitle": "Ïñstæll Pÿthøñ",
	"DataScience.installPythonExtensionViaKernelPickerTitle": "Ïñstæll Pÿthøñ Ëxtëñsïøñ",
	"DataScience.switchToLocalKernelsTitle": "Çøññëçt tø £øçæl Kërñëls",
	"DataScience.switchToRemoteKernelsTitle": "Çøññëçt tø æ Jµpÿtër §ërvër",
	"DataScience.switchToAnotherRemoteKernelsTitle": "Çøññëçt tø Æñøthër Jµpÿtër §ërvër",
	"DataScience.failedToInstallPythonExtension": "Fæïlëð tø ïñstæll thë Pÿthøñ Ëxtëñsïøñ.",
	"DataScience.kernelPrefixForRemote": "(Rëmøtë)",
	"DataScience.pythonFileOverridesPythonPackage": "Thïs fïlë çøµlð pøtëñtïællÿ øvërrïðë æñ ëxïstïñg Pÿthøñ pæçkægë æñð ïñtërfërë wïth kërñël ëxëçµtïøñ, çøñsïðër rëñæmïñg ït.",
	"DataScience.alwaysIgnoreWarningsAboutOverridingPythonPackages": "Ælwæÿs ïgñørë wærñïñgs æþøµt øvërrïðïñg Pÿthøñ pæçkægës",
	"DataScience.ignoreWarningAboutOverridingPythonPackage": "Ïgñørë wærñïñg før '{0}'",
	"DataScience.moreInfoAboutFileNamesOverridingPythonPackages": "Mørë ïñførmætïøñ øñ øvërrïðïñg Pÿthøñ pæçkægës",
	"DataScience.reservedPythonFileNamesDiagnosticCollectionName": "Rësërvëð Pÿthøñ Fïlëñæmës",
	"DataScience.filesPossiblyOverridingPythonModulesMayHavePreventedKernelFromStarting": "§ømë øf thë følløwïñg fïlës føµñð ïñ thë wørkïñg ðïrëçtørÿ mæÿ hævë prëvëñtëð thë Kërñël frøm stærtïñg. Çøñsïðër rëñæmïñg thëm.",
	"DataScience.listOfFilesWithLinksThatMightNeedToBeRenamed": "Fïlë(s): {0} mïght ñëëð tø þë rëñæmëð.",
	"jupyter.configuration.jupyter.diagnostics.reservedPythonNames.enabled.markdownDescription": "Whëthër tø shøw wærñïñgs æþøµt Pÿthøñ fïlë ñæmës thæt çøµlð pøtëñtïællÿ [øvërrïðë Pÿthøñ pæçkægës](https://ækæ.ms/JµpÿtërKërñël§tærtFæïlµrëØvërrïðëRësërvëðÑæmë).",
	"jupyter.configuration.jupyter.diagnostics.reservedPythonNames.exclude.markdownDescription": "Çøñfïgµrë [gløþ pættërñs](https://çøðë.vïsµælstµðïø.çøm/ðøçs/ëðïtør/çøðëþæsïçs#_æðvæñçëð-sëærçh-øptïøñs) før ëxçlµðïñg fïlës æñð følðërs frøm frøm þëïñg wærñëð æþøµt [øvërrïðïñg Pÿthøñ pæçkægës](https://ækæ.ms/JµpÿtërKërñël§tærtFæïlµrëØvërrïðëRësërvëðÑæmë)."
}