{
	"products.installingModule": "Instalowanie {0}",
	"capabilities.untrustedWorkspace.description": "Wykonywanie komórek w oknie Interactive i usłudze Notebooks nie jest obsługiwane w niezaufanych obszarach roboczych.",
	"contributes.walkthroughs.jupyterWelcome.title": "Wprowadzenie do notesów Jupyter Notebook",
	"contributes.walkthroughs.jupyterWelcome.description": "Pierwsze kroki do skonfigurowania projektu Jupyter ze wszystkimi zaawansowanymi narzędziami i funkcjami, które rozszerzenie platforma Jupyter ma do zaoferowania!",
	"contributes.walkthroughs.jupyterWelcome.steps.ipynb.newUntitledIpynb.title": "Tworzenie lub otwieranie notesu Jupyter",
	"contributes.walkthroughs.jupyterWelcome.steps.ipynb.newUntitledIpynb.description": "Kliknij prawym przyciskiem myszy w Eksploratorze plików i utwórz nowy plik z rozszerzeniem ipynb. Możesz też otworzyć [Command Palette](command:workbench.action.showCommands) i uruchomić polecenie \r\n„Create: New Jupyter Notebook”.\r\n[Create New Jupyter Notebook] (command:toSide:ipynb.newUntitledIpynb)\r\n Jeśli masz istniejący projekt, możesz także [open a folder](command:toSide:workbench.action.files.openFolder) i/lub sklonować projekt z usługi GitHub: [clone a Git repository](command:toSide:git.clone).",
	"contributes.walkthroughs.jupyterWelcome.steps.ipynb.newUntitledIpynb.media.altText": "Tworzenie nowego notesu Jupyter",
	"contributes.walkthroughs.jupyterWelcome.steps.jupyter.selectKernel.title": "Wybierz jądro platformy Jupyter",
	"contributes.walkthroughs.jupyterWelcome.steps.jupyter.selectKernel.description": "Kliknij pozycję Wybierz jądro w prawym górnym rogu notesu i wybierz środowisko, w którym ma być uruchamiane jądro. Jeśli notes jest otwarty i jest w centrum uwagi możesz też otworzyć [Command Palette](command:workbench.action.showCommands) i uruchomić polecenie: \r\n„Notebook: Select Notebook Kernel`”. \r\n[Open Command Palette to Select a Jupyter Kernel](command:workbench.action.showCommands)",
	"contributes.walkthroughs.jupyterWelcome.steps.jupyter.selectKernel.media.altText": "Wybieranie lub zmienianie jądra notesu",
	"contributes.walkthroughs.jupyterWelcome.steps.jupyter.exploreAndDebug.title": "Eksplorowanie danych i debugowanie",
	"contributes.walkthroughs.jupyterWelcome.steps.jupyter.exploreAndDebug.description": "📅 Możesz użyć [Data Viewer](https://code.visualstudio.com/docs/datascience/data-science-tutorial#_prepare-the-data) do wyświetlania, sortowania i filtrowania wierszy danych. Po załadowaniu danych kliknij pozycję „Zmienne” w prawym górnym rogu notesu i kliknij ikonę Przeglądarka danych po lewej stronie tabeli danych. \r\n \r\n[Learn about Data Viewer](https://code.visualstudio.com/docs/datascience/data-science-tutorial#_prepare-the-data)\r\n \r\n📒 Debuguj notes przy użyciu trybu [Run by Line](https://code.visualstudio.com/docs/datascience/jupyter-notebooks#_run-by-line), aby wykonać jeden wiersz komórki w danym momencie. Kliknij ikonę Run by Line w komórce (przycisk odtwarzania z liniami) lub naciśnij klawisz F10. \r\n \r\n[Learn about Run by Line](https://code.visualstudio.com/docs/datascience/jupyter-notebooks#_run-by-line)",
	"contributes.walkthroughs.jupyterWelcome.steps.jupyter.exploreAndDebug.media.altText": "Otwieranie przeglądarki danych",
	"contributes.walkthroughs.jupyterWelcome.steps.jupyter.dataScienceLearnMore.title": "Dowiedz się więcej!",
	"contributes.walkthroughs.jupyterWelcome.steps.jupyter.dataScienceLearnMore.description": "🎨 Poznaj wszystkie funkcje oferowane przez rozszerzenie Jupyter, szukając elementu „Jupyter” w [Command Palette](command:workbench.action.showCommands). \r\n 📈 Dowiedz się więcej o rozpoczynaniu pracy za pomocą nauki o danych w języku [Python](command:workbench.action.openWalkthrough?%7B%22category%22%3A%22ms-python.python%23pythonDataScienceWelcome%22%2C%22step%22%3A%22ms-python.python%23python.createNewNotebook%22%7D), instalując rozszerzenie języka Python ([search Python extension](command:workbench.extensions.search?\"ms-python.python\")). \r\n 📃 Dowiedz się więcej o funkcjach w naszych [Tutorials](https://code.visualstudio.com/docs/datascience/jupyter-notebooks). \r\n[Learn more](https://aka.ms/AAdar6q)",
	"contributes.walkthroughs.jupyterWelcome.steps.jupyter.dataScienceLearnMore.media.altText": "Obraz przedstawiający naszą stronę dokumentacji i zasoby listy adresowej.",
	"jupyter.command.dataScience.clearCache.title": "Wyczyść pamięć podręczną",
	"jupyter.command.jupyter.replayPylanceLog.title": "Ponowne odtwarzanie dziennika serwera Pylance",
	"jupyter.command.jupyter.replayPylanceLogStep.title": "Krok dotyczący dziennika Pylance",
	"jupyter.command.jupyter.exportAsPythonScript.title": "Konwertuj na skrypt języka Python",
	"jupyter.command.jupyter.exportToHTML.title": "Eksportuj do kodu HTML",
	"jupyter.command.jupyter.exportToPDF.title": "Eksportuj do pliku PDF",
	"jupyter.command.jupyter.debug.title": "Debugowanie",
	"jupyter.command.jupyter.filterKernels.title": "Filtrowanie jąder",
	"jupyter.command.jupyter.runByLine.title": "Przebieg według wiersza",
	"jupyter.command.jupyter.debugCell.title": "Debuguj komórkę",
	"jupyter.command.jupyter.runByLineNext.title": "Uruchom następny wiersz",
	"jupyter.command.jupyter.runByLineStop.title": "Kontynuuj wykonywanie",
	"DataScience.checkingIfImportIsSupported": "Sprawdzanie, czy opcja „import” jest obsługiwana",
	"DataScience.validatingKernelDependencies": "Weryfikowanie zależności jądra kernel",
	"DataScience.installingMissingDependencies": "Instalowanie brakujących zależności",
	"DataScience.exportNotebookToPython": "Eksportowanie notesu aplikacji Notebook do języka Python",
	"DataScience.performingExport": "Wykonywanie eksportu",
	"DataScience.convertingToPDF": "Trwa konwertowanie do formatu PDF...",
	"DataScience.exportHTMLQuickPickLabel": "HTML",
	"DataScience.exportPDFQuickPickLabel": "PDF",
	"DataScience.openExportedFileMessage": "Czy chcesz otworzyć wyeksportowany plik?",
	"DataScience.openExportFileYes": "Tak",
	"DataScience.openExportFileNo": "Nie",
	"DataScience.failedExportMessage": "Eksportowanie nie powiodło się.",
	"DataScience.validationErrorMessageForRemoteUrlProtocolNeedsToBeHttpOrHttps": "Musi to być HTTP(S)",
	"DataScience.exportFailedGeneralMessage": "Aby uzyskać więcej szczegółów, sprawdź panel [output](command:jupyter.viewOutput) „Jupyter”.",
	"DataScience.exportToPDFDependencyMessage": "Jeśli nie zainstalowano programu xelatex (TeX), musisz to zrobić, zanim będzie można eksportować do pliku PDF. Aby uzyskać dalsze instrukcje, przejdź do strony https://nbconvert.readthedocs.io/en/latest/install.html#installing-tex. \r\nAby uniknąć instalowania programu xelatex (TeX), możesz spróbować wyeksportować do kodu HTML i użyć funkcji przeglądarek „Drukuj do pliku PDF”.",
	"DataScience.insecureSessionMessage": "Nawiązywanie połączenia za pośrednictwem protokołu HTTP bez tokenu może być niezabezpieczonym połączeniem. Czy chcesz połączyć się z potencjalnie niezabezpieczonym serwerem?",
	"DataScience.insecureSessionDenied": "Odmowa połączenia z niezabezpieczonym serwerem.",
	"DataScience.pythonNotInstalled": "Język Python nie jest zainstalowany. \r\nPobierz i zainstaluj język Python, aby wykonać komórki w tym notesie.",
	"DataScience.installKernel": "Nie można odnaleźć jądra Kernel Jupyter „{0}” i należy go zainstalować w celu wykonania komórek w tym notesie.",
	"DataScience.customizeLayout": "Dostosuj układ",
	"DataScience.warnWhenSelectingKernelWithUnSupportedPythonVersion": "Wersja języka Python skojarzona z wybranym jądrem kernel nie jest już obsługiwana. Rozważ wybranie innego jądra kernel.",
	"DataScience.activatingPythonEnvironment": "Aktywowanie środowiska języka Python „{0}”",
	"jupyter.kernel.percentPipCondaInstallInsteadOfBang": "Użyj elementu „%{0} install” zamiast „!{0} install”",
	"jupyter.kernel.pipCondaInstallHoverWarning": "Element „!{0} install” mógł zainstalować pakiety w niewłaściwym środowisku. [Więcej informacji]({1})",
	"jupyter.kernel.replacePipCondaInstallCodeAction": "Zamień na „%{0} install”",
	"jupyter.kernel.filter.placeholder": "Wybierz kernel dostępne w selektorze kernel.",
	"jupyter.kernel.category.jupyterSession": "(Zdalne) Sesja Jupyter",
	"jupyter.kernel.category.jupyterKernel": "Jupyter Kernel",
	"jupyter.kernel.category.jupyterRemoteKernel": "(Zdalne) Jupyter Kernel",
	"jupyter.kernel.category.conda": "Conda Env",
	"jupyter.kernel.category.poetry": "Poetry Env",
	"jupyter.kernel.category.pipenv": "Pipenv Env",
	"jupyter.kernel.category.pyenv": "PyEnv Env",
	"jupyter.kernel.category.global": "Global Env",
	"jupyter.kernel.category.virtual": "Virtual Env",
	"jupyter.command.jupyter.viewLanguageServerOutput.title": "Pokaż dane wyjściowe serwera języka",
	"jupyter.command.jupyter.selectAndRunTestMethod.title": "Uruchom metodę testową...",
	"jupyter.command.jupyter.selectAndDebugTestMethod.title": "Debuguj metodę testową...",
	"jupyter.command.jupyter.selectAndRunTestFile.title": "Uruchom plik testowy...",
	"jupyter.command.jupyter.runCurrentTestFile.title": "Uruchom bieżący plik testowy",
	"jupyter.command.jupyter.runFailedTests.title": "Uruchom testy zakończone niepowodzeniem",
	"jupyter.command.jupyter.discoverTests.title": "Odnajdź testy",
	"jupyter.command.jupyter.discoveringTests.title": "Trwa odnajdywanie...",
	"jupyter.command.jupyter.stopTests.title": "Zatrzymaj",
	"jupyter.command.jupyter.configureTests.title": "Konfiguruj testy",
	"jupyter.command.jupyter.execSelectionInTerminal.title": "Uruchamianie zaznaczenia/wiersza w terminalu języka Python",
	"jupyter.command.jupyter.execSelectionInDjangoShell.title": "Uruchom zaznaczenie/wiersz w powłoce Django",
	"jupyter.command.jupyter.goToPythonObject.title": "Przejdź do obiektu języka Python",
	"jupyter.command.jupyter.setLinter.title": "Wybierz linter",
	"jupyter.command.jupyter.enableLinting.title": "Włącz linting",
	"jupyter.command.jupyter.runLinting.title": "Uruchom linting",
	"jupyter.command.jupyter.runFileInteractive.title": "Uruchom bieżący plik w oknie interakcyjnym",
	"jupyter.command.jupyter.debugFileInteractive.title": "Debuguj bieżący plik w oknie interakcyjnym",
	"jupyter.command.jupyter.runallcells.title": "Uruchom wszystkie komórki",
	"jupyter.command.jupyter.notebookeditor.expandallcells.title": "Rozwiń wszystkie komórki aplikacji Notebook",
	"jupyter.command.jupyter.notebookeditor.collapseallcells.title": "Zwiń wszystkie komórki aplikacji Notebook",
	"jupyter.command.jupyter.runallcellsabove.title": "Uruchom powyżej",
	"jupyter.command.jupyter.runcellandallbelow.title": "Uruchom poniżej",
	"jupyter.command.jupyter.runallcellsabove.palette.title": "Uruchom komórki powyżej bieżącej komórki",
	"jupyter.command.jupyter.runcurrentcellandallbelow.palette.title": "Uruchom bieżącą komórkę i poniżej",
	"jupyter.command.jupyter.debugcurrentcell.palette.title": "Debuguj bieżącą komórkę",
	"jupyter.command.jupyter.debugcell.title": "Debuguj komórkę",
	"jupyter.command.jupyter.debugstepover.title": "Przekrocz",
	"jupyter.command.jupyter.debugcontinue.title": "Kontynuuj",
	"jupyter.command.jupyter.debugstop.title": "Zatrzymaj",
	"jupyter.command.jupyter.runtoline.title": "Uruchom do wiersza w oknie interakcyjnym",
	"jupyter.command.jupyter.runfromline.title": "Uruchom z wiersza w oknie interakcyjnym",
	"jupyter.command.jupyter.runcurrentcell.title": "Uruchom bieżącą komórkę",
	"jupyter.command.jupyter.runcurrentcelladvance.title": "Uruchom bieżącą komórkę i wcześniejszą",
	"jupyter.command.jupyter.execSelectionInteractive.title": "Uruchom zaznaczenie/wiersz w oknie interakcyjnym",
	"jupyter.command.jupyter.runcell.title": "Uruchom komórkę",
	"jupyter.command.jupyter.insertCellBelowPosition.title": "Wstaw komórkę poniżej pozycji",
	"jupyter.command.jupyter.insertCellBelow.title": "Wstaw komórkę poniżej",
	"jupyter.command.jupyter.insertCellAbove.title": "Wstaw komórkę powyżej",
	"jupyter.command.jupyter.deleteCells.title": "Usuń zaznaczone komórki",
	"jupyter.command.jupyter.selectCell.title": "Zaznacz komórkę",
	"jupyter.command.jupyter.selectCellContents.title": "Zaznacz zawartość komórki",
	"jupyter.command.jupyter.extendSelectionByCellAbove.title": "Rozszerz zaznaczenie według komórki powyżej",
	"jupyter.command.jupyter.extendSelectionByCellBelow.title": "Rozszerz zaznaczenie według komórki poniżej",
	"jupyter.command.jupyter.moveCellsUp.title": "Przenieś zaznaczoną komórkę w górę",
	"jupyter.command.jupyter.moveCellsDown.title": "Przenieś zaznaczoną komórkę w dół",
	"jupyter.command.jupyter.changeCellToMarkdown.title": "Zamień komórkę na znaczniki markdown",
	"jupyter.command.jupyter.changeCellToCode.title": "Zamień komórkę na kod",
	"jupyter.command.jupyter.gotoNextCellInFile.title": "Przejdź do następnej komórki",
	"jupyter.command.jupyter.gotoPrevCellInFile.title": "Przejdź do poprzedniej komórki",
	"jupyter.command.jupyter.showhistorypane.title": "Pokaż okno interakcyjne",
	"jupyter.command.jupyter.createnewinteractive.title": "Utwórz okno interakcyjne",
	"jupyter.command.jupyter.selectjupyteruri.title": "Określ serwer Jupyter dla połączeń",
	"DataScience.jupyterNativeNotebookUriStatusLabelForLocal": "Serwer Jupyter: lokalny",
	"DataScience.jupyterNativeNotebookUriStatusLabelForRemote": "Serwer Jupyter: zdalny",
	"jupyter.command.jupyter.selectjupytercommandline.title": "Określ argumenty wiersza polecenia Jupyter",
	"jupyter.command.jupyter.importnotebook.title": "Importowanie z aplikacji Jupyter Notebook",
	"jupyter.command.jupyter.importnotebookfile.title": "Konwertuj na skrypt języka Python",
	"jupyter.command.jupyter.exportoutputasnotebook.title": "Eksportuj okno interakcyjne jako notes aplikacji Jupyter Notebook",
	"jupyter.command.jupyter.exportfileasnotebook.title": "Eksportuj bieżący plik i dane wyjściowe języka Python jako notes aplikacji Jupyter Notebook",
	"jupyter.command.jupyter.exportfileandoutputasnotebook.title": "Eksportuj bieżący plik i dane wyjściowe języka Python jako notes aplikacji Jupyter Notebook",
	"jupyter.command.jupyter.undocells.title": "Cofnij ostatnią akcję interakcyjną",
	"jupyter.command.jupyter.redocells.title": "Cofnij ostatnią akcję interakcyjną",
	"jupyter.command.jupyter.removeallcells.title": "Usuń wszystkie komórki interakcyjne",
	"jupyter.command.jupyter.notebookeditor.removeallcells.title": "Usuń wszystkie komórki edytora aplikacji Notebook",
	"jupyter.command.jupyter.notebookeditor.addcellbelow.title": "Dodaj pustą komórkę do pliku aplikacji Notebook",
	"jupyter.command.jupyter.notebookeditor.keybind.undo.title": "Cofnij",
	"jupyter.command.jupyter.notebookeditor.keybind.save.title": "Zapisz",
	"jupyter.command.jupyter.interruptkernel.title": "Przerywanie działania jądra Kernel",
	"jupyter.command.jupyter.interruptkernel.shorttitle": "Przerwij działanie",
	"DataScience.restartKernel": "Ponownie uruchom jądro Kernel",
	"jupyter.command.jupyter.restartkernel.title": "Ponownie uruchom jądro Kernel",
	"jupyter.command.jupyter.restartkernel.shorttitle": "Ponownie uruchom",
	"jupyter.command.jupyter.expandallcells.title": "Rozwiń wszystkie komórki interakcyjne",
	"jupyter.command.jupyter.collapseallcells.title": "Zwiń wszystkie komórki interakcyjne",
	"jupyter.command.jupyter.expandallcells.shorttitle": "Rozwiń",
	"jupyter.command.jupyter.collapseallcells.shorttitle": "Zwiń",
	"jupyter.command.jupyter.addcellbelow.title": "Dodaj pustą komórkę do pliku",
	"jupyter.command.jupyter.createnewnotebook.title": "Tworzenie nowego notesu Jupyter",
	"jupyter.command.jupyter.scrolltocell.title": "Przewiń komórkę do widoku",
	"jupyter.command.jupyter.selectJupyterInterpreter.title": "Wybierz interpretera, aby uruchomić serwer Jupyter",
	"jupyter.command.jupyter.enableDebugLogging.title": "Włącz rejestrowanie debugowania",
	"jupyter.command.jupyter.resetLoggingLevel.title": "Resetuj poziom rejestrowania",
	"jupyter.command.jupyter.showDataViewer.title": "Wyświetl wartość w Przeglądarce danych",
	"jupyter.command.jupyter.viewOutput.title": "Pokaż dane wyjściowe",
	"DataScience.viewJupyterLogForFurtherInfo": "Aby uzyskać dalsze szczegóły, wyświetl [log](command:jupyter.viewOutput) Jupyter.",
	"jupyter.showJupyterLogs": "Pokaż dzienniki Jupyter",
	"jupyter.command.jupyter.clearSavedJupyterUris.title": "Wyczyść listę serwerów zdalnych Jupyter",
	"jupyter.command.jupyter.openVariableView.title": "Otwórz widok zmiennych",
	"jupyter.command.jupyter.openVariableView.shorttitle": "Zmienne",
	"jupyter.command.jupyter.openOutlineView.title": "Pokaż spis treści (widok konspektu)",
	"jupyter.command.jupyter.openOutlineView.shorttitle": "Konspekt",
	"DataScience.currentlySelectedJupyterInterpreterForPlaceholder": "Bieżący: {0}",
	"jupyter.command.jupyter.analysis.clearCache.title": "Wyczyść pamięć podręczną analizy modułów",
	"jupyter.command.jupyter.analysis.restartLanguageServer.title": "Ponownie uruchom serwer językowy",
	"jupyter.commandPalette.jupyter.replayPylanceLog.title": "Ponowne odtwarzanie dziennika serwera Pylance",
	"jupyter.notebookRenderer.IPyWidget.displayName": "Pogram renderujący Jupyter IPyWidget",
	"jupyter.notebookRenderer.Error.displayName": "Program renderujący Jupyter Error",
	"jupyter.debuggers.kernel": "Adapter debugowania jądra języka Python",
	"jupyter.debuggers.interactive": "Okno Interactive języka Python",
	"jupyter.configuration.jupyter.experiments.enabled.description": "Włącza/wyłącza testy A/B.",
	"jupyter.configuration.jupyter.showVariableViewWhenDebugging.description": "Wyświetl widok zmiennych podczas rozpoczynania sesji Uruchom według wiersza.",
	"jupyter.configuration.jupyter.logging.level.description": "Poziom rejestrowania, na którym jest rejestrowane rozszerzenie.",
	"jupyter.configuration.jupyter.experiments.optInto.markdownDescription": "Lista eksperymentów, z których chcesz zrezygnować. Jeśli pole jest puste, użytkownikom są przypisywane domyślne grupy eksperymentów. [Learn more](https://github.com/microsoft/vscode-jupyter/wiki/Experiments).",
	"jupyter.configuration.jupyter.experiments.optOutFrom.markdownDescription": "Lista eksperymentów, z których chcesz zrezygnować. Jeśli pole jest puste, użytkownikom są przypisywane domyślne grupy eksperymentów. [Learn more](https://github.com/microsoft/vscode-python/wiki/Experiments).",
	"jupyter.configuration.jupyter.enableKeyboardShortcuts.deprecationMessage": "To ustawienie jest przestarzałe, ponieważ skróty klawiaturowe Jupyter zostały przeniesione do rozszerzenia ms-toolsai.jupyter-keymap. Jeśli chcesz wyłączyć skróty klawiaturowe Jupyter, odinstaluj lub wyłącz to rozszerzenie.",
	"jupyter.configuration.jupyter.enableKeyboardShortcuts.description": "Włącza skróty klawiaturowe w stylu Jupyter dla notesów.",
	"jupyter.configuration.jupyter.allowImportFromNotebook.deprecationMessage": "To ustawienie jest przestarzałe i zostanie usunięte w następnym wydaniu.",
	"jupyter.configuration.jupyter.allowImportFromNotebook.description": "Umożliwia użytkownikowi importowanie notesu Jupyter do pliku języka Python przy każdym otwarciu notesu.",
	"jupyter.configuration.jupyter.widgetScriptSources.items.enumDescriptions.0": "Ładuje skrypty widżetu (javascript) z witryny https://www.jsdelivr.com/",
	"jupyter.configuration.jupyter.widgetScriptSources.items.enumDescriptions.1": "Ładuje skrypty widżetu (javascript) z witryny https://unpkg.com/",
	"jupyter.configuration.jupyter.widgetScriptSources.markdownDescription": "Definiuje lokalizację i kolejność źródeł, z których są pobierane pliki skryptów dla widżetów (np. ipywidgest, bqplot, beakerx, ipyleaflet itp.). Niezaznaczenie żadnego z nich może spowodować nieprawidłowe renderowanie lub działanie widżetów. Aby uzyskać więcej informacji, zobacz [here](https://aka.ms/PVSCIPyWidgets). Po zaktualizowaniu konieczne będzie ponowne uruchomienie jądra.",
	"jupyter.configuration.jupyter.askForLargeDataFrames.description": "Ostrzegaj użytkownika przed próbą otwarcia faktycznie dużych ramek danych.",
	"jupyter.configuration.jupyter.askForKernelRestart.description": "Ostrzegaj użytkownika przed ponownym uruchomieniem jądra.",
	"jupyter.configuration.jupyter.exportWithOutputEnabled.description": "Włącz eksportowanie pliku języka Python do notesu Jupyter i uruchom w tym czasie wszystkie komórki.",
	"jupyter.configuration.jupyter.jupyterLaunchTimeout.description": "Ilość czasu (w ms), jaki należy odczekać do momentu uruchomienia serwera Jupyter Notebook.",
	"jupyter.configuration.jupyter.jupyterLaunchRetries.description": "Liczba prób nawiązania połączenia z aplikacją Jupyter Notebook",
	"jupyter.configuration.jupyter.jupyterCommandLineArguments.description": "Po uruchomieniu edytora notesów lub serwera Jupyter z oknem Interactive te argumenty zostaną do niego przekazane. Domyślnie ta lista jest generowana przez rozszerzenie Jupyter.",
	"jupyter.configuration.jupyter.notebookFileRoot.description": "Ustaw katalog główny na potrzeby uruchamiania notesów i okna Interactive.",
	"jupyter.configuration.jupyter.searchForJupyter.deprecationMessage": "To ustawienie jest przestarzałe i zostanie usunięte w następnym wydaniu.",
	"jupyter.configuration.jupyter.searchForJupyter.description": "Podczas uruchamiania okno Interactive wyszukaj wszystkie zainstalowane interpretery języka Python dla instalacji Jupyter",
	"jupyter.configuration.jupyter.useDefaultConfigForJupyter.description": "Podczas lokalnego uruchamiania platformy Jupyter utwórz domyślną pustą konfigurację Jupyter dla okna Interactive",
	"jupyter.configuration.jupyter.jupyterInterruptTimeout.description": "Ilość czasu (w ms), jaki należy odczekać na przerwanie przed prośbą o ponowne uruchomienie jądra Jupyter.",
	"jupyter.configuration.jupyter.allowInput.deprecationMessage": "To ustawienie jest przestarzałe i zostanie usunięte w następnym wydaniu.",
	"jupyter.configuration.jupyter.allowInput.description": "Zezwalaj na wprowadzanie kodu języka Python bezpośrednio w okno Interactive",
	"jupyter.configuration.jupyter.showCellInputCode.deprecationMessage": "To ustawienie jest przestarzałe i zostanie usunięte w następnym wydaniu.",
	"jupyter.configuration.jupyter.showCellInputCode.description": "Pokaż kod wejściowy komórki.",
	"jupyter.configuration.jupyter.collapseCellInputCodeByDefault.description": "Domyślnie zwiń kod wejściowy komórki.",
	"jupyter.configuration.jupyter.collapseCellInputCodeByDefault.markdownDeprecationMessage": "To ustawienie jest przestarzałe. Zamiast tego użyj ustawienia „#interactiveWindow.collapseCellInputCode#”.",
	"jupyter.configuration.jupyter.maxOutputSize.deprecationMessage": "To ustawienie jest przestarzałe i zostanie usunięte w następnym wydaniu.",
	"jupyter.configuration.jupyter.maxOutputSize.description": "Maksymalny rozmiar (w pikselach) tekstowych danych wyjściowych w edytorze notesów przed wyświetleniem paska przewijania. Najpierw włącz przewijanie danych wyjściowych komórek w ustawieniach.",
	"jupyter.configuration.jupyter.alwaysScrollOnNewCell.description": "Automatycznie przewiń okno Interactive, aby wyświetlić dane wyjściowe ostatnio wykonanej instrukcji. Jeśli wartością jest false, okno Interactive będzie przewijane automatycznie tylko wtedy, gdy jest widoczny dół wcześniejszej komórki.",
	"jupyter.configuration.jupyter.alwaysScrollOnNewCell.deprecationMessage": "To ustawienie jest nieaktualne. Zamiast tego użyj ustawienia „interactiveWindow.alwaysScrollOnNewCell”.",
	"jupyter.configuration.jupyter.enableScrollingForCellOutputs.deprecationMessage": "To ustawienie jest przestarzałe i zostanie usunięte w następnym wydaniu.",
	"jupyter.configuration.jupyter.enableScrollingForCellOutputs.description": "Włącza przewijanie danych wyjściowych dużych komórek w edytorze notesów. To ustawienie nie dotyczy okna Interactive.",
	"jupyter.configuration.jupyter.sendSelectionToInteractiveWindow.description": "Po naciśnięciu kombinacji klawiszy Shift + Enter wyślij wybrany kod w pliku języka Python do okna Interactive platformy Jupyter, a nie terminalu języka Python.",
	"jupyter.configuration.jupyter.variableExplorerExclude.description": "Typy do wykluczenia z wyświetlania w eksploratorze zmiennych Interactive",
	"jupyter.configuration.jupyter.codeRegularExpression.description": "Wyrażenie regularne używane do identyfikowania komórek kodu. Cały kod do następnego dopasowania jest uznawany za część tej komórki.",
	"jupyter.configuration.jupyter.defaultCellMarker.description": "Znacznik komórki używany do wykreślenia komórki w pliku języka Python.",
	"jupyter.configuration.jupyter.markdownRegularExpression.description": "Wyrażenie regularne używane do identyfikowania komórek Markdown. Wszystkie komentarze po tym wyrażeniu są uznawane za część znaczników Markdown.",
	"jupyter.configuration.jupyter.allowLiveShare.deprecationMessage": "To ustawienie jest przestarzałe, ponieważ pomoc techniczna Live Share dla okna Interactive już nie istnieje w rozszerzeniu Jupyter.",
	"jupyter.configuration.jupyter.allowLiveShare.description": "Zezwalaj na udostępnianie okna Interactive podczas sesji Live Share",
	"jupyter.configuration.jupyter.ignoreVscodeTheme.deprecationMessage": "To ustawienie jest przestarzałe i zostanie usunięte w następnym wydaniu.",
	"jupyter.configuration.jupyter.ignoreVscodeTheme.description": "Nie używaj motywu VS Code w oknie Interactive (wymaga ponownego załadowania edytora VS Code). Wymusza to użycie przez okno Interactive elementu „Light +(default light)” i wyłącza domyślne ustawienia matplotlib.",
	"jupyter.configuration.jupyter.themeMatplotlibPlots.description": "W oknie Interactive i edytorze notesów matplotlib motywu jest przekazywane w celu dopasowania do motywu edytora VS Code.",
	"jupyter.configuration.jupyter.liveShareConnectionTimeout.deprecationMessage": "To ustawienie jest przestarzałe i zostanie usunięte w następnym wydaniu.",
	"jupyter.configuration.jupyter.liveShareConnectionTimeout.description": "Ilość czasu, jaki należy odczekać do momentu weryfikacji, czy w przypadku połączeń gości jest zainstalowane rozszerzenie języka Python.",
	"jupyter.configuration.jupyter.decorateCells.description": "Narysuj wyróżnienie za aktualnie aktywną komórką.",
	"jupyter.configuration.jupyter.enableCellCodeLens.description": "Włącza obiketyw kodu dla „cells” w pliku języka Python.",
	"jupyter.configuration.jupyter.enableAutoMoveToNextCell.description": "Umożliwia przejście do następnej komórki po kliknięciu obiektywu kodu „Run Cell”.",
	"jupyter.configuration.jupyter.allowUnauthorizedRemoteConnection.description": "Zezwalaj na łączenie okna Interactive z serwerem Jupyter HTTPS, który nie ma prawidłowych certyfikatów. Może to stanowić zagrożenie bezpieczeństwa, dlatego należy go używać tylko w przypadku znanych i zaufanych serwerów.",
	"jupyter.configuration.jupyter.generateSVGPlots.description": "Generuj dane wyjściowe SVG dla wykresów notesu. Umożliwia to lepsze wyświetlanie w przeglądarce wykresów kosztem szybkości generowania i rozmiaru pliku.",
	"jupyter.configuration.jupyter.codeLenses.description": "Zestaw poleceń do umieszczenia jako obiektyw kodu nad komórką.",
	"jupyter.configuration.jupyter.debugCodeLenses.description": "Zestaw poleceń debugowania, które mają zostać umieszczone jako obiektyw kodu nad komórką podczas debugowania.",
	"jupyter.configuration.jupyter.debugpyDistPath.description": "Ścieżka do bitów debugpy na potrzeby debugowania komórek.",
	"jupyter.configuration.jupyter.stopOnFirstLineWhileDebugging.description": "Podczas debugowania komórki zatrzymaj w pierwszym wierszu.",
	"jupyter.configuration.jupyter.remoteDebuggerPort.description": "Podczas debugowania komórki otwórz ten port w polu zdalnym. Jeśli zostanie określona wartość -1, podjęta zostanie próba w zakresie portów od 8889 do 9000.",
	"jupyter.configuration.jupyter.disableJupyterAutoStart.description": "W przypadku wartości true, wyłącza automatyczne uruchamianie platformy Jupyter. Zamiast tego musisz uruchomić komórkę, aby uruchomić platformę Jupyter.",
	"jupyter.configuration.jupyter.textOutputLimit.deprecationMessage": "To ustawienie jest przestarzałe i zostało zastąpione ustawieniem „notebook.output.textLineLimit”. To ustawienie zostanie usunięte w nadchodzącym wydaniu.",
	"jupyter.configuration.jupyter.textOutputLimit.description": "Ogranicz ilość tekstu w tekstowych danych wyjściowych komórki interakcyjnej do tej wartości. Wartość 0, aby zezwolić na dowolną liczbę znaków.",
	"jupyter.configuration.jupyter.colorizeInputBox.deprecationMessage": "To ustawienie jest przestarzałe i zostanie usunięte w nadchodzącym wydaniu.",
	"jupyter.configuration.jupyter.colorizeInputBox.description": "Określa, czy jako tło pola danych wejściowych ma być używany kolor wglądu motywu.",
	"jupyter.configuration.jupyter.stopOnError.description": "Zatrzymaj uruchamianie komórek, jeśli komórka zgłosi wyjątek.",
	"jupyter.configuration.jupyter.addGotoCodeLenses.description": "Po uruchomieniu komórki dodaj obiektyw kodu „Goto” do komórki. Uwaga: wyłączenie wszystkich obiektywów kodu powoduje również wyłączenie tego obiektywu kodu.",
	"jupyter.configuration.jupyter.variableQueries.markdownDescription": "Język do mapowania zapytań na potrzeby zwracania listy aktywnych zmiennych w jądrze Jupyter. Używane przez Eksplorator zmiennych w oknie Interactive i notesach. Przykład:\r\n```\r\n[\r\n  {\r\n    \"language\": \"python\",\r\n    \"query\": \"%who_ls\",\r\n    \"parseExpr\": \"'(\\\\w+)'\"\r\n  }\r\n]\r\n```",
	"jupyter.configuration.jupyter.kernels.filter.items.markdownDescription": "W pełni kwalifikowana ścieżka do specyfikacji jądra lub środowiska Python. \r\nNp. „~/miniconda3/envs/sample/bin/python”.",
	"jupyter.configuration.jupyter.kernels.filter.markdownDescription": "Lista jąder platformy Jupyter i/lub środowisk języka Python, które mają zostać wykluczone z selektora jądra.",
	"jupyter.configuration.jupyter.interactiveWindowMode.description": "Zachowanie okna Interactive. Polecenie 'perFile' utworzy nowe okno Interactive dla każdego pliku uruchamianego w komórce. Polecenie 'single' zezwala na pojedyncze okno. Polecenie 'multiple' umożliwia tworzenie wielu okien.",
	"jupyter.configuration.jupyter.interactiveWindowViewColumn.description": "Gdzie otworzyć okno interaktywne, które nie jest skojarzone z plikiem języka Python. Polecenie 'beside' otworzy interaktywne okno po prawej stronie aktywnego edytora. Polecenie 'active' otworzy okno interaktywne zamiast aktywnego edytora. Polecenie 'secondGroup' otworzy okno interaktywne w drugiej grupie edytorów.",
	"jupyter.configuration.jupyter.magicCommandsAsComments.description": "Usuń komentarz z przypisań powłoki (#!), magii linii (#!%) i magii komórek (#!%%) podczas analizowania komórek kodu.",
	"jupyter.configuration.jupyter.pythonExportMethod.description": "Metoda używana podczas eksportowania notesu do pliku języka Python. Polecenie 'direct' skopiuje kod bezpośrednio w takiej postaci, w jakiej jest. Polecenie 'commentMagics' będzie komentować wiersze zaczynające się od magii wierszy (%), magii komórek (%%), a także poleceń powłoki(!). Polecenie 'nbconvert' zainstaluje program nbconvert i użyje jej do konwersji, która może przetłumaczyć składnię iPython na składnię języka Python.",
	"jupyter.configuration.jupyter.runStartupCommands.description": "Seria instrukcji języka Python lub magicznych poleceń iPython. Może to być tablica ciągów lub pojedynczy ciąg z poleceniami oddzielonymi znakiem „\\n”. Polecenia będą wykonywane w trybie dyskretnym za każdym razem, gdy zostanie załadowane okno Interactive. Na przykład ustaw tę opcję na „%load_ext autoreload\\n%autoreload 2”, aby automatycznie ponownie załadować zmiany wprowadzone w zaimportowanych plikach bez konieczności ponownego uruchamiania sesji interakcyjnej.",
	"jupyter.configuration.jupyter.debugJustMyCode.description": "Podczas debugowania debuguj tylko mój kod.",
	"jupyter.configuration.jupyter.showOutlineButtonInNotebookToolbar.description": "Pokaż przycisk Konspekt na pasku narzędzi notesu Jupyter.",
	"jupyter.configuration.jupyter.newCellOnRunLast.description": "Dołącz nową pustą komórkę do pliku okna Interactive podczas uruchamiania aktualnie ostatniej komórki.",
	"jupyter.configuration.jupyter.pylanceHandlesNotebooks.description": "Określa, czy serwer Pylance zarządza tworzeniem dokumentów concat notesu.",
	"jupyter.configuration.jupyter.pythonCompletionTriggerCharacters.description": "Znaki wyzwalające automatyczne uzupełnianie w jądrze Jupyter języka Python.",
	"jupyter.configuration.jupyter.logKernelOutputSeparately.description": "Tworzy osobne panele danych wyjściowych dla danych wyjściowych jąder/konsoli serwera Jupyter",
	"jupyter.configuration.jupyter.excludeUserSitePackages.description": "Dodaj PYTHONNOUSERSITE do jąder przed uruchomieniem. Zapobiega to używaniu pakietów witryn globalnych/użytkowników w PYTHONPATH jądra.",
	"jupyter.configuration.jupyter.enableExtendedKernelCompletions.markdownDescription": "Włącza obsługę Jedi dla rozszerzonych uzupełnień funkcji IntelliSense w uruchomionych jądrach Jupyter (zobacz to [setting](https://ipython.readthedocs.io/en/stable/config/options/terminal.html?highlight=use_jedi#configtrait-Completer.use_jedi)). Może to znacznie wpłynąć na wydajność wykonywania komórek notesu. Używaj ostrożnie.",
	"jupyter.configuration.jupyter.showOnlyOneTypeOfKernel.markdownDescription": "W selektorze jądra pokaż tylko jeden typ jądra. Zapobiega to jednoczesnemu pokazywaniu jąder lokalnych i jąder zdalnych w selektorze jądra. Ma to pierwszeństwo przed elementem kernelPickerType, jeśli to określono.",
	"jupyter.configuration.jupyter.experimental.kernelPickerType.description": "Wybierz typ selektora jądra do użycia.",
	"jupyter.configuration.jupyter.experimental.kernelPickerType.items.enumDescriptions.stable": "Bieżący selektor jądra wysyłki.",
	"jupyter.configuration.jupyter.experimental.kernelPickerType.items.enumDescriptions.onlyonetypeofkernel": "To powoduje, że selektor będzie pokazywać tylko jądra zdalne lub lokalne, a nie oba typy. Ponadto udostępnia opcje do przełączania między lokalnymi i zdalnymi jądrami w selektorze.",
	"jupyter.configuration.jupyter.experimental.kernelPickerType.items.enumDescriptions.insiders": "Niejawni testerzy to najnowsza wersja eksperymentalna w fazie tworzenia.",
	"Pylance.proposePylanceMessage": "Wypróbuj nowy, szybszy i rozbudowany funkcjonalnie serwer językowy dla języka Python firmy Microsoft, Pylance! Zainstaluj rozszerzenie teraz.",
	"Pylance.tryItNow": "Wypróbuj to teraz",
	"Pylance.remindMeLater": "Przypomnij mi później",
	"Pylance.installPylanceMessage": "Rozszerzenie Pylance nie jest zainstalowane. Kliknij przycisk Tak, aby otworzyć stronę instalacji programu Pylance.",
	"Pylance.pylanceNotInstalledMessage": "Rozszerzenie Pylance nie jest zainstalowane.",
	"Pylance.pylanceInstalledReloadPromptMessage": "Rozszerzenie Pylance jest teraz zainstalowane. Czy załadować ponownie okno, aby aktywować?",
	"DataScience.unknownMimeTypeFormat": "Typ MIME {0} nie jest obecnie obsługiwany.",
	"DataScience.historyTitle": "Interakcyjny",
	"DataScience.dataExplorerTitle": "Przeglądarka danych",
	"DataScience.badWebPanelFormatString": "<html><body><h1>{0} nie jest prawidłową nazwą pliku</h1></body></html>",
	"DataScience.sessionDisposed": "Nie można wykonać kodu, a sesja została usunięta.",
	"DataScience.rawKernelProcessNotStarted": "Nie można uruchomić pierwotnego procesu jądra kernel.",
	"DataScience.rawKernelProcessExitBeforeConnect": "Proces pierwotnego jądra kernel zakończył się przed nawiązaniem połączenia.",
	"DataScience.passwordFailure": "Nie można nawiązać połączenia z serwerem chronionym hasłem. Sprawdź, czy hasło jest poprawne.",
	"DataScience.exportDialogTitle": "Eksportowanie do aplikacji Jupyter Notebook",
	"DataScience.exportDialogFilter": "Jupyter Notebooks",
	"DataScience.exportDialogComplete": "Notes Notebook zapisany w {0}",
	"DataScience.exportDialogFailed": "Nie można wyeksportować notesu. {0}",
	"DataScience.exportOpenQuestion1": "Otwórz w edytorze",
	"DataScience.notebookExport": "Eksportuj",
	"DataScience.exportAsNotebook.shorttitle": "Zapisz",
	"DataScience.exportAs": "Eksportuj jako",
	"DataScience.notebookExportAs": "Eksportuj jako",
	"DataScience.notebookExportAs.shorttitle": "Eksportuj",
	"DataScience.exportAsQuickPickPlaceholder": "Eksportuj jako...",
	"DataScience.exportPythonQuickPickLabel": "Skrypt w języku Python",
	"DataScience.collapseInputTooltip": "Zwiń blok wejściowy",
	"DataScience.collapseVariableExplorerTooltip": "Ukryj zmienne aktywne w Jupyter kernel",
	"DataScience.collapseVariableExplorerLabel": "Zmienne",
	"DataScience.expandVariableExplorerTooltip": "Show variables active in Jupyter kernel",
	"DataScience.close": "Zamknij",
	"DataScience.interactiveCopyCell": "Kopiuj komórkę",
	"DataScience.runInDedicatedExtensionHost": "Uruchom na dedykowanym hoście rozszerzeń",
	"DataScience.variableLoadingValue": "Trwa ładowanie...",
	"DataScience.importDialogTitle": "Importowanie z aplikacji Jupyter Notebook",
	"DataScience.importDialogFilter": "Jupyter Notebooks",
	"DataScience.notebookCheckForImportYes": "Importuj",
	"DataScience.reloadRequired": "Ponownie załaduj okno, aby nowe ustawienia zostały zastosowane.",
	"DataScience.notebookCheckForImportNo": "Później",
	"DataScience.notebookCheckForImportDontAskAgain": "Nie pytaj ponownie",
	"DataScience.notebookCheckForImportTitle": "Czy chcesz zaimportować notes Jupyter Notebook do kodu języka Python?",
	"DataScience.jupyterNotSupported": "Nie można uruchomić programu Jupyter. Błąd podczas próby zlokalizowania programu Jupyter: {0}",
	"DataScience.jupyterNotSupportedBecauseOfEnvironment": "Aktywowanie {0} w celu uruchomienia programu Jupyter nie powiodło się z powodu {1}",
	"DataScience.jupyterNbConvertNotSupported": "Importowanie notesów wymaga zainstalowania modułu nbconvert programu Jupyter.",
	"DataScience.removeRemoteJupyterConnectionButtonText": "Zapomnij połączenie",
	"DataScience.changeRemoteJupyterConnectionButtonText": "Zarządzanie połączeniami",
	"DataScience.jupyterLaunchNoURL": "Nie można odnaleźć adresu URL uruchomionego serwera notesów Jupyter",
	"DataScience.jupyterLaunchTimedOut": "Nie można uruchomić serwera notesu Jupyter na czas",
	"DataScience.jupyterSelfCertFail": "Certyfikat zabezpieczeń używany przez serwer {0} nie został wystawiony przez zaufany urząd certyfikacji.\r\n Może to wskazywać na próbę kradzieży informacji.\r\nCzy chcesz włączyć ustawienie Zezwalaj na nieautoryzowane połączenie zdalne dla tego obszaru roboczego, aby umożliwić Ci nawiązanie połączenia?",
	"DataScience.jupyterExpiredCertFail": "Certyfikat zabezpieczeń używany przez serwer {0} wygasł.\r\nMoże to oznaczać próbę kradzieży informacji.\r\nCzy chcesz włączyć ustawienie Zezwalaj na nieautoryzowane połączenie zdalne dla tego obszaru roboczego, aby umożliwić połączenie?",
	"DataScience.jupyterSelfCertFailErrorMessageOnly": "Certyfikat zabezpieczeń używany przez serwer nie został wystawiony przez zaufany urząd certyfikacji.\r\n Może to oznaczać próbę kradzieży informacji.",
	"DataScience.jupyterSelfCertExpiredErrorMessageOnly": "Certyfikat zabezpieczeń używany przez serwer wygasł.\r\nTo może wskazywać na próbę kradzieży informacji.",
	"DataScience.jupyterSelfCertEnable": "Tak, połącz mimo to",
	"DataScience.jupyterSelfCertClose": "Nie, zamknij połączenie",
	"DataScience.jupyterServerCrashed": "Serwer Jupyter uległ awarii. Nie można nawiązać połączenia. \r\nKod błędu z programu Jupyter: {0}",
	"DataScience.rawConnectionDisplayName": "Bezpośrednie połączenie jądra kernel",
	"DataScience.rawConnectionBrokenError": "Przerwano bezpośrednie połączenie jądra kernel",
	"DataScience.pythonInteractiveHelpLink": "Uzyskaj dodatkową pomoc",
	"DataScience.markdownHelpInstallingMissingDependencies": "Zobacz stronę [https://aka.ms/pyaiinstall](https://aka.ms/pyaiinstall), aby uzyskać pomoc dotyczącą instalowania programu Jupyter i powiązanych zależności.",
	"DataScience.importingFormat": "Importowanie {0}",
	"DataScience.startingJupyter": "Uruchamianie serwera Jupyter",
	"DataScience.connectingToJupyter": "Łączenie z serwerem Jupyter",
	"DataScience.connectingToKernel": "Łączenie z kernel: {0}",
	"DataScience.connectedToKernel": "Połączony.",
	"DataScience.connected": "Połączono",
	"DataScience.disconnected": "Rozłączono",
	"Experiments.inGroup": "Użytkownik należy do grupy eksperymentów „{0}”",
	"Logging.CurrentWorkingDirectory": "cwd:",
	"Logging.WarnUserAboutDebugLoggingSetting": "Włączono rejestrowanie debugowania dla rozszerzenia Jupyter, które będzie nadal zapisywać dzienniki na dysku. Czy chcesz wyłączyć rejestrowanie debugowania?",
	"Logging.YesTurnOffDebugLogging": "Tak, wyłącz rejestrowanie debugowania",
	"Logging.NoResponse": "Nie",
	"Logging.NoAndDontAskAgain": "Nie i nie pytaj ponownie",
	"GitHubIssue.Failure": "Wystąpił błąd podczas przesyłania problemu z GitHub Issue. Czy nadal chcesz zgłosić problem?",
	"GitHubIssue.copyToClipboardAndOpenIssue": "Tak, skopiuj zawartość do schowka i otwórz problem",
	"GitHubIssue.pleaseFillThisOut": "Wypełnij tę sekcję i usuń ten komentarz przed przesłaniem problemu!",
	"GitHubIssue.missingFields": "Podaj szczegóły napotkanego problemu przed kliknięciem przycisku Prześlij problem GitHub Issue.",
	"GitHubIssue.askForIssueTitle": "Podaj opisowy tytuł podsumowujący problem.",
	"GitHubIssue.titlePlaceholder": "Np.: nie można uruchomić lokalnej sesji jądra kernel",
	"DataScience.allowExtensionToUseJupyterKernelApi": "Czy chcesz nadać rozszerzeniu „{0}” dostęp do Jupyter Kernels? Kliknięcie pozycji „{1}” umożliwiłoby temu rozszerzeniu wykonywanie kodu względem Jupyter Kernels.",
	"DataScience.thanksForUsingJupyterKernelApiPleaseRegisterWithUs": "Dziękujemy za wypróbowanie interfejsu API programu Jupyter. Zgłoś problem w naszym repozytorium, aby użyć tego interfejsu API w środowisku produkcyjnym. Uniemożliwi to nam przerwanie rozszerzenia podczas aktualizowania interfejsu API (ponieważ nadal trwa nad nim praca).",
	"Common.bannerLabelYes": "Tak",
	"Common.bannerLabelNo": "Nie",
	"Common.doNotShowAgain": "Nie pokazuj ponownie",
	"Common.reload": "Załaduj ponownie",
	"Common.moreInfo": "Więcej informacji",
	"Common.and": "oraz",
	"Common.download": "Pobierz",
	"Common.ok": "Ok",
	"Common.install": "Instaluj",
	"Common.learnMore": "Dowiedz się więcej",
	"Common.reportThisIssue": "Zgłoś ten problem",
	"CommonSurvey.remindMeLaterLabel": "Przypomnij mi później",
	"CommonSurvey.yesLabel": "Tak, weź udział w ankiecie teraz",
	"CommonSurvey.noLabel": "Nie, dziękuję",
	"Common.clickHereForMoreInfoWithHtml": "Kliknij <a href='{0}'>tutaj</a>, aby uzyskać więcej informacji.",
	"OutputChannelNames.languageServer": "Serwer języka Python",
	"OutputChannelNames.python": "Python",
	"OutputChannelNames.pythonTest": "Dziennik testu języka Python",
	"OutputChannelNames.jupyter": "Jupyter",
	"ExtensionSurveyBanner.bannerMessage": "Czy możesz poświęć 2 minuty na poinformowanie nas, jak w Twoim przypadku sprawdza się rozszerzenie aplikacji Jupyter?",
	"ExtensionSurveyBanner.bannerLabelYes": "Tak, weź udział w ankiecie teraz",
	"ExtensionSurveyBanner.bannerLabelNo": "Nie, dziękuję",
	"ExtensionSurveyBanner.maybeLater": "Może później",
	"DataScience.restartKernelMessage": "Czy chcesz ponownie uruchomić jądro kernel Jupyter? Wszystkie zmienne zostaną utracone.",
	"DataScience.restartKernelMessageYes": "Tak",
	"DataScience.restartingKernelFailed": "Niepowodzenie ponownego uruchomienia jądra Kernel. Serwer Jupyter jest zawieszony. Ponownie załaduj program VS Code.",
	"DataScience.interruptingKernelFailed": "Przerwanie działania jądra Kernel nie powiodło się. Serwer Jupyter jest zawieszony. Ponownie załaduj program VS Code.",
	"DataScienceSurveyBanner.bannerMessage": "Czy możesz poświęć 2 minuty na poinformowanie nas, jak w Twoim przypadku sprawdzają się funkcje nauki o danych?",
	"DataScienceSurveyBanner.bannerLabelYes": "Tak, weź udział w ankiecie teraz",
	"DataScienceSurveyBanner.bannerLabelNo": "Nie, dziękuję",
	"InteractiveShiftEnterBanner.bannerMessage": "Czy chcesz uruchomić kod w oknie „Interakcyjny” (konsoli IPython) dla elementu „shift-enter”? Wybierz pozycję „Nie”, aby kontynuować uruchamianie kodu w terminalu języka Python. Można to zmienić później w ustawieniach.",
	"DataScience.automaticallyReconnectingToAKernelProgressMessage": "Ponowne łączenie z jądrem {0}",
	"DataScience.restartingKernelStatus": "Ponowne uruchamianie jądra Kernel {0}",
	"DataScience.executingCode": "Wykonywanie komórki",
	"DataScience.collapseAll": "Zwiń wszystkie dane wejściowe komórki",
	"DataScience.expandAll": "Rozwiń wszystkie dane wejściowe komórki",
	"DataScience.export": "Eksportuj jako notesu aplikacji Jupyter Notebook",
	"DataScience.restartServer": "Ponownie uruchom jądro kernel programu Jupyter",
	"DataScience.undo": "Cofnij",
	"DataScience.redo": "Wykonaj ponownie",
	"DataScience.clearAll": "Usuń wszystkie komórki",
	"DataScience.restartedKernelHeader": "Ponownie uruchomiono jądro kernel „{0}”.",
	"DataScience.restartingKernelCustomHeader": "_Ponowne uruchamianie {0}..._",
	"DataScience.restartingKernelHeader": "_Ponowne uruchamianie jądra kernel..._",
	"DataScience.startedNewKernelHeader": "Uruchomiono jądro kernel „{0}”",
	"DataScience.connectKernelHeader": "Połączono z kernel „{0}”",
	"DataScience.executingCodeFailure": "Wykonywanie kodu nie powiodło się: {0}",
	"DataScience.inputWatermark": "Wpisz tutaj kod i naciśnij klawisze Shift + Enter, aby uruchomić",
	"DataScience.gotoCodeButtonTooltip": "Przejdź do kodu",
	"DataScience.copyBackToSourceButtonTooltip": "Wklej kod do pliku",
	"DataScience.copyToClipboardButtonTooltip": "Kopiuj źródło do schowka",
	"DataScience.plotOpen": "Rozwiń obraz",
	"DataScience.libraryNotInstalled": "Biblioteka nauki o danych {0} nie jest zainstalowana. Zainstalować?",
	"DataScience.libraryNotInstalledCorrectlyOrOutdated": "Biblioteka nauki o danych {0} nie jest poprawnie zainstalowana lub jest nieaktualna. Czy ponownie zainstalować?",
	"DataScience.libraryRequiredToLaunchJupyterNotInstalled": "Uruchomione komórki wymagają pakietu {0}.",
	"DataScience.librariesRequiredToLaunchJupyterNotInstalled": "Uruchomione komórki wymagają pakietu {0}.",
	"DataScience.libraryRequiredToLaunchJupyterNotInstalledInterpreter": "Uruchamianie komórek za pomocą elementu „{0}” wymaga pakietu {1}.",
	"DataScience.librariesRequiredToLaunchJupyterNotInstalledInterpreter": "Uruchamianie komórek za pomocą elementu „{0}” wymaga pakietu {1}.",
	"DataScience.jupyterInstall": "Instaluj",
	"DataScience.jupyterSelectURIPrompt": "Wprowadź identyfikator URI uruchomionego serwera Jupyter",
	"DataScience.jupyterSelectURIInvalidURI": "Określono nieprawidłowy identyfikator URI",
	"DataScience.jupyterSelectUserAndPasswordTitle": "Wprowadź swoją nazwę i hasło użytkownika, aby nawiązać połączenie z centrum Jupyter",
	"DataScience.jupyterSelectUserPrompt": "Wprowadź nazwę użytkownika",
	"DataScience.jupyterSelectPasswordPrompt": "Wprowadź hasło",
	"DataScience.jupyterRenameServer": "Change Server Display Name",
	"DataScience.removeRemoteJupyterServerEntryInQuickPick": "Usuń",
	"DataScience.jupyterNotebookFailure": "Nie można uruchomić notesu Jupyter. \r\n{0}",
	"DataScience.remoteJupyterServerProvidedBy3rdPartyExtensionNoLongerValid": "Zdalny serwer Jupyter wspierany przez rozszerzenie „{0}” nie jest już dostępny.",
	"DataScience.remoteJupyterConnectionFailedWithServer": "Nie można nawiązać połączenia ze zdalnym serwerem Jupyter „{0}”. Sprawdź, czy serwer jest uruchomiony i osiągalny.",
	"DataScience.remoteJupyterConnectionFailedWithServerWithError": "Nie można nawiązać połączenia ze zdalnym serwerem Jupyter „{0}”. Sprawdź, czy serwer jest uruchomiony i osiągalny. ({1}).",
	"DataScience.remoteJupyterConnectionFailedWithoutServerWithError": "Błąd połączenia. Sprawdź, czy serwer jest uruchomiony i osiągalny. ({0}).",
	"DataScience.remoteJupyterConnectionFailedWithoutServerWithErrorWeb": "Błąd połączenia. Sprawdź, czy serwer jest uruchomiony i osiągalny z poziomu przeglądarki. ({0}). Podczas nawiązywania połączenia z vscode.dev serwery Jupyter muszą być uruchomione z określonymi opcjami, aby nawiązać połączenie. Jeśli chcesz uzyskać więcej informacji, zobacz [tutaj](https://aka.ms/vscjremoteweb).",
	"DataScience.remoteJupyterConnectionFailedWebExtension": "Podczas nawiązywania połączenia z vscode.dev serwery Jupyter muszą być uruchomione z określonymi opcjami, aby nawiązać połączenie. Jeśli chcesz uzyskać więcej informacji, zobacz [tutaj](https://aka.ms/vscjremoteweb).",
	"DataScience.jupyterNotebookRemoteConnectFailedWeb": "Nie można nawiązać połączenia ze zdalnym serwerem Jupyter.\r\nSprawdź, czy można uzyskać dostęp do identyfikatora URI serwera Jupyter z przeglądarki.\r\n{0}. Kliknij [here](https://aka.ms/vscjremoteweb), aby uzyskać więcej informacji.",
	"DataScience.jupyterNotebookRemoteConnectSelfCertsFailed": "Nie można nawiązać połączenia ze zdalnym notesem Jupyter.\r\nOkreślony serwer używa certyfikatów z podpisem własnym. Włącz ustawienie Zezwalaj na nieautoryzowane połączenie zdalne, aby nawiązać połączenie mimo to\r\n{0}\r\n{1}",
	"DataScience.changeJupyterRemoteConnection": "Zmień połączenie z serwerem Jupyter Server.",
	"DataScience.notebookVersionFormat": "Wersja aplikacji Jupyter Notebook: {0}",
	"DataScience.jupyterKernelSpecNotFound": "Nie można utworzyć specyfikacji jądra kernel Jupyter i żadna z nich nie jest dostępna do użycia",
	"DataScience.jupyterKernelSpecModuleNotFound": "Moduł „Kernelspec” nie został zainstalowany w wybranym interpreterze ({0}).\r\n Ponownie zainstaluj „jupyter” lub zaktualizuj to.",
	"DataScience.jupyterGetVariablesBadResults": "Nie można pobrać informacji o zmiennej z serwera Jupyter.",
	"DataScience.liveShareConnectFailure": "Nie można nawiązać połączenia z sesją Jupyter hosta. Nie znaleziono identyfikatora URI.",
	"DataScience.liveShareCannotSpawnNotebooks": "Duplikowanie notesów Jupyter nie jest obsługiwane przez połączenie rozszerzenia Live Share",
	"DataScience.liveShareCannotImportNotebooks": "Importowanie notesów nie jest obecnie obsługiwane za pośrednictwem połączenia rozszerzenia Live Share",
	"DataScience.liveShareHostFormat": "{0} Serwer Jupyter",
	"DataScience.liveShareSyncFailure": "Niepowodzenie synchronizacji podczas uruchamiania rozszerzenia Live Share.",
	"DataScience.liveShareServiceFailure": "Nie można uruchomić usługi „{0}” podczas połączenia rozszerzenia Live Share.",
	"DataScience.documentMismatch": "Nie można uruchomić komórek. Znaleziono zduplikowane dokumenty dla {0}.",
	"DataScience.pythonInteractiveCreateFailed": "Nie można utworzyć okna „interaktywnego”. Spróbuj ponownie zainstalować rozszerzenie Jupyter.",
	"DataScience.interruptKernel": "Przerwij działanie jądra kernel Jupyter",
	"DataScience.clearAllOutput": "Wyczyść wszystkie dane wyjściowe",
	"DataScience.exportingFormat": "Eksportowanie pakietu {0}",
	"DataScience.exportCancel": "Anuluj",
	"Common.canceled": "Anulowane",
	"Common.cancel": "Anuluj",
	"Common.yesPlease": "Tak, proszę",
	"DataScience.interruptKernelStatus": "Przerywanie jądra Kernel programu Jupyter",
	"DataScience.restartKernelAfterInterruptMessage": "Przerwanie działania jądro kernel przekroczyło limit czasu. Czy chcesz zamiast tego ponownie uruchomić jądro kernel? Wszystkie zmienne zostaną utracone.",
	"DataScience.pythonInterruptFailedHeader": "Przerwanie działania klawiatury doprowadziło do awarii jądra kernel. Jądro Kernel zostało ponownie uruchomione.",
	"DataScience.sysInfoURILabel": "Identyfikator URI serwera Jupyter: ",
	"DataScience.jupyterStartTimedout": "Upłynął limit czasu uruchamiania programu Jupyter. Aby uzyskać więcej szczegółowych informacji, sprawdź panel danych wyjściowy „Jupyter”.",
	"DataScience.startingJupyterLogMessage": "Uruchamianie programu Jupyter z poziomu {0} za pomocą wiersza polecenia {1}",
	"DataScience.jupyterCommandLineDefaultLabel": "Domyślne (zalecane)",
	"DataScience.jupyterCommandLineDefaultDetail": "Rozszerzenie Jupyter określi odpowiedni wiersz polecenia dla programu Jupyter",
	"DataScience.jupyterCommandLineCustomLabel": "Niestandardowy",
	"DataScience.jupyterCommandLineCustomDetail": "Dostosowywanie wiersza polecenia przekazanego do programu Jupyter przy uruchamianiu",
	"DataScience.jupyterCommandLineReloadQuestion": "Ponownie załaduj okno podczas zmieniania wiersza polecenia Jupyter.",
	"DataScience.jupyterCommandLineReloadAnswer": "Ponownie załaduj",
	"DataScience.jupyterCommandLineQuickPickPlaceholder": "Wybierz opcję",
	"DataScience.jupyterCommandLineQuickPickTitle": "Wybierz wiersz polecenia dla programu Jupyter",
	"DataScience.jupyterCommandLinePrompt": "Wprowadź niestandardowy wiersz polecenia dla programu Jupyter",
	"Common.loadingExtension": "Trwa ładowanie rozszerzenia Jupyter...",
	"Common.openOutputPanel": "Pokaż dane wyjściowe",
	"DataScience.variableExplorerNameColumn": "Nazwa",
	"DataScience.variableExplorerTypeColumn": "Typ",
	"DataScience.variableExplorerCountColumn": "Rozmiar",
	"DataScience.variableExplorerValueColumn": "Wartość",
	"DataScience.showDataExplorerTooltip": "Pokaż migawkę zmiennej w przeglądarce danych",
	"DataScience.dataExplorerInvalidVariableFormat": "„{0}” nie jest zmienną aktywną.",
	"DataScience.jupyterGetVariablesExecutionError": "Błąd podczas wyodrębniania zmiennych: \r\n{0}",
	"DataScience.loadingMessage": "trwa ładowanie...",
	"DataScience.fetchingDataViewer": "Trwa pobieranie danych...",
	"DataScience.noRowsInDataViewer": "Brak wierszy pasujących do bieżącego filtru",
	"DataScience.jupyterServer": "Serwer Jupyter",
	"DataScience.noKernel": "Brak jądra Kernel",
	"DataScience.serverNotStarted": "Nieuruchomione",
	"DataScience.localJupyterServer": "lokalne",
	"DataScience.pandasTooOldForViewingFormat": "Pakiet „pandas” języka Python jest w wersji {0}. Do wyświetlania danych jest wymagana wersja {1} lub nowsza.",
	"DataScience.pandasRequiredForViewing": "Wersja {0} pakietu „pandas” języka Python (lub nowsza) jest wymagana do wyświetlania danych.",
	"DataScience.failedToGetVersionOfPandas": "Nie można pobrać wersji pakietu Pandas do korzystania z przeglądarki danych.",
	"DataScience.valuesColumn": "wartości",
	"DataScience.liveShareInvalid": "Co najmniej jeden gość w sesji nie ma zainstalowanego [extension](https://marketplace.visualstudio.com/itemdetails?itemName=ms-toolsai.jupyter) Jupyter.\r\nNie można kontynuować sesji rozszerzenia Live Share i zostanie ona zamknięta.",
	"Common.noIWillDoItLater": "Nie, zrobię to później",
	"Common.notNow": "Nie teraz",
	"Common.gotIt": "Rozumiem!",
	"DataScience.noRowsInVariableExplorer": "Nie zdefiniowano żadnych zmiennych",
	"DataScience.loadingRowsInVariableExplorer": "Ładowanie zmiennych",
	"DataScience.tooManyColumnsMessage": "Wyświetlanie zmiennych z ponad 1000 kolumn może zająć dużo czasu. Czy na pewno chcesz kontynuować?",
	"DataScience.tooManyColumnsYes": "Tak",
	"DataScience.tooManyColumnsNo": "Nie",
	"DataScience.tooManyColumnsDontAskAgain": "Nie pytaj ponownie",
	"DataScience.filterRowsTooltip": "Umożliwia filtrowanie wielu wierszy. Użyj znaków =, > lub < w celu filtrowania wartości liczbowych.",
	"DataScience.previewHeader": "--- Rozpocznij podgląd {0} ---",
	"DataScience.previewFooter": "--- Zakończ podgląd {0} ---",
	"DataScience.previewStatusMessage": "Generowanie podglądu {0}",
	"DataScience.plotViewerTitle": "Wykresy",
	"DataScience.exportPlotTitle": "Zapisz obraz wykresu",
	"DataScience.pdfFilter": "PDF",
	"DataScience.pngFilter": "PNG",
	"DataScience.svgFilter": "SVG",
	"DataScience.previousPlot": "Wstecz",
	"DataScience.nextPlot": "Dalej",
	"DataScience.panPlot": "Panorama",
	"DataScience.zoomInPlot": "Powiększ",
	"DataScience.zoomOutPlot": "Pomniejsz",
	"DataScience.exportPlot": "Eksportowanie do różnych formatów",
	"DataScience.deletePlot": "Usuń",
	"DataScience.collapseSingle": "Zwiń",
	"DataScience.expandSingle": "Rozwiń",
	"DataScience.editSection": "Wprowadź tutaj nowe komórki.",
	"DataScience.restartKernelMessageDontAskAgain": "Tak i nie pytaj ponownie",
	"DataScience.selectedImageListLabel": "Wybrany obraz",
	"DataScience.imageListLabel": "Obraz",
	"DataScience.exportImageFailed": "Błąd podczas eksportowania obrazu: {0}",
	"downloading.file": "Trwa pobieranie {0}...",
	"downloading.file.progress": "{0}{1}z{2} KB ({3}%)",
	"DataScience.jupyterDataRateExceeded": "Nie można wyświetlić zmiennej, ponieważ przekroczono szybkość transferu danych. Ponownie uruchom serwer z wyższym limitem szybkości transferu danych. Na przykład --NotebookApp.iopub_data_rate_limit=10000000000.0",
	"DataScience.addCellBelowCommandTitle": "Dodaj komórkę",
	"DataScience.debugCellCommandTitle": "Komórka debugowania",
	"DataScience.debugStepOverCommandTitle": "Przekrocz",
	"DataScience.debugContinueCommandTitle": "Kontynuuj",
	"DataScience.debugStopCommandTitle": "Zatrzymaj",
	"DataScience.runCurrentCellAndAddBelow": "Uruchom bieżącą komórkę i dodaj pustą komórkę poniżej",
	"DataScience.jupyterDebuggerNotInstalledError": "Moduł pip {0} jest wymagany do debugowania komórek. Konieczne będzie zainstalowanie go w celu debugowania komórek.",
	"DataScience.jupyterDebuggerOutputParseError": "Nie można przeanalizować danych wyjściowych {0}. Zarejestruj problem na stronie https://github.com/microsoft/vscode-jupyter",
	"DataScience.jupyterDebuggerPortNotAvailableError": "Nie można otworzyć portu {0} na potrzeby debugowania. Określ inny port w ustawieniu remoteDebuggerPort.",
	"DataScience.jupyterDebuggerPortBlockedError": "Nie można nawiązać połączenia z portem {0} na potrzeby debugowania. Otwórz port {0} w zaporze.",
	"DataScience.jupyterDebuggerPortNotAvailableSearchError": "Nie można odnaleźć portów w zakresie {0}-{1} na potrzeby debugowania. Określ port w ustawieniu remoteDebuggerPort.",
	"DataScience.jupyterDebuggerPortBlockedSearchError": "Nie można nawiązać połączenia z portem na potrzeby debugowania. Otwórz porty {0}-{1} w zaporze.",
	"DataScience.jupyterDebuggerInstallNew": "Moduł pip {0} jest wymagany do debugowania komórek. Zainstalować {0} i kontynuować debugowanie komórki?",
	"DataScience.jupyterDebuggerInstallNewRunByLine": "Moduł pip {0} jest wymagany do uruchamiania według wiersza. Zainstalować {0} i kontynuować uruchamianie według wiersza?",
	"DataScience.jupyterDebuggerInstallUpdate": "Zainstalowana wersja {0} nie obsługuje debugowania komórek. Zaktualizować {0} do najnowszej wersji i kontynuować debugowanie komórki?",
	"DataScience.jupyterDebuggerInstallUpdateRunByLine": "Zainstalowana wersja {0} nie obsługuje uruchamiania wiersz po wierszu. Zaktualizować {0} do najnowszej wersji i kontynuować uruchamianie według wiersza?",
	"DataScience.jupyterDebuggerInstallYes": "Tak",
	"DataScience.jupyterDebuggerInstallNo": "Nie",
	"DataScience.cellStopOnErrorMessage": "Komórka została anulowana z powodu błędu w poprzedniej komórce.",
	"DataScience.instructionComments": "# Aby dodać nową komórkę, wpisz „{0}”\r\n# Aby dodać nową komórkę Markdown, wpisz „{0}[markdown]”\r\n",
	"DataScience.scrollToCellTitleFormatMessage": "Przejdź do [{0}]",
	"DataScience.save": "Zapisz notes",
	"DataScience.nativeEditorTitle": "Edytor aplikacji Notebook",
	"DataScience.untitledNotebookFileName": "Bez tytułu",
	"DataScience.dirtyNotebookMessage1": "Czy chcesz zapisać zmiany wprowadzone w elemencie {0}?",
	"DataScience.dirtyNotebookMessage2": "Twoje zmiany zostaną utracone, jeśli ich nie zapiszesz.",
	"DataScience.dirtyNotebookYes": "Zapisz",
	"DataScience.dirtyNotebookNo": "Nie zapisuj",
	"DataScience.dirtyNotebookCancel": "Anuluj",
	"DataScience.dirtyNotebookDialogTitle": "Zapisz",
	"DataScience.dirtyNotebookDialogFilter": "Jupyter Notebooks",
	"DataScience.exportAsPythonFileTooltip": "Konwertuj i zapisuj do skryptu języka Python",
	"DataScience.exportAsPythonFileTitle": "Zapisz jako plik języka Python",
	"DataScience.exportButtonTitle": "Eksportuj",
	"DataScience.runCell": "Uruchom komórkę",
	"DataScience.deleteCell": "Usuń komórkę",
	"DataScience.moveCellUp": "Przenieś komórkę w górę",
	"DataScience.moveCellDown": "Przenieś komórkę w dół",
	"DataScience.moveSelectedCellUp": "Przenieś zaznaczoną komórkę w górę",
	"DataScience.insertBelow": "Wstaw komórkę poniżej",
	"DataScience.insertAbove": "Wstaw komórkę powyżej",
	"DataScience.addCell": "Dodaj komórkę",
	"DataScience.runAll": "Uruchom wszystkie komórki",
	"DataScience.toggleCellOutput": "Przełącz dane wyjściowe komórki",
	"DataScience.convertingToPythonFile": "Konwertowanie pliku ipynb na plik języka Python",
	"DataScience.untitledNotebookMessage": "Twoje zmiany zostaną utracone, jeśli ich nie zapiszesz.",
	"DataScience.untitledNotebookYes": "Zapisz",
	"DataScience.untitledNotebookNo": "Anuluj",
	"DataScience.noInterpreter": "Nie wybrano języka Python",
	"DataScience.notebookNotFound": "python -m jupyter notebook --version nie jest uruchomiony",
	"DataScience.savePngTitle": "Zapisz obraz",
	"DataScience.jupyterSelectURIQuickPickTitle": "Wprowadź identyfikator URI uruchomionego serwera Jupyter",
	"DataScience.jupyterSelectURIQuickPickTitleOld": "Wybierz sposób nawiązywania połączenia z programem Jupyter",
	"DataScience.jupyterSelectURIQuickPickPlaceholder": "Wybierz opcję",
	"DataScience.jupyterSelectURIQuickPickCurrent": "Bieżący: {0}",
	"DataScience.jupyterSelectURINoneLabel": "Brak",
	"DataScience.jupyterSelectURINoneDetail": "Nie łącz się z żadnym zdalnym serwerem Jupyter",
	"DataScience.jupyterSelectURINewLabel": "Istniejący",
	"DataScience.jupyterSelectURINewDetail": "Określ identyfikator URI istniejącego serwera",
	"DataScience.jupyterSelectURIMRUDetail": "Ostatnie połączenie: {0}",
	"DataScience.jupyterSelectURIRunningDetailFormat": "Ostatnie połączenie {0}. Liczba istniejących połączeń: {1}.",
	"DataScience.jupyterSelectURINotRunningDetail": "W tej chwili nie można nawiązać połączenia. Nieznany stan.",
	"DataScience.fallbackToUseActiveInterpreterAsKernel": "Nie można odnaleźć jądra kernel „{0}”, za pomocą którego utworzono notes. Używanie bieżącego interpretera.",
	"DataScience.fallBackToRegisterAndUseActiveInterpreterAsKernel": "Nie można odnaleźć jądra kernel „{0}”, za pomocą którego utworzono notes. Rejestrowanie nowego jądra kernel przy użyciu bieżącego interpretera.",
	"DataScience.fallBackToPromptToUseActiveInterpreterOrSelectAKernel": "Nie można odnaleźć jądra kernel „{0}”, za pomocą którego utworzono notes.",
	"DataScience.selectKernel": "Zmień jądro Kernel",
	"DataScience.selectDifferentKernel": "Wybierz inne jądro Kernel",
	"DataScience.selectDifferentJupyterInterpreter": "Zmień interpretera",
	"DataScience.selectJupyterInterpreter": "Wybierz interpreter, aby uruchomić program Jupyter",
	"DataScience.switchingKernelProgress": "Switching kernel to '{0}'",
	"DataScience.sessionStartFailedWithKernel": "Nie można uruchomić jądra Kernel „{0}”. \r\nWyświetl [log](command:jupyter.viewOutput) Jupyter, aby uzyskać więcej szczegółów.",
	"DataScience.failedToStartKernel": "Nie można uruchomić jądra Kernel.",
	"DataScience.failedToRestartKernel": "Nie można ponownie uruchomić jądra Kernel.",
	"DataScience.failedToInterruptKernel": "Nie można przerwać działania jądra Kernel.",
	"DataScience.kernelDied": "Jądro kernel przestało działać. Aby uzyskać dalsze szczegóły, wyświetl [log](command:jupyter.viewOutput) Jupyter. \r\nBłąd: {0}...",
	"DataScience.kernelDiedWithoutError": "Jądro kernel „{0}” przestało działać. Kliknij [here](https://aka.ms/vscodeJupyterKernelCrash), aby uzyskać więcej informacji. W celu uzyskania dalszych szczegółów, wyświetl [log](command:jupyter.viewOutput) Jupyter.",
	"DataScience.kernelDiedWithoutErrorAndAutoRestarting": "Jądro kernel „{0}” przestało działać i jest ponownie uruchamiane automatycznie przez program Jupyter. Kliknij [here](https://aka.ms/vscodeJupyterKernelCrash), aby uzyskać więcej informacji. W celu uzyskania dalszych szczegółów, wyświetl [log](command:jupyter.viewOutput) Jupyter.",
	"DataScience.kernelDisconnected": "Nie można nawiązać połączenia z jądrem „{0}”. Sprawdź połączenie z serwerem Jupyter Server. Aby uzyskać szczegółowe informacje, zobacz [log](command:jupyter.viewOutput) serwera Jupyter.",
	"DataScience.kernelCrashedDueToCodeInCurrentOrPreviousCell": "Jądro Kernel uległo awarii podczas wykonywania kodu w bieżącej komórce lub w poprzedniej komórce. Przejrzyj kod w komórkach, aby zidentyfikować możliwą przyczynę awarii. Kliknij <a href='https://aka.ms/vscodeJupyterKernelCrash'>tutaj</a>, aby uzyskać więcej informacji. W celu uzyskania dalszych szczegółów, wyświetl [log](command:jupyter.viewOutput) Jupyter.",
	"DataScience.fileSeemsToBeInterferingWithKernelStartup": "Plik „{0}” prawdopodobnie przesłania wbudowane moduły i zakłóca uruchamianie jądra kernel. Rozważ zmianę nazwy pliku i ponowne uruchomienie jądra kernel.",
	"DataScience.DataScience.moduleSeemsToBeInterferingWithKernelStartup": "Moduł „{0}” prawdopodobnie przesłania wbudowane moduły i zakłóca uruchamianie jądra kernel. Rozważ zmianę nazwy folderu i ponowne uruchomienie jądra kernel.",
	"DataScience.failedToStartKernelDueToMissingModule": "Nie można uruchomić jądra kernel z powodu braku modułu „{0}”. Rozważ zainstalowanie tego modułu.",
	"DataScience.failedToStartKernelDueToImportFailure": "Nie można uruchomić jądra kernel, ponieważ nie można zaimportować modułu „{0}”.",
	"DataScience.failedToStartKernelDueToImportFromFileFailure": "Nie można uruchomić jądra kernel, ponieważ nie można zaimportować elementu „{0}” z pliku „{1}”.",
	"DataScience.failedToStartKernelDueToUnknownDllLoadFailure": "Nie można uruchomić jądra kernel, ponieważ nie można załadować biblioteki dll.",
	"DataScience.failedToStartKernelDueToDllLoadFailure": "Nie można uruchomić jąrda kernel, ponieważ nie można załadować biblioteki dll „{0}”.",
	"DataScience.failedToStartKernelDueToWin32APIFailure": "Nie można uruchomić jądra kernel z powodu błędu modułu Win32api. Rozważ (ponowne) zainstalowanie tego modułu.",
	"DataScience.failedToStartKernelDueToPyZmqFailure": "Nie można uruchomić jądra kernel z powodu błędu modułu „pyzmq”. Rozważ ponowne zainstalowanie tego modułu.",
	"DataScience.failedToStartKernelDueToOldIPython": "Nie można uruchomić jądra kernel z powodu nieaktualnej wersji protokołu IPython. Rozważ zaktualizowanie tego modułu do najnowszej wersji.",
	"DataScience.failedToStartKernelDueToOldIPyKernel": "Nie można uruchomić jądra kernel z powodu nieaktualnej wersji modułu IPyKernel. Rozważ zaktualizowanie tego modułu do najnowszej wersji.",
	"DataScience.failedToStartJupyter": "Nie można uruchomić programu Jupyter w środowisku „{0}”. \r\nWyświetl [log](command:jupyter.viewOutput) Jupyter, aby uzyskać dalsze informacje.",
	"DataScience.failedToStartJupyterWithErrorInfo": "Nie można uruchomić programu Jupyter w środowisku „{0}”. \r\n{1} \r\nWyświetl [log](command:jupyter.viewOutput) Jupyter, aby uzyskać więcej szczegółów.",
	"DataScience.failedToStartJupyterDueToOutdatedTraitlets": "Nie można uruchomić programu Jupyter w środowisku „{0}”, prawdopodobnie z powodu nieaktualnej wersji modułu „traitlets”. \r\n{1} \r\nRozważ zaktualizowanie modułu „traitlets” do wersji „5.1.1” lub nowszej. \r\nWyświetl [log](command:jupyter.viewOutput) Jupyter, aby uzyskać więcej szczegółów.",
	"DataScience.installPackageInstructions": "Uruchom następujące polecenie, aby zainstalować pakiet „{0}” w środowisku języka Python. \r\nPolecenie: „{1}”",
	"DataScience.cannotRunCellKernelIsDead": "Nie można uruchomić komórek, ponieważ kernel „{0}” jest nieaktywny.",
	"DataScience.waitingForJupyterSessionToBeIdle": "Oczekiwanie na bezczynność sesji programu Jupyter",
	"DataScience.gettingListOfKernelsForLocalConnection": "Pobieranie jąder Kernels",
	"DataScience.gettingListOfKernelsForRemoteConnection": "Pobieranie jąder Kernels",
	"DataScience.gettingListOfKernelSpecs": "Pobieranie specyfikacji jądra Kernel",
	"DataScience.startingJupyterNotebook": "Uruchamianie notesu Jupyter Notebook",
	"DataScience.registeringKernel": "Rejestrowanie jądra Kernel",
	"DataScience.trimmedOutput": "Dane wyjściowe zostały przycięte ze względu na wydajność.\r\nAby wyświetlić pełne dane wyjściowe, ustaw „jupyter.textOutputLimit” na wartość 0.",
	"DataScience.connectingToJupyterUri": "Nawiązywanie połączenia z serwerem Jupyter na {0}",
	"DataScience.createdNewNotebook": "{0}: tworzenie nowego notesu ",
	"DataScience.createdNewKernel": "{0}: uruchomiono Kernel: {1}",
	"DataScience.kernelInvalid": "Jądro Kernel {0} nie nadaje się do użycia. Sprawdź kartę danych wyjściowych Jupyter, aby uzyskać więcej informacji.",
	"DataScience.nativeDependencyFail": "Nie można uruchomić serwera Jupyter, ponieważ system operacyjny nie jest obsługiwany. Wybierz już uruchomiony serwer, jeśli chcesz kontynuować. {0}",
	"DataScience.selectNewServer": "Wybierz uruchomiony serwer",
	"DataScience.jupyterSelectURIRemoteLabel": "Istniejący",
	"DataScience.jupyterSelectURIQuickPickTitleRemoteOnly": "Wybierz już uruchomiony serwer Jupyter",
	"DataScience.jupyterSelectURIRemoteDetail": "Określ identyfikator URI istniejącego serwera",
	"DataScience.latestExtension": "Pobierz najnowszą wersję rozszerzenia programu Jupyter",
	"DataScience.loadClassFailedWithNoInternet": "Błąd podczas ładowania {0}:{1}. Do załadowania widżetów innych firm wymagane jest połączenie internetowe.",
	"DataScience.useCDNForWidgets": "Widżety wymagają od nas pobrania plików pomocniczych z witryny internetowej innej firmy. Kliknij [here](https://aka.ms/PVSCIPyWidgets), aby uzyskać więcej informacji.",
	"DataScience.useCDNForWidgetsNoInformation": "Widżety wymagają od nas pobrania plików pomocniczych z witryny internetowej innej firmy.",
	"DataScience.enableCDNForWidgetsSettingHtml": "Widżety wymagają od nas pobrania plików pomocniczych z witryny internetowej innej firmy. Kliknij <a href='https://command:jupyter.enableLoadingWidgetScriptsFromThirdPartySource'>tutaj</a>, aby to włączyć, lub kliknij <a href='https://aka.ms/PVSCIPyWidgets'>tutaj</a>, aby uzyskać więcej informacji. (Błąd podczas ładowania {0}:{1}).",
	"DataScience.enableCDNForWidgetsSetting": "Widżety wymagają od nas pobrania plików pomocniczych z witryny internetowej innej firmy. (Błąd podczas ładowania {0}:{1}).",
	"DataScience.enableCDNForWidgetsButton": "Włącz pobieranie",
	"DataScience.widgetScriptNotFoundOnCDNWidgetMightNotWork": "Nie można odnaleźć widżetu „{0}” w wersji „{1}” ze skonfigurowanych źródeł widżetów {2}. Może to wpływać na oczekiwane zachowanie. Kliknij [here](https://aka.ms/PVSCIPyWidgets), aby uzyskać więcej informacji.",
	"DataScience.cdnWidgetScriptNotAccessibleWarningMessage": "Nie można pobrać widżetu „{0}” z witryny internetowej innej firmy {1} z powodu dostępu do sieci. Może to wpłynąć na oczekiwane zachowanie. Kliknij [here](https://aka.ms/PVSCIPyWidgets), aby uzyskać więcej informacji.",
	"DataScience.unhandledMessage": "Nieobsługiwany komunikat jądra kernel z widżetu: {0}: {1}",
	"DataScience.qgridWidgetScriptVersionCompatibilityWarning": "Nie można załadować zgodnej wersji widżetu „qgrid”. Rozważ zmianę wersji na niższą wersję 1.1.1.",
	"DataScience.kernelStarting": "_Trwa łączenie z jądrem kernel..._",
	"DataScience.kernelStartingCustom": "_Trwa łączenie z {0}..._",
	"DataScience.libraryRequiredToLaunchJupyterKernelNotInstalledInterpreter": "Uruchamianie komórek za pomocą elementu „{0}” wymaga pakietu {1}.",
	"DataScience.libraryRequiredToLaunchJupyterKernelNotInstalledInterpreterAndRequiresUpdate": "Uruchomienie komórek z elementem „{0}” wymaga zainstalowania pakietu {1} lub wymaga aktualizacji.",
	"DataScience.runByLine": "Przebieg według wiersza (F10)",
	"DataScience.stopRunByLine": "Zatrzymaj",
	"DataScience.couldNotInstallLibrary": "Nie można zainstalować pakietu {0}. Jeśli narzędzie pip nie jest dostępne, użyj wybranego menedżera pakietów, aby ręcznie zainstalować tę bibliotekę w środowisku języka Python.",
	"DataScience.rawKernelSessionFailed": "Nie można uruchomić sesji dla jądra kernel {0}. Wybierz inne jądro kernel, za pomocą którego nastąpi uruchomienie.",
	"DataScience.rawKernelStartFailedDueToTimeout": "Nie można uruchomić jądra Kernel „{0}” z powodu przekroczenia limitu czasu połączenia. \r\nWyświetl [log](command:jupyter.viewOutput) Jupyter, aby uzyskać więcej szczegółów.",
	"DataScience.rawKernelConnectingSession": "Łączenie z jądrem kernel {0}",
	"DataScience.reloadCustomEditor": "Ponownie załaduj program VS Code, aby użyć niestandardowego interfejsu API edytora",
	"DataScience.reloadVSCodeNotebookEditor": "Ponownie załaduj program VS Code, aby użyć edytora aplikacji Notebook",
	"DataScience.step": "Uruchom następny wiersz (F10)",
	"DataScience.usingPreviewNotebookWithOtherNotebookWarning": "Otwieranie tego samego pliku w edytorze podglądu aplikacji Notebook i stabilnym edytorze aplikacji Notebook nie jest zalecane. Może to spowodować utratę danych lub uszkodzenie notesów.",
	"DataScience.unknownServerUri": "Nie można użyć identyfikatora URI serwera. Czy odinstalowano rozszerzenie, które zapewniało połączenie z serwerem Jupyter?",
	"DataScienceRendererExtension.installingExtension": "Trwa instalowanie rozszerzenia Moduły renderowania aplikacji Notebook...",
	"DataScienceRendererExtension.installationCompleteMessage": "zakończone.",
	"DataScienceRendererExtension.startingDownloadOutputMessage": "Rozpoczynanie pobierania rozszerzenia Modułów renderowania aplikacji Notebook.",
	"DataScienceRendererExtension.downloadingMessage": "Trwa pobieranie rozszerzenia Moduły renderowania aplikacji Notebook...",
	"DataScienceRendererExtension.downloadCompletedOutputMessage": "Zakończono pobieranie rozszerzenia Moduły renderowania aplikacji Notebook.",
	"DataScience.uriProviderDescriptionFormat": "{0} (z rozszerzenia {1})",
	"DataScience.unknownPackage": "nieznane",
	"DataScience.interactiveWindowTitle": "Interakcyjny",
	"DataScience.interactiveWindowTitleFormat": "Interakcyjny – {0}",
	"DataScience.interactiveWindowModeBannerTitle": "Czy chcesz otworzyć nowe okno interakcyjne dla tego pliku? [More Information](command:workbench.action.openSettings?%5B%22jupyter.interactiveWindowMode%22%5D).",
	"DataScience.interactiveWindowModeBannerSwitchYes": "Tak",
	"DataScience.interactiveWindowModeBannerSwitchAlways": "Zawsze",
	"DataScience.interactiveWindowModeBannerSwitchNo": "Nie",
	"DataScience.noKernelsSpecifyRemote": "Brak dostępnego jądra kernel na potrzeby wykonywania komórek. [specify a Jupyter server for connections](command:jupyter.selectjupyteruri)",
	"DataScience.ipykernelNotInstalled": "Nie zainstalowano jądra IPyKernel w interpreterze {0}",
	"DataScience.ipykernelNotInstalledBecauseCanceled": "Jądro IPyKernel nie jest zainstalowane w interpreterze. Instalacja została anulowana.",
	"DataScience.needIpykernel6": "Konfiguracja jądra Ipykernel jest wymagana dla tej funkcji",
	"DataScience.setup": "Konfiguruj",
	"DataScience.startingRunByLine": "Uruchamianie przebiegu według wiersza",
	"DataScience.illegalEditorConfig": "Nie można włączać jednocześnie eksperymentów customEditor i nativeNotebook",
	"DataScience.pythonExtensionRequired": "Rozszerzenie języka Python jest wymagane do wykonania tego zadania. Kliknij przycisk Tak, aby otworzyć stronę instalacji rozszerzenia języka Python.",
	"DataScience.pythonExtensionRequiredToRunNotebook": "Rozszerzenie języka Python wymagane do uruchamiania notesów języka Python.",
	"DataScience.installingPythonExtension": "Instalowanie rozszerzenia języka Python i lokalizowanie jąder.",
	"DataScience.pythonExtensionInstalled": "Rozszerzenie języka Python jest teraz zainstalowane. Niektóre funkcje mogą być niedostępne do czasu ponownego uruchomienia notesu lub sesji okna interaktywnego.",
	"DataScience.showDataViewerFail": "Nie można utworzyć Przeglądarki danych. Aby uzyskać więcej informacji, sprawdź kartę Jupyter w oknie Dane wyjściowe.",
	"DataScience.notebookCreationPickerPlaceHolder": "Wybierz opcję tworzenia pustego notesu",
	"DataScience.refreshDataViewer": "Odśwież przeglądarkę danych",
	"DataScience.refreshDataViewerCommandPalette": "Odśwież przeglądarkę danych",
	"DataScience.sliceDropdownAxisLabel": "Osie",
	"DataScience.sliceDropdownIndexLabel": "Indeks",
	"DataScience.sliceSubmitButton": "Zastosuj",
	"DataScience.sliceSummaryTitle": "WYCINANIE",
	"DataScience.dataViewerShowFilters": "Pokaż filtry",
	"DataScience.dataViewerHideFilters": "Ukryj filtry",
	"DataScience.sliceData": "Dane wycinka",
	"DataScience.sliceIndexError": "Indeks {0} poza zakresem dla osi {1} z elementami {2}",
	"DataScience.sliceMismatchedAxesError": "Oczekiwano osi {0}, otrzymano {1} w wyrażeniu wycinka",
	"DataScience.clearFilters": "Wyczyść wszystkie filtry",
	"DataScience.defaultNotebookName": "wartość domyślna",
	"DataScience.recommendExtensionForNotebook": "Rozszerzenie {0} jest zalecane w przypadku notesów przeznaczonych dla języka „{1}”.",
	"DataScience.interactiveClearAllCells": "Wyczyść wszystko",
	"DataScience.interactiveGoToCode": "Przejdź do kodu",
	"DataScience.kernelWasNotStarted": "Jądro Kernel przestało działać. Do uruchomienia debugowania jest wymagana sesja jądra kernel.",
	"DataScience.noNotebookToDebug": "Brak aktywnego dokumentu notesu do debugowania.",
	"DataScience.cantStartDebugging": "Nie można rozpocząć debugowania.",
	"DataScience.customEditorBanner": "Ten edytor jest przestarzały i usuniemy go po wersji 1.59 programu VS Code. [Dowiedz się więcej o naszym nowym edytorze Notebook](https://aka.ms/vscodeNotebookEditorBanner).",
	"DataScience.importingIpynb": "Importowanie pliku notesu.",
	"DataScience.exportingToFormat": "Eksportowanie do {0}",
	"DataScience.matplotlibWidgetInsteadOfOther": "Instrukcja „%matplotlib widget„ lub „%matplotlib inline” działa najlepiej w notesach programu VS Code.",
	"DataScience.matplotlibWidgetCodeActionTitle": "Więcej informacji",
	"DataScience.usingNonPrereleaseYes": "Tak",
	"DataScience.usingNonPrereleaseNo": "Nie",
	"DataScience.usingNonPrereleaseNoAndDontAskAgain": "Nie pytaj ponownie",
	"DataScience.usingNonPrerelease": "Wstępna wersja rozszerzenia programu Jupyter jest zalecana w przypadku uruchamiania w niejawnym programie testów programu VS Code. Czy chcesz się przełączyć?",
	"DataScience.cellAtFormat": "{0} Komórka {1}'",
	"DataScience.jupyterServerConsoleOutputChannel": "Konsola serwera Jupyter",
	"DataScience.kernelConsoleOutputChannel": "{0} Dane wyjściowe konsoli jądra Kernel",
	"Installer.noCondaOrPipInstaller": "W wybranym środowisku nie ma dostępnego instalatorów Conda ani Pip.",
	"Installer.noPipInstaller": "Brak dostępnego instalatora Pip w wybranym środowisku.",
	"Installer.searchForHelp": "Wyszukaj pomoc",
	"Installer.couldNotInstallLibrary": "Nie można zainstalować {0}. Jeśli narzędzie pip nie jest dostępne, użyj wybranego menedżera pakietów, aby ręcznie zainstalować tę bibliotekę w środowisku języka Python.",
	"Installer.dataScienceInstallPrompt": "Biblioteka nauki o danych {0} nie jest zainstalowana. Zainstalować?",
	"Products.installingModule": "Instalowanie {0}",
	"DataScience.webNotSupported": "Operacja nie jest obsługiwana w wersji internetowej rozszerzenia programu Jupyter.",
	"DataScience.outputSizeExceedLimit": "Dane wyjściowe przekraczają <a href={0}>limit rozmiaru</a>. Otwórz pełne dane wyjściowe <a href={1}>w edytorze tekstowym</a>",
	"DataScience.installPythonTitle": "Zainstaluj język Python",
	"DataScience.installPythonExtensionViaKernelPickerTitle": "Zainstaluj rozszerzenia języka Python",
	"DataScience.switchToLocalKernelsTitle": "Połącz z lokalnymi jądrami",
	"DataScience.switchToRemoteKernelsTitle": "Nawiązywanie połączenia z serwerem Jupyter Server",
	"DataScience.switchToAnotherRemoteKernelsTitle": "Połącz z innym serwerem Jupyter Server",
	"DataScience.failedToInstallPythonExtension": "Nie można zainstalować rozszerzenia języka Python.",
	"DataScience.kernelPrefixForRemote": "(Zdalnie)",
	"DataScience.pythonFileOverridesPythonPackage": "Ten plik może potencjalnie przesłonić istniejący pakiet języka Python i zakłócać wykonywanie jądra. Rozważ zmianę jego nazwy.",
	"DataScience.alwaysIgnoreWarningsAboutOverridingPythonPackages": "Zawsze ignoruj ostrzeżenia dotyczące zastępowania pakietów języka Python",
	"DataScience.ignoreWarningAboutOverridingPythonPackage": "Ignoruj ostrzeżenie dla elementu „{0}”",
	"DataScience.moreInfoAboutFileNamesOverridingPythonPackages": "Więcej informacji na temat zastępowania pakietów języka Python",
	"DataScience.reservedPythonFileNamesDiagnosticCollectionName": "Zastrzeżone nazwy plików języka Python",
	"DataScience.filesPossiblyOverridingPythonModulesMayHavePreventedKernelFromStarting": "Niektóre z następujących plików znalezionych w katalogu roboczym mogły uniemożliwić uruchomienie jądra. Rozważ zmianę ich nazwy.",
	"DataScience.listOfFilesWithLinksThatMightNeedToBeRenamed": "Pliki: może być konieczna zmiana nazwy {0}.",
	"jupyter.configuration.jupyter.diagnostics.reservedPythonNames.enabled.markdownDescription": "Określa, czy mają być wyświetlane ostrzeżenia dotyczące nazw plików języka Python, które mogą potencjalnie [zastąpić pakiety języka Python](https://aka.ms/JupyterKernelStartFailureOverrideReservedName).",
	"jupyter.configuration.jupyter.diagnostics.reservedPythonNames.exclude.markdownDescription": "Skonfiguruj [wzorce glob](https://code.visualstudio.com/docs/editor/codebasics#_advanced-search-options) do wykluczania plików i folderów przed ostrzeżeniem o [zastępowaniu pakietów języka Python](https://aka.ms/JupyterKernelStartFailureOverrideReservedName)."
}