{"products.installingModule":"Installieren {0}","capabilities.untrustedWorkspace.description":"Die Ausführung von Zellen in Interactive-Fenstern und Notebooks wird in nicht vertrauenswürdigen Arbeitsbereichen nicht unterstützt.","contributes.walkthroughs.jupyterWelcome.title":"Erste Schritte mit Jupyter Notebook-Instanzen","contributes.walkthroughs.jupyterWelcome.description":"Ihre ersten Schritte zum Einrichten eines Jupyter-Projekts mit allen leistungsstarken Tools und Features, die die Jupyter-Erweiterung zu bieten hat!","contributes.walkthroughs.jupyterWelcome.steps.ipynb.newUntitledIpynb.title":"Erstellen oder Öffnen eines Jupyter Notebooks","contributes.walkthroughs.jupyterWelcome.steps.ipynb.newUntitledIpynb.description":"Klicken Sie mit der rechten Maustaste im Datei-Explorer, und erstellen Sie eine neue Datei mit der Erweiterung \".ipynb\". Oder öffnen Sie die [Befehlspalette](command:workbench.action.showCommands), und führen Sie den Befehl aus. \r\n\"Erstellen: Neues Jupyter Notebook\".\r\n[Neues Jupyter Notebook erstellen](command:toSide:ipynb.newUntitledIpynb)\r\n Wenn Sie über ein vorhandenes Projekt verfügen, können Sie auch einen [Ordner öffnen](command:toSide:workbench.action.files.openFolder) und/oder ein Projekt aus GitHub klonen: [Git-Repository klonen](command:toSide:git.clone).","contributes.walkthroughs.jupyterWelcome.steps.ipynb.newUntitledIpynb.media.altText":"Ein neues Jupyter Notebook wird erstellt.","contributes.walkthroughs.jupyterWelcome.steps.jupyter.selectKernel.title":"Jupyter-Kernel auswählen","contributes.walkthroughs.jupyterWelcome.steps.jupyter.selectKernel.description":"Klicken Sie oben rechts im Notebook auf \"Kernel auswählen\", und wählen Sie die Umgebung aus, in der der Kernel ausgeführt werden soll. Wenn ein Notebook geöffnet ist und den Fokus hat, öffnen Sie die [Befehlspalette](command:workbench.action.showCommands), und führen Sie den Befehl aus: \r\n''Notebook: Notebook-Kernel auswählen'' \r\n[Befehlspalette zum Auswählen eines Jupyter-Kernels zu öffnen](command:workbench.action.showCommands)","contributes.walkthroughs.jupyterWelcome.steps.jupyter.selectKernel.media.altText":"Notebookkernel auswählen oder ändern","contributes.walkthroughs.jupyterWelcome.steps.jupyter.exploreAndDebug.title":"Untersuchen und Debuggen von Daten","contributes.walkthroughs.jupyterWelcome.steps.jupyter.exploreAndDebug.description":"📅 Sie können den [Daten-Viewer](https://code.visualstudio.com/docs/datascience/data-science-tutorial#_prepare-the-data) verwenden, um die Datenzeilen anzuzeigen, zu sortieren und zu filtern. Klicken Sie nach dem Laden Ihrer Daten oben rechts im Notebook auf \"Variablen\", und klicken Sie links in der Datentabelle auf das Symbol \"Daten-Viewer\". \r\n \r\n[Weitere Informationen zum Daten-Viewer](https://code.visualstudio.com/docs/datascience/data-science-tutorial#_prepare-the-data)\r\n \r\n📒 Debuggen Sie Ihr Notebook durch das [Zeilenweise ausführen](https://code.visualstudio.com/docs/datascience/jupyter-notebooks#_run-by-line)-Modus, um eine Zelle Zeilen für Zeile auszuführen. Klicken Sie in Ihrer Zelle auf das Symbol \"Ausführen nach Zeile\" (Wiedergabeschaltfläche mit Zeilen), oder drücken Sie F10. \r\n \r\n[Weitere Informationen zum Zeilenweisen ausführen](https://code.visualstudio.com/docs/datascience/jupyter-notebooks#_run-by-line)","contributes.walkthroughs.jupyterWelcome.steps.jupyter.exploreAndDebug.media.altText":"Daten-Viewer wird geöffnet","contributes.walkthroughs.jupyterWelcome.steps.jupyter.dataScienceLearnMore.title":"Erfahren Sie mehr!","contributes.walkthroughs.jupyterWelcome.steps.jupyter.dataScienceLearnMore.description":"🎨 Erkunden Sie alle Features, die die Jupyter-Erweiterung zu bieten hat, indem Sie in der [Befehlspalette](command:workbench.action.showCommands) nach \"Jupyter\" suchen. \r\n 📈 Erfahren Sie mehr über die ersten Schritte mit Data Science in [Python](command:workbench.action.openWalkthrough?%7B%22category%22%3A%22ms-python.python%23pythonDataScienceWelcome%22%2C%22step%22%3A%22ms-python.python%23python.createNewNotebook%22%7D), indem Sie die Python-Extension ([Python-Sucherweiterung](command:workbench.extensions.search?\"ms-python.python\")) installieren. \r\n 📃 Weitere Features finden Sie unter [Lernprogramme](https://code.visualstudio.com/docs/datascience/jupyter-notebooks).  \r\n[Weitere Informationen](https://aka.ms/AAdar6q)","contributes.walkthroughs.jupyterWelcome.steps.jupyter.dataScienceLearnMore.media.altText":"Ein Bild, das die Dokumentationsseite und Mailinglistenressourcen darstellt.","jupyter.command.dataScience.clearCache.title":"Cache löschen","jupyter.command.dataScience.clearUserProviderJupyterServerCache.title":"Löschen des Jupyter Server-Caches für Benutzer","jupyter.command.jupyter.replayPylanceLog.title":"Replay-Pylance-Protokoll","jupyter.command.jupyter.replayPylanceLogStep.title":"Schritt-Pylance-Protokoll","jupyter.command.jupyter.exportAsPythonScript.title":"In Python-Skript exportieren","jupyter.command.jupyter.exportToHTML.title":"Nach HTML exportieren","jupyter.command.jupyter.exportToPDF.title":"In PDF-Datei exportieren","jupyter.command.jupyter.debug.title":"Debuggen","jupyter.command.jupyter.filterKernels.title":"Kernel filtern","jupyter.command.jupyter.runByLine.title":"Nach Linie laufen","jupyter.command.jupyter.debugCell.title":"Zelle debuggen","jupyter.command.jupyter.runByLineNext.title":"Führen Sie die nächste Zeile aus","jupyter.command.jupyter.runByLineStop.title":"Ausführung fortsetzen","DataScience.checkingIfImportIsSupported":"Es wird überprüft, ob „importieren“ unterstützt wird","DataScience.validatingKernelDependencies":"Validating kernel dependencies","DataScience.installingMissingDependencies":"Fehlende Abhängigkeiten installieren","DataScience.exportNotebookToPython":"Notebook wird nach Python exportiert","DataScience.performingExport":"Export durchführen","DataScience.convertingToPDF":"Umwandeln nach PDF","DataScience.exportHTMLQuickPickLabel":"HTML","DataScience.exportPDFQuickPickLabel":"PDF","DataScience.openExportedFileMessage":"Möchten Sie die exportierte Datei öffnen?","DataScience.openExportFileYes":"Ja","DataScience.openExportFileNo":"Nein","DataScience.failedExportMessage":"Fehler beim Exportieren.","DataScience.validationErrorMessageForRemoteUrlProtocolNeedsToBeHttpOrHttps":"Muss http(s) sein","DataScience.exportFailedGeneralMessage":"Weitere Einzelheiten finden Sie im Bereich „Jupyter“ [Ausgabe](command:jupyter.viewOutput).","DataScience.exportToPDFDependencyMessage":"Wenn Sie xelatex (TeX) nicht installiert haben, müssen Sie dies tun, bevor Sie in PDF exportieren können. Weitere Anweisungen finden Sie unter https://nbconvert.readthedocs.io/en/latest/install.html#installing-tex. \r\nUm die Installation von Xelatex (TeX) zu vermeiden, sollten Sie versuchen, in HTML zu exportieren und die Funktion \"Als PDF drucken\" Ihres Browsers zu verwenden.","DataScience.insecureSessionMessage":"Eine Verbindung über HTTP ohne Token kann eine unsichere Verbindung sein. Möchten Sie sich mit einem möglicherweise unsicheren Server verbinden?","DataScience.insecureSessionDenied":"Verweigerte Verbindung zu unsicherem Server.","DataScience.pythonNotInstalled":"Python ist nicht installiert. \r\nBitte laden Sie Python herunter, und installieren Sie es, um Zellen in diesem Notebook auszuführen.","DataScience.installKernel":"Der Jupyter-Kernel „{0}“ konnte nicht gefunden werden und muss installiert werden, um Zellen in diesem Notebook auszuführen.","DataScience.customizeLayout":"Layout anpassen","DataScience.warnWhenSelectingKernelWithUnSupportedPythonVersion":"The version of Python associated with the selected kernel is no longer supported. Please consider selecting a different kernel.","DataScience.activatingPythonEnvironment":"Aktivieren der Python-Umgebung „{0}“","jupyter.kernel.percentPipCondaInstallInsteadOfBang":"Verwenden Sie '%{0} install' anstelle von '!{0} install'","jupyter.kernel.pipCondaInstallHoverWarning":"'!{0} install' könnte Pakete in der falschen Umgebung installieren. [Mehr Info]({1})","jupyter.kernel.replacePipCondaInstallCodeAction":"Ersetzen durch '%{0} install'","jupyter.kernel.filter.placeholder":"Wählen Sie die kernels aus, die im kernel-picker verfügbar sind.","jupyter.kernel.category.jupyterSession":"({0}) Jupyter-Sitzung","jupyter.kernel.category.jupyterKernel":"Jupyter-Kernel","jupyter.kernel.category.jupyterRemoteKernel":"({0}) Jupyter-Kernel","DataScience.kernelDefaultRemoteDisplayName":"Remote","jupyter.kernel.category.conda":"Conda Env","jupyter.kernel.category.poetry":"Poetry Env","jupyter.kernel.category.pipenv":"Pipenv Env","jupyter.kernel.category.pyenv":"PyEnv-Env","jupyter.kernel.category.global":"Globale Umgebung","jupyter.kernel.category.virtual":"Virtuelle Umgebung","jupyter.kernel.recommended":"Empfohlen","jupyter.kernel.createPythonEnvironment":"Python-Umgebung erstellen","jupyter.command.jupyter.viewLanguageServerOutput.title":"Ausgabe des Sprachservers anzeigen","jupyter.command.jupyter.selectAndRunTestMethod.title":"Testmethode ausführen ...","jupyter.command.jupyter.selectAndDebugTestMethod.title":"Debug-Testmethode ...","jupyter.command.jupyter.selectAndRunTestFile.title":"Testdatei ausführen ...","jupyter.command.jupyter.runCurrentTestFile.title":"Aktuelle Testdatei ausführen","jupyter.command.jupyter.runFailedTests.title":"Führen Sie fehlgeschlagene Tests aus","jupyter.command.jupyter.discoverTests.title":"Entdecken Sie Tests","jupyter.command.jupyter.discoveringTests.title":"Entdecken...","jupyter.command.jupyter.stopTests.title":"Halt","jupyter.command.jupyter.configureTests.title":"Tests konfigurieren","jupyter.command.jupyter.execSelectionInTerminal.title":"Führen Sie Selection/Line im Python-Terminal aus","jupyter.command.jupyter.execSelectionInDjangoShell.title":"Führen Sie Selection/Line in Django Shell aus","jupyter.command.jupyter.goToPythonObject.title":"Gehen Sie zu Python-Objekt","jupyter.command.jupyter.setLinter.title":"Linter auswählen","jupyter.command.jupyter.enableLinting.title":"Linting aktivieren","jupyter.command.jupyter.runLinting.title":"Führen Sie Linting aus","jupyter.command.jupyter.runFileInteractive.title":"Aktuelle Datei im interaktiven Fenster ausführen","jupyter.command.jupyter.debugFileInteractive.title":"Aktuelle Datei im interaktiven Fenster debuggen","jupyter.command.jupyter.runallcells.title":"Alle Zellen Ausführen","jupyter.command.jupyter.notebookeditor.expandallcells.title":"Erweitern Sie alle Notebook-Zellen","jupyter.command.jupyter.notebookeditor.collapseallcells.title":"Alle Notebook-Zellen reduzieren","jupyter.command.jupyter.runallcellsabove.title":"Oben laufen","jupyter.command.jupyter.runcellandallbelow.title":"Unten ausführen","jupyter.command.jupyter.runallcellsabove.palette.title":"Führen Sie Zellen über der aktuellen Zelle aus","jupyter.command.jupyter.runcurrentcellandallbelow.palette.title":"Führen Sie die aktuelle Zelle und darunter aus","jupyter.command.jupyter.debugcurrentcell.palette.title":"Aktuelle Zelle debuggen","jupyter.command.jupyter.debugcell.title":"Zelle debuggen","jupyter.command.jupyter.debugstepover.title":"Prozedurschritt","jupyter.command.jupyter.debugcontinue.title":"Weiterführen","jupyter.command.jupyter.debugstop.title":"Halt","jupyter.command.jupyter.runtoline.title":"Run To Line im interaktiven Fenster","jupyter.command.jupyter.runfromline.title":"Von Zeile im interaktiven Fenster ausführen","jupyter.command.jupyter.runcurrentcell.title":"Aktuelle Zelle ausführen","jupyter.command.jupyter.runcurrentcelladvance.title":"Aktuelle Zelle ausführen und vorrücken","jupyter.command.jupyter.execSelectionInteractive.title":"Auswahl/Linie im interaktiven Fenster ausführen","jupyter.command.jupyter.runcell.title":"Zelle Ausführen","jupyter.command.jupyter.insertCellBelowPosition.title":"Zelle unterhalb der Position einfügen","jupyter.command.jupyter.insertCellBelow.title":"Zelle Unterhalb Einfügen","jupyter.command.jupyter.insertCellAbove.title":"Zelle Oberhalb Einfügen","jupyter.command.jupyter.deleteCells.title":"Ausgewählte Zellen löschen","jupyter.command.jupyter.selectCell.title":"Zelle auswählen","jupyter.command.jupyter.selectCellContents.title":"Wählen Sie Zelleninhalt aus","jupyter.command.jupyter.extendSelectionByCellAbove.title":"Auswahl um Zelle oben erweitern","jupyter.command.jupyter.extendSelectionByCellBelow.title":"Auswahl um Zelle unten erweitern","jupyter.command.jupyter.moveCellsUp.title":"Ausgewählte Zellen nach oben verschieben","jupyter.command.jupyter.moveCellsDown.title":"Ausgewählte Zellen nach unten verschieben","jupyter.command.jupyter.changeCellToMarkdown.title":"Zelle in Markdown ändern","jupyter.command.jupyter.changeCellToCode.title":"Zelle in Code ändern","jupyter.command.jupyter.gotoNextCellInFile.title":"Gehen Sie zur nächsten Zelle","jupyter.command.jupyter.gotoPrevCellInFile.title":"Gehen Sie zur vorherigen Zelle","jupyter.command.jupyter.showhistorypane.title":"Interaktives Fenster anzeigen","jupyter.command.jupyter.createnewinteractive.title":"Interaktives Fenster erstellen","jupyter.command.jupyter.selectjupyteruri.title":"Geben Sie Jupyter Server für Verbindungen an","DataScience.jupyterNativeNotebookUriStatusLabelForLocal":"Jupyter-Server: Lokal","DataScience.jupyterNativeNotebookUriStatusLabelForRemote":"Jupyter-Server: Remote","jupyter.command.jupyter.selectjupytercommandline.title":"Geben Sie Jupyter-Befehlszeilenargumente an","jupyter.command.jupyter.importnotebook.title":"Importieren Sie Jupyter Notebook","jupyter.command.jupyter.importnotebookfile.title":"Notebook in Skript importieren","jupyter.command.jupyter.exportoutputasnotebook.title":"Exportieren Sie das interaktive Fenster als Jupyter Notebook","jupyter.command.jupyter.exportfileasnotebook.title":"Aktuelle Python-Datei als Jupyter Notebook exportieren","jupyter.command.jupyter.exportfileandoutputasnotebook.title":"Aktuelle Python-Datei exportieren und als Jupyter Notebook ausgeben","jupyter.command.jupyter.undocells.title":"Letzte interaktive Aktion rückgängig machen","jupyter.command.jupyter.redocells.title":"Letzte interaktive Aktion wiederholen","jupyter.command.jupyter.removeallcells.title":"Alle interaktiven Zellen löschen","jupyter.command.jupyter.notebookeditor.removeallcells.title":"Alle Notebook-Editor-Zellen löschen","jupyter.command.jupyter.notebookeditor.addcellbelow.title":"Leere Zelle zur Notebook-Datei hinzufügen","jupyter.command.jupyter.notebookeditor.keybind.undo.title":"Rückgängig","jupyter.command.jupyter.notebookeditor.keybind.save.title":"Speichern","jupyter.command.jupyter.interruptkernel.title":"Interrupt Kernel","jupyter.command.jupyter.interruptkernel.shorttitle":"Unterbrechen","DataScience.restartKernel":"Kernel neu starten","jupyter.command.jupyter.restartkernel.title":"Kernel neu starten","jupyter.command.jupyter.restartkernel.shorttitle":"Neu starten","jupyter.command.jupyter.expandallcells.title":"Erweitern Sie alle interaktiven Zellen","jupyter.command.jupyter.collapseallcells.title":"Alle interaktiven Zellen reduzieren","jupyter.command.jupyter.expandallcells.shorttitle":"Erweitern","jupyter.command.jupyter.collapseallcells.shorttitle":"Zuklappen","jupyter.command.jupyter.addcellbelow.title":"Leere Zelle zur Datei hinzufügen","jupyter.command.jupyter.createnewnotebook.title":"Erstellen eines neuen Jupyter Notebooks","jupyter.command.jupyter.scrolltocell.title":"Scrollen Sie die Zelle in die Ansicht","jupyter.command.jupyter.selectJupyterInterpreter.title":"Wählen Sie Interpreter aus, um Jupyter Server zu starten","jupyter.command.jupyter.enableDebugLogging.title":"Debugprotokollierung aktivieren","jupyter.command.jupyter.resetLoggingLevel.title":"Protokollebene zurücksetzen","jupyter.command.jupyter.showDataViewer.title":"Wert im Daten-Viewer anzeigen","jupyter.command.jupyter.viewOutput.title":"Ausgabe Anzeigen","DataScience.viewJupyterLogForFurtherInfo":"Weitere Details finden Sie in Jupyter [log](command:jupyter.viewOutput).","jupyter.showJupyterLogs":"Jupyter-Protokolle anzeigen","jupyter.command.jupyter.clearSavedJupyterUris.title":"Löschen Sie die Liste der Jupyter-Remoteserver","jupyter.command.jupyter.openVariableView.title":"Öffnen Sie die Variablenansicht","jupyter.command.jupyter.openVariableView.shorttitle":"Variablen","jupyter.command.jupyter.openOutlineView.title":"Inhaltsverzeichnis anzeigen (Gliederungsansicht)","jupyter.command.jupyter.openOutlineView.shorttitle":"Gliederung","DataScience.currentlySelectedJupyterInterpreterForPlaceholder":"aktuell: {0}","jupyter.command.jupyter.analysis.clearCache.title":"Löschen Sie den Modulanalyse-Cache","jupyter.command.jupyter.analysis.restartLanguageServer.title":"Sprachserver neu starten","jupyter.commandPalette.jupyter.replayPylanceLog.title":"Replay-Pylance-Protokoll","jupyter.notebookRenderer.IPyWidget.displayName":"Jupyter IPyWidget-Renderer","jupyter.notebookRenderer.Error.displayName":"Jupyter-Fehlerrenderer","jupyter.debuggers.kernel":"Python-Kernel-Debugadapter","jupyter.debuggers.interactive":"Interactive-Fenster für Python","jupyter.configuration.jupyter.experiments.enabled.description":"Aktiviert/deaktiviert A/B-Tests.","jupyter.configuration.jupyter.showVariableViewWhenDebugging.description":"Hiermit wird die Variablenansicht beim Starten einer Sitzung vom Typ \"Zeilenweise ausführen\" angezeigt.","jupyter.configuration.jupyter.logging.level.description":"Der Protokolliergrad, auf dem die Erweiterung protokolliert wird.","jupyter.configuration.jupyter.experiments.optInto.markdownDescription":"Liste der Experimente, für die die Anmeldung erfolgen soll. Wenn leer, wird dem Benutzer die Standardexperimentgruppe zugewiesen. [Weitere Informationen](https://github.com/microsoft/vscode-jupyter/wiki/Experiments).","jupyter.configuration.jupyter.experiments.optOutFrom.markdownDescription":"Liste der Experimente, für die die Anmeldung zurückgezogen ist. Wenn leer, wird dem Benutzer die Standardexperimentgruppe zugewiesen. [Weitere Informationen](https://github.com/microsoft/vscode-jupyter/wiki/Experiments).","jupyter.configuration.jupyter.enableKeyboardShortcuts.deprecationMessage":"Diese Einstellung ist veraltet, weil Jupyter-Tastenkombinationen in die Erweiterung \"ms-toolsai.jupyter-keymap\" verschoben wurden. Wenn Sie Jupyter-Tastenkombinationen deaktivieren möchten, deinstallieren oder deaktivieren Sie diese Erweiterung stattdessen.","jupyter.configuration.jupyter.enableKeyboardShortcuts.description":"Aktiviert für Notebooks Tastenkombinationen im Jupyter-Stil.","jupyter.configuration.jupyter.allowImportFromNotebook.deprecationMessage":"Diese Einstellung ist veraltet und wird im nächsten Release entfernt.","jupyter.configuration.jupyter.allowImportFromNotebook.description":"Ermöglicht einem Benutzer das Importieren eines Jupyter Notebooks in eine Python-Datei, wenn eine geöffnet wird.","jupyter.configuration.jupyter.widgetScriptSources.items.enumDescriptions.0":"Lädt Widgetskripts (Javascript) aus https://www.jsdelivr.com/","jupyter.configuration.jupyter.widgetScriptSources.items.enumDescriptions.1":"Lädt Widgetskripts (Javascript) aus https://unpkg.com/","jupyter.configuration.jupyter.widgetScriptSources.markdownDescription":"Definiert den Speicherort und die Reihenfolge der Quellen, aus denen Skriptdateien für Widgets heruntergeladen werden (z. B. ipywidgest, bqplot, beakerx, ipyleaflet usw.). Wenn Sie keine dieser Optionen auswählen, werden Widgets möglicherweise nicht gerendert oder funktionieren nicht ordnungsgemäß. Weitere Informationen finden Sie [hier](https://aka.ms/PVSCIPyWidgets). Nach der Aktualisierung müssen Sie den Kernel neu starten.","jupyter.configuration.jupyter.askForLargeDataFrames.description":"Warnen Sie den Benutzer, bevor Sie versuchen, wirklich große Datenrahmen zu öffnen.","jupyter.configuration.jupyter.askForKernelRestart.description":"Warnen Sie den Benutzer, bevor Sie einen Kernel neu starten.","jupyter.configuration.jupyter.exportWithOutputEnabled.description":"Aktivieren Sie das Exportieren einer Python-Datei in ein Jupyter Notebook, und führen Sie dabei alle Zellen aus.","jupyter.configuration.jupyter.jupyterLaunchTimeout.description":"Wartezeit (in ms) für den Start des Jupyter Notebook-Servers.","jupyter.configuration.jupyter.jupyterLaunchRetries.description":"Anzahl der Versuche, eine Verbindung mit dem Jupyter Notebook herzustellen","jupyter.configuration.jupyter.jupyterCommandLineArguments.description":"Wenn ein Notebook-Editor- oder Interactive-Fenster-Jupyter-Server gestartet wird, werden diese Argumente an ihn übergeben. Standardmäßig wird diese Liste von der Jupyter-Erweiterung generiert.","jupyter.configuration.jupyter.notebookFileRoot.description":"Legen Sie das Stammverzeichnis für die Ausführung von Notebooks und die Interactive-Fenster fest.","jupyter.configuration.jupyter.searchForJupyter.deprecationMessage":"Diese Einstellung ist veraltet und wird im nächsten Release entfernt.","jupyter.configuration.jupyter.searchForJupyter.description":"Beim Starten des Interactive-Fensters in allen installierten Python-Interpretern nach einer Jupyter-Installation suchen","jupyter.configuration.jupyter.useDefaultConfigForJupyter.description":"Beim lokalen Ausführen von Jupyter wird eine standardmäßig leere Jupyter-Konfiguration für die Interactive-Fenster erzeugt","jupyter.configuration.jupyter.jupyterInterruptTimeout.description":"Die Zeit (in ms), die auf eine Unterbrechung gewartet werden soll, bevor zum Neustart des Jupyter-Kernels aufgefordert wird.","jupyter.configuration.jupyter.allowInput.deprecationMessage":"Diese Einstellung ist veraltet und wird im nächsten Release entfernt.","jupyter.configuration.jupyter.allowInput.description":"Direkte Eingabe von Python-Code in die Interactive-Fenster zulassen","jupyter.configuration.jupyter.showCellInputCode.deprecationMessage":"Diese Einstellung ist veraltet und wird im nächsten Release entfernt.","jupyter.configuration.jupyter.showCellInputCode.description":"Zelleingabecode anzeigen.","jupyter.configuration.jupyter.collapseCellInputCodeByDefault.description":"Zelleneingabecode standardmäßig reduzieren.","jupyter.configuration.jupyter.collapseCellInputCodeByDefault.markdownDeprecationMessage":"Diese Einstellung ist veraltet. Verwenden Sie stattdessen \"#interactiveWindow.collapseCellInputCode#\".","jupyter.configuration.jupyter.maxOutputSize.deprecationMessage":"Diese Einstellung ist veraltet und wird im nächsten Release entfernt.","jupyter.configuration.jupyter.maxOutputSize.description":"Maximale Größe (in Pixel) der Textausgabe im Notebook-Editor, bevor eine Scrollleiste angezeigt wird. Aktivieren Sie zuerst das Scrollen für Zellenausgaben in den Einstellungen.","jupyter.configuration.jupyter.alwaysScrollOnNewCell.description":"Scrollen Sie automatisch im interaktiven Fenster, um die Ausgabe der letzten ausgeführten Anweisung anzuzeigen. Wenn dieser Wert \"false\" ist, führt das interaktive Fenster nur dann einen Bildlauf durch, wenn die letzte Zelle bereits die Zelle war, zu der ein Bildlauf durchgeführt wurde.","jupyter.configuration.jupyter.alwaysScrollOnNewCell.deprecationMessage":"Diese Einstellung ist veraltet. Verwenden Sie stattdessen die Einstellung \"interactiveWindow.alwaysScrollOnNewCell\".","jupyter.configuration.jupyter.enableScrollingForCellOutputs.deprecationMessage":"Diese Einstellung ist veraltet und wird im nächsten Release entfernt.","jupyter.configuration.jupyter.enableScrollingForCellOutputs.description":"Aktiviert das Scrollen für große Zellenausgaben im Notebook-Editor. Diese Einstellung gilt nicht für das Interactive-Fenster.","jupyter.configuration.jupyter.sendSelectionToInteractiveWindow.description":"Beim Drücken von Umschalt+Eingabetaste wird der in einer Python-Datei ausgewählte Code an das interaktive Jupyter-Fenster und nicht an das Python-Terminal gesendet.","jupyter.configuration.jupyter.variableExplorerExclude.description":"Typen, die von der Anzeige im interaktiven Variablen-Explorer ausgeschlossen werden sollen","jupyter.configuration.jupyter.codeRegularExpression.description":"Regulärer Ausdruck zum Identifizieren von Codezellen. Der gesamte Code wird bis zur nächsten Übereinstimmung als Teil dieser Zelle betrachtet.","jupyter.configuration.jupyter.defaultCellMarker.description":"Zellmarker zum Umbenennen einer Zelle in einer Python-Datei.","jupyter.configuration.jupyter.markdownRegularExpression.description":"Regulärer Ausdruck zum Identifizieren von Markdown-Zellen. Alle Kommentare nach diesem Ausdruck werden als Teil des Markdowns betrachtet.","jupyter.configuration.jupyter.allowLiveShare.deprecationMessage":"Diese Einstellung ist veraltet, weil keine Live Share-Unterstützung für das interaktive Fenster mehr in der Jupyter-Erweiterung vorhanden ist.","jupyter.configuration.jupyter.allowLiveShare.description":"Zulassen, dass die Interactive-Fenster während einer Live Share Sitzung freigegeben zu werden","jupyter.configuration.jupyter.ignoreVscodeTheme.deprecationMessage":"Diese Einstellung ist veraltet und wird im nächsten Release entfernt.","jupyter.configuration.jupyter.ignoreVscodeTheme.description":"Verwenden Sie nicht das VS Code-Design im Interactive-Fenster (erfordert ein erneutes Laden von VS Code). Dies erzwingt das Interactive-Fenster, \"Light +(default light)\" zu verwenden, und deaktiviert die Standardeinstellungen für \"matplotlib\".","jupyter.configuration.jupyter.themeMatplotlibPlots.description":"Im Interactive-Fenster- und Notebook-Editor-Design werden matplotlib-Ausgaben an das Design des VS Code-Editors angepasst.","jupyter.configuration.jupyter.liveShareConnectionTimeout.deprecationMessage":"Diese Einstellung ist veraltet und wird im nächsten Release entfernt.","jupyter.configuration.jupyter.liveShareConnectionTimeout.description":"Wartezeit für Gastverbindungen, um zu überprüfen, ob bei ihnen die Python-Erweiterung installiert ist.","jupyter.configuration.jupyter.decorateCells.description":"Eine Hervorhebung hinter der aktuell aktiven Zelle zeichnen.","jupyter.configuration.jupyter.enableCellCodeLens.description":"Aktiviert CodeLens für \"cells\" in einer Python-Datei.","jupyter.configuration.jupyter.enableAutoMoveToNextCell.description":"Ermöglicht das Wechseln zur nächsten Zelle, wenn auf eine CodeLens \"Run Cell\" geklickt wird.","jupyter.configuration.jupyter.allowUnauthorizedRemoteConnection.description":"Hiermit wird das Verbinden des Interactive-Fensters mit einem HTTPS-Jupyter-Server zugelassen, der keine gültigen Zertifikate aufweist. Dies kann ein Sicherheitsrisiko sein und wird daher nur für bekannte und vertrauenswürdige Server verwendet.","jupyter.configuration.jupyter.generateSVGPlots.description":"Generieren Sie die SVG-Ausgabe für Notebookplots. Dies ermöglicht eine bessere Anzeige im Plot-Viewer auf Kosten von Generierungsgeschwindigkeit und Dateigröße.","jupyter.configuration.jupyter.codeLenses.description":"Befehlssatz, der als CodeLens über einer Zelle platziert werden soll.","jupyter.configuration.jupyter.debugCodeLenses.description":"Gruppe von Debugbefehlen, die beim Debuggen als CodeLens über einer Zelle platziert werden sollen.","jupyter.configuration.jupyter.debugpyDistPath.description":"Pfad zu Debugpy-Bits für das Debuggen von Zellen.","jupyter.configuration.jupyter.stopOnFirstLineWhileDebugging.description":"Beim Debuggen einer Zelle in der ersten Zeile beenden.","jupyter.configuration.jupyter.remoteDebuggerPort.description":"Öffnen Sie beim Debuggen einer Zelle diesen Port im Remotefeld. Wenn -1 angegeben ist, wird ein zufälliger Port zwischen 8889 und 9000 versucht.","jupyter.configuration.jupyter.disableJupyterAutoStart.description":"Bei \"true\" wird für Sie der automatische Start von Jupyter deaktiviert. Sie müssen stattdessen eine Zelle ausführen, um Jupyter zu starten.","jupyter.configuration.jupyter.textOutputLimit.deprecationMessage":"Diese Einstellung ist zugunsten von \"notebook.output.textLineLimit\" veraltet. Diese Einstellung wird in einer bevorstehenden Version entfernt.","jupyter.configuration.jupyter.textOutputLimit.description":"Schränken Sie die Textmenge in der interaktiven Zellentextausgabe auf diesen Wert ein. \"0\" lässt eine beliebige Anzahl von Zeichen zu.","jupyter.configuration.jupyter.colorizeInputBox.deprecationMessage":"Diese Einstellung ist veraltet und wird im bevorstehenden Release entfernt.","jupyter.configuration.jupyter.colorizeInputBox.description":"Gibt an, ob die Peekfarbe des Designs als Hintergrund für das Eingabefeld verwendet werden soll.","jupyter.configuration.jupyter.stopOnError.description":"Beenden Sie die Ausführung von Zellen, wenn eine Zelle eine Ausnahme auslöst.","jupyter.configuration.jupyter.addGotoCodeLenses.description":"Nachdem Sie eine Zelle ausgeführt haben, fügen Sie der Zelle eine CodeLens \"Goto\" hinzu. Hinweis: Wenn Sie alle CodeLenses deaktivieren, wird auch diese CodeLens deaktiviert.","jupyter.configuration.jupyter.variableQueries.markdownDescription":"Die Abfragezuordnungssprache für die Rückgabe der Liste der aktiven Variablen in einem Jupyter-Kernel. Wird vom Variablen-Explorer sowohl im Interactive-Fenster als auch in Notebooks verwendet. Beispiel:\r\n```\r\n[\r\n  {\r\n    \"language\": \"python\",\r\n    \"query\": \"%who_ls\",\r\n    \"parseExpr\": \"'(\\\\w+)'\"\r\n  }\r\n]\r\n```","jupyter.configuration.jupyter.kernels.filter.items.markdownDescription":"Vollqualifizierter Pfad zur Kernelspezifikation oder zur Python-Umgebung. \r\nBeispiel: \"~/miniconda3/envs/sample/bin/python\".","jupyter.configuration.jupyter.kernels.filter.markdownDescription":"Liste der Jupyter-Kernel und/oder Python-Umgebungen, die aus der Kernelauswahl ausgeschlossen werden sollen.","jupyter.configuration.jupyter.interactiveWindowMode.description":"Verhalten des Interactive-Fensters. 'perFile' erstellt ein neues interaktives Fenster für jede Datei, die eine Zelle ausführt. 'single' lässt ein einzelnes Fenster zu. 'multiple' ermöglicht das Erstellen mehrerer Elemente.","jupyter.configuration.jupyter.pythonCellFolding.description":"Aktivieren von Faltungsbereichen für Codezellen in Python-Dateien. Diese Einstellung erfordert ein erneutes Laden von VS Code.","jupyter.configuration.jupyter.interactiveWindowViewColumn.description":"Gibt an, wo ein interaktives Fenster geöffnet werden soll, das keiner Python-Datei zugeordnet ist. \"beside\" öffnet das Interactive-Fenster rechts vom aktiven Editor. 'active' öffnet das Interactive-Fenster anstelle des aktiven Editors. 'secondGroup' öffnet das Interactive-Fenster in der zweiten Editorgruppe.","jupyter.configuration.jupyter.magicCommandsAsComments.description":"Auskommentierung von Shellzuweisungen (#!), Linienmagic-Befehl (#!%) und Zellenmagic-Befehl (#!%%) beim Parsen von Codezellen aufheben.","jupyter.configuration.jupyter.pythonExportMethod.description":"Die Methode, die beim Exportieren eines Notebooks in eine Python-Datei verwendet werden soll. 'direct' kopiert den Code direkt. 'commentMagics' kommentiert Zeilen aus, die mit Linienmagic-Befehlen (%), Zellenmagic-Befehlen (%%) und Shellbefehlen (!) beginnen. 'nbconvert' installiert nbconvert und verwendet diesen für die Konvertierung, mit der die iPython-Syntax in die Python-Syntax übersetzt werden kann.","jupyter.configuration.jupyter.runStartupCommands.description":"Eine Reihe von Python-Anweisungen oder iPython-Magic-Befehlen. Kann ein Array aus Zeichenfolgen oder eine einzelne Zeichenfolge mit Befehlen sein, die durch \"\\n\" getrennt sind. Befehle werden automatisch ausgeführt, wenn das interaktive Fenster geladen wird. Legen Sie diese Option beispielsweise auf \"%load_ext autoreload\\n%autoreload 2\" fest, um Änderungen an importierten Dateien automatisch neu zu laden, ohne die interaktive Sitzung neu starten zu müssen.","jupyter.configuration.jupyter.debugJustMyCode.description":"Beim Debuggen nur vom Benutzer geschriebenen Code durchlaufen. Deaktivieren Sie diese Option, um das Durchlaufen von Bibliothekscode zuzulassen.","jupyter.configuration.jupyter.showOutlineButtonInNotebookToolbar.description":"Die Schaltfläche \"Gliederung\" in der Jupyter Notebook-Symbolleiste anzeigen.","jupyter.configuration.jupyter.newCellOnRunLast.description":"Fügt eine neue leere Zelle an eine interaktive Fensterdatei an, wenn die aktuell letzte Zelle ausgeführt wird.","jupyter.configuration.jupyter.pythonCompletionTriggerCharacters.description":"Zeichen, die die automatische Vervollständigung für einen Python-Jupyter-Kernel auslösen.","jupyter.configuration.jupyter.logKernelOutputSeparately.description":"Erstellt separate Ausgabebereiche für Kernels/Jupyter-Serverkonsolenausgabe","jupyter.configuration.jupyter.excludeUserSitePackages.description":"Fügen Sie Kerneln PYTHONNOUSERSITE hinzu, bevor Sie starten. Dadurch wird verhindert, dass globale/Benutzer-Sitepakete im PYTHONPATH des Kernels verwendet werden.","jupyter.configuration.jupyter.enableExtendedKernelCompletions.markdownDescription":"Aktiviert die Jedi-Unterstützung für erweiterte IntelliSense-Vervollständigungen beim Ausführen von Jupyter-Kerneln (siehe diese [Einstellung](https://ipython.readthedocs.io/en/stable/config/options/terminal.html?highlight=use_jedi#configtrait-Completer.use_jedi)). Dies kann die Ausführungsleistung von Notebook-Zellen erheblich beeinträchtigen. Mit Vorsicht verwenden.","Pylance.proposePylanceMessage":"Probieren Sie einen neuen schnelleren, funktionsreichen Sprachserver für Python von Microsoft aus, Pylance! Installieren Sie jetzt die Erweiterung.","Pylance.tryItNow":"Jetzt testen","Pylance.remindMeLater":"Erinnere mich später","Pylance.installPylanceMessage":"Pylance-Erweiterung ist nicht installiert. Klicken Sie auf Ja, um die Pylance-Installationsseite zu öffnen.","Pylance.pylanceNotInstalledMessage":"Pylance-Erweiterung ist nicht installiert.","Pylance.pylanceInstalledReloadPromptMessage":"Die Pylance-Erweiterung ist jetzt installiert. Fenster zum Aktivieren neu laden?","DataScience.unknownMimeTypeFormat":"MIME-Typ {0} wird derzeit nicht unterstützt.","DataScience.historyTitle":"Interaktiv","DataScience.dataExplorerTitle":"Daten-Viewer","DataScience.badWebPanelFormatString":"<html><body><h1>{0} ist kein gültiger Dateiname</h1></body></html>","DataScience.sessionDisposed":"Code kann nicht ausgeführt werden, Sitzung wurde verworfen.","DataScience.rawKernelProcessNotStarted":"Raw kernel process was not able to start.","DataScience.rawKernelProcessExitBeforeConnect":"Raw kernel process exited before connecting.","DataScience.passwordFailure":"Verbindung zum passwortgeschützten Server konnte nicht hergestellt werden. Überprüfen Sie, ob das Passwort korrekt ist.","DataScience.exportDialogTitle":"In Jupyter Notebook exportieren","DataScience.exportDialogFilter":"Jupyter-Notebooks","DataScience.exportDialogComplete":"Notebook geschrieben zu {0}","DataScience.exportDialogFailed":"Notizbuch konnte nicht exportiert werden. {0}","DataScience.exportOpenQuestion1":"In Editor öffnen","DataScience.notebookExport":"Exportieren","DataScience.exportAsNotebook.shorttitle":"Speichern","DataScience.exportAs":"Exportieren als","DataScience.notebookExportAs":"Exportieren als","DataScience.notebookExportAs.shorttitle":"Exportieren","DataScience.exportAsQuickPickPlaceholder":"Exportieren als...","DataScience.exportPythonQuickPickLabel":"Python-Skript","DataScience.collapseInputTooltip":"Eingabeblock reduzieren","DataScience.collapseVariableExplorerTooltip":"Hide variables active in Jupyter kernel","DataScience.collapseVariableExplorerLabel":"Variablen","DataScience.expandVariableExplorerTooltip":"Show variables active in Jupyter kernel","DataScience.close":"Schließen","DataScience.interactiveCopyCell":"Zelle kopieren","DataScience.runInDedicatedExtensionHost":"In Dedicated Extension Host ausführen","DataScience.variableLoadingValue":"Wird geladen...","DataScience.importDialogTitle":"Importieren Sie Jupyter Notebook","DataScience.importDialogFilter":"Jupyter-Notebooks","DataScience.notebookCheckForImportYes":"Importieren","DataScience.reloadRequired":"Bitte laden Sie das Fenster neu, damit die neuen Einstellungen wirksam werden.","DataScience.notebookCheckForImportNo":"Später","DataScience.notebookCheckForImportDontAskAgain":"Nicht mehr fragen","DataScience.notebookCheckForImportTitle":"Möchten Sie das Jupyter Notebook in Python-Code importieren?","DataScience.jupyterNotSupported":"Jupyter kann nicht gestartet werden. Fehler beim Versuch, Jupyter zu finden: {0}","DataScience.jupyterNotSupportedBecauseOfEnvironment":"Die Aktivierung {0} zum Ausführen von Jupyter ist mit fehlgeschlagen {1}.","DataScience.jupyterNbConvertNotSupported":"Zum Importieren von Notebooks muss Jupyter nbconvert installiert sein.","DataScience.removeRemoteJupyterConnectionButtonText":"Verbindung vergessen","DataScience.changeRemoteJupyterConnectionButtonText":"Verbindungen verwalten","DataScience.jupyterLaunchNoURL":"Die URL des gestarteten Jupyter-Notebook-Servers konnte nicht gefunden werden","DataScience.jupyterLaunchTimedOut":"Der Jupyter-Notebook-Server konnte nicht rechtzeitig gestartet werden","DataScience.jupyterSelfCertFail":"Das vom Server verwendete Sicherheitszertifikat {0} wurde nicht von einer vertrauenswürdigen Zertifizierungsstelle ausgestellt.\r\nDies kann auf einen Versuch hindeuten, Ihre Daten zu stellen. \r\nMöchten Sie die Einstellung „Unautorisierte Remoteverbindung zulassen“ für diesen Arbeitsbereich aktivieren, damit Sie eine Verbindung herstellen können?","DataScience.jupyterExpiredCertFail":"Das vom Server {0} verwendete Sicherheitszertifikat ist abgelaufen.\r\nDies kann auf einen Versuch hindeuten, Ihre Daten zu stehlen.\r\nMöchten Sie die Einstellung „Unautorisierte Remoteverbindung zulassen“ für diesen Arbeitsbereich aktivieren, damit Sie eine Verbindung herstellen können?","DataScience.jupyterSelfCertFailErrorMessageOnly":"Das vom Server verwendete Sicherheitszertifikat wurde nicht von einer vertrauenswürdigen Zertifizierungsstelle ausgestellt.\r\nDies kann auf einen Versuch hindeuten, Ihre Daten zu stehlen.","DataScience.jupyterSelfCertExpiredErrorMessageOnly":"Das vom Server verwendete Sicherheitszertifikat ist abgelaufen.\r\nDies kann auf einen Versuch hindeuten, Ihre Daten zu stehlen.","DataScience.jupyterSelfCertEnable":"Ja, trotzdem verbinden","DataScience.jupyterSelfCertClose":"Nein, schließe die Verbindung","DataScience.jupyterServerCrashed":"Jupyter-Server abgestürzt. Verbindung konnte nicht hergestellt werden. \r\nFehlercode von Jupyter: {0}","DataScience.rawConnectionDisplayName":"Direct kernel connection","DataScience.rawConnectionBrokenError":"Direct kernel connection broken","DataScience.pythonInteractiveHelpLink":"Holen Sie sich weitere Hilfe","DataScience.markdownHelpInstallingMissingDependencies":"Hilfe zur Installation von Jupyter und zugehörigen Abhängigkeiten finden Sie unter [https://aka.ms/pyaiinstall](https://aka.ms/pyaiinstall).","DataScience.importingFormat":"Importieren {0}","DataScience.startingJupyter":"Starten des Jupyter-Servers","DataScience.connectingToJupyter":"Verbindung mit dem Jupyter-Server wird hergestellt","DataScience.connectingToKernel":"Connecting to kernel: {0}","DataScience.connectedToKernel":"Verbunden.","DataScience.connected":"Verbunden","DataScience.disconnected":"Getrennt","Experiments.inGroup":"Benutzer gehört zur Experimentgruppe '{0}'","Logging.CurrentWorkingDirectory":"сwd:","Logging.WarnUserAboutDebugLoggingSetting":"Sie haben die Debug-Protokollierung für die Jupyter-Erweiterung aktiviert, die weiterhin Protokolle auf die Festplatte schreibt. Möchten Sie die Debug-Protokollierung deaktivieren?","Logging.YesTurnOffDebugLogging":"Ja, Debug-Protokollierung deaktivieren","Logging.NoResponse":"Nein","Logging.NoAndDontAskAgain":"Nein, und frag nicht noch einmal","GitHubIssue.Failure":"Fehler beim Übermitteln Ihrer GitHub Issue. Möchten Sie trotzdem ein Problem melden?","GitHubIssue.copyToClipboardAndOpenIssue":"Ja, Inhalt in die Zwischenablage kopieren und Problem öffnen","GitHubIssue.pleaseFillThisOut":"Bitte füllen Sie diesen Abschnitt aus und löschen Sie diesen Kommentar, bevor Sie ein Problem einreichen!","GitHubIssue.missingFields":"Bitte eben Sie Details zu dem aufgetretenen Problem an, bevor Sie auf „GitHub-Issue übermitteln“ klicken.","GitHubIssue.askForIssueTitle":"Bitte geben Sie einen aussagekräftigen Titel ein, der Ihr Problem zusammenfasst.","GitHubIssue.titlePlaceholder":"E.g.: Unable to start a local kernel session","DataScience.allowExtensionToUseJupyterKernelApi":"Möchten Sie der Erweiterung \"{0}\" Zugriff auf die Jupyter-Kernels gewähren? Wenn Sie auf \"{1}\" klicken, kann diese Erweiterung Code für die Jupyter-Kernels ausführen.","DataScience.thanksForUsingJupyterKernelApiPleaseRegisterWithUs":"Vielen Dank, dass Sie die Jupyter-API ausprobiert haben. Bitte reichen Sie ein Problem in unserem Repository ein, um diese API in der Produktion zu verwenden. Dies würde uns daran hindern, Ihre Erweiterung zu beschädigen, wenn Sie die API aktualisieren (da sie noch in Arbeit ist).","Common.bannerLabelYes":"Ja","Common.bannerLabelNo":"Nein","Common.doNotShowAgain":"Nicht mehr anzeigen","Common.reload":"Neu laden","Common.moreInfo":"Mehr Info","Common.and":"und","Common.download":"Herunterladen","Common.ok":"Ok","Common.install":"Installieren","Common.learnMore":"Mehr erfahren","Common.refresh":"Aktualisieren","Common.refreshing":"Aktualisierung wird durchgeführt...","Common.reportThisIssue":"Melden Sie dieses Problem","CommonSurvey.remindMeLaterLabel":"Erinnere mich später","CommonSurvey.yesLabel":"Ja, nehmen Sie jetzt an der Umfrage teil","CommonSurvey.noLabel":"Nein, danke","Common.clickHereForMoreInfoWithHtml":"Klicken Sie <a href='{0}'>hier</a>, um weitere Informationen zu erhalten.","OutputChannelNames.languageServer":"Python-Sprachserver","OutputChannelNames.python":"Python","OutputChannelNames.pythonTest":"Python-Testprotokoll","OutputChannelNames.jupyter":"Jupyter","ExtensionSurveyBanner.bannerMessage":"Können Sie sich bitte zwei Minuten Zeit nehmen, um uns mitzuteilen, wie Ihnen die Jupyter-Erweiterung gefällt?","ExtensionSurveyBanner.bannerLabelYes":"Ja, nehmen Sie jetzt an der Umfrage teil","ExtensionSurveyBanner.bannerLabelNo":"Nein, danke","ExtensionSurveyBanner.maybeLater":"Vielleicht später","DataScience.restartKernelMessage":"Do you want to restart the Jupyter kernel? All variables will be lost.","DataScience.restartKernelMessageYes":"Ja","DataScience.restartingKernelFailed":"Kernel-Neustart fehlgeschlagen. Der Jupyter-Server hängt. Bitte VS-Code neu laden.","DataScience.interruptingKernelFailed":"Kernel-Interrupt fehlgeschlagen. Der Jupyter-Server hängt. Bitte VS-Code neu laden.","DataScienceSurveyBanner.bannerMessage":"Können Sie sich bitte 2 Minuten Zeit nehmen, um uns mitzuteilen, wie die Data Science-Funktionen für Sie funktionieren?","DataScienceSurveyBanner.bannerLabelYes":"Ja, nehmen Sie jetzt an der Umfrage teil","DataScienceSurveyBanner.bannerLabelNo":"Nein, danke","InteractiveShiftEnterBanner.bannerMessage":"Möchten Sie Code im „Interactive“-Fenster (einer IPython-Konsole) für „Shift-Enter“ ausführen? Wählen Sie „Nein“, um weiterhin Code im Python-Terminal auszuführen. Dies kann später in den Einstellungen geändert werden.","DataScience.automaticallyReconnectingToAKernelProgressMessage":"Die Verbindung mit dem Kernel wird wiederhergestellt {0}","DataScience.restartingKernelStatus":"Kernel neu starten {0}","DataScience.executingCode":"Exekutivzelle","DataScience.collapseAll":"Alle Zelleneingaben reduzieren","DataScience.expandAll":"Erweitern Sie alle Zelleneingaben","DataScience.export":"Als Jupyter-Notebook exportieren","DataScience.restartServer":"Restart Jupyter kernel","DataScience.undo":"Rückgängig","DataScience.redo":"Wiederholen","DataScience.clearAll":"Alle Zellen entfernen","DataScience.restartedKernelHeader":"Restarted '{0}' kernel","DataScience.restartingKernelCustomHeader":"_Neustart {0}..._","DataScience.restartingKernelHeader":"_Restarting kernel..._","DataScience.startedNewKernelHeader":"Started '{0}' kernel","DataScience.connectKernelHeader":"Connected to '{0}' kernel","DataScience.executingCodeFailure":"Code ausführen fehlgeschlagen: {0}","DataScience.inputWatermark":"Geben Sie hier Code ein und drücken Sie zum Ausführen die Umschalt-Eingabetaste","DataScience.gotoCodeButtonTooltip":"Zum Code wechseln","DataScience.copyBackToSourceButtonTooltip":"Code in Datei einfügen","DataScience.copyToClipboardButtonTooltip":"Quelle in Zwischenablage kopieren","DataScience.plotOpen":"Bild erweitern","DataScience.libraryNotInstalled":"Die Data Science-Bibliothek {0} ist nicht installiert. Installieren?","DataScience.libraryNotInstalledCorrectlyOrOutdated":"Die Data Science-Bibliothek {0} ist nicht richtig installiert oder veraltet. Neu installieren?","DataScience.libraryRequiredToLaunchJupyterNotInstalled":"Zum Ausführen von Zellen ist ein {0} Paket erforderlich.","DataScience.librariesRequiredToLaunchJupyterNotInstalled":"Zum Ausführen von Zellen ist ein {0} Paket erforderlich.","DataScience.libraryRequiredToLaunchJupyterNotInstalledInterpreter":"Das Ausführen von Zellen mit „{0}“ erfordert {1} ein Paket.","DataScience.librariesRequiredToLaunchJupyterNotInstalledInterpreter":"Das Ausführen von Zellen mit „{0}“ erfordert {1} ein Paket.","DataScience.jupyterInstall":"Installieren","DataScience.jupyterSelectURIPrompt":"Geben Sie den URI des laufenden Jupyter-Servers ein","DataScience.jupyterSelectURIInvalidURI":"Ungültiger URI angegeben","DataScience.jupyterSelectUserAndPasswordTitle":"Geben Sie Ihren Benutzernamen und Ihr Kennwort ein, um eine Verbindung mit Jupyter Hub herzustellen","DataScience.jupyterSelectUserPrompt":"Geben Sie Ihren Benutzernamen ein","DataScience.jupyterSelectPasswordPrompt":"Geben Sie Ihr Kennwort ein.","DataScience.jupyterRenameServer":"Anzeigenamen des Servers ändern (Leer lassen, um URI zu verwenden)","DataScience.removeRemoteJupyterServerEntryInQuickPick":"Entfernen","DataScience.jupyterNotebookFailure":"Jupyter-Notebook konnte nicht gestartet werden. \r\n{0}","DataScience.remoteJupyterServerProvidedBy3rdPartyExtensionNoLongerValid":"Der von der Erweiterung „{0}“ bereitgestellte Remote-Jupyter-Server ist nicht mehr verfügbar.","DataScience.remoteJupyterConnectionFailedWithServer":"Fehler beim Herstellen einer Verbindung mit dem Remote-Jupyter-Server „{0}“. Stellen Sie sicher, dass der Server ausgeführt wird und erreichbar ist.","DataScience.remoteJupyterConnectionFailedWithServerWithError":"Fehler beim Herstellen einer Verbindung mit dem Remote-Jupyter-Server „{0}“. Stellen Sie sicher, dass der Server ausgeführt wird und erreichbar ist. ({1}).","DataScience.remoteJupyterConnectionFailedWithoutServerWithError":"Verbindungsfehler. Stellen Sie sicher, dass der Server ausgeführt wird und erreichbar ist. ({0}).","DataScience.remoteJupyterConnectionFailedWithoutServerWithErrorWeb":"Verbindungsfehler. Vergewissern Sie sich, dass der Server ausgeführt wird und über einen Browser erreichbar ist. ({0}). Beim Herstellen einer Verbindung von vscode.dev müssen Jupyter-Server mit bestimmten Optionen gestartet werden, um eine Verbindung herzustellen. Weitere Informationen finden Sie [hier](https://aka.ms/vscjremoteweb).","DataScience.remoteJupyterConnectionFailedWebExtension":"Beim Herstellen einer Verbindung von vscode.dev müssen Jupyter-Server mit bestimmten Optionen gestartet werden, um eine Verbindung herzustellen. Weitere Informationen finden Sie [hier](https://aka.ms/vscjremoteweb).","DataScience.jupyterNotebookRemoteConnectFailedWeb":"Verbindung zum Remote-Jupyter-Server konnte nicht hergestellt werden.\r\nÜberprüfen Sie, ob der Jupyter Server-URI von einem Browser aus erreichbar ist.\r\n{0}. Klicken Sie [hier](https://aka.ms/vscjremoteweb) für weitere Informationen.","DataScience.jupyterNotebookRemoteConnectSelfCertsFailed":"Verbindung zum Remote-Jupyter-Notebook konnte nicht hergestellt werden.\r\nDer angegebene Server verwendet selbstsignierte Zertifikate. Aktivieren Sie die Einstellung Nicht autorisierte Remoteverbindung zulassen, um trotzdem eine Verbindung herzustellen\r\n{0}\r\n{1}","DataScience.changeJupyterRemoteConnection":"Ändern Sie die Jupyter-Serververbindung.","DataScience.notebookVersionFormat":"Jupyter Notebook-Version: {0}","DataScience.jupyterKernelSpecNotFound":"Cannot create a Jupyter kernel spec and none are available for use","DataScience.jupyterKernelSpecModuleNotFound":"Das 'Kernelspec'-Modul ist im ausgewählten Interpreter nicht installiert ({0}).\r\n Bitte installieren oder aktualisieren Sie „jupyter“.","DataScience.jupyterGetVariablesBadResults":"Variableninformationen konnten nicht vom Jupyter-Server abgerufen werden.","DataScience.liveShareConnectFailure":"Es kann keine Verbindung zur Host-Jupyter-Sitzung hergestellt werden. URL nicht gefunden.","DataScience.liveShareCannotSpawnNotebooks":"Das Spawnen von Jupyter-Notebooks wird über eine Live-Share-Verbindung nicht unterstützt","DataScience.liveShareCannotImportNotebooks":"Das Importieren von Notizbüchern wird derzeit nicht über eine Live-Share-Verbindung unterstützt","DataScience.liveShareHostFormat":"{0} Jupyter-Server","DataScience.liveShareSyncFailure":"Synchronisierungsfehler während des Starts der Live-Freigabe.","DataScience.liveShareServiceFailure":"Fehler beim Starten des Dienstes „{0}“ während der Live-Share-Verbindung.","DataScience.documentMismatch":"Zellen können nicht ausgeführt werden, doppelte Dokumente für {0} gefunden.","DataScience.pythonInteractiveCreateFailed":"Fehler beim Erstellen eines „interaktiven“ Fensters. Versuchen Sie, die Jupyter-Erweiterung neu zu installieren.","DataScience.interruptKernel":"Interrupt Jupyter kernel","DataScience.clearAllOutput":"Alle Ausgaben löschen","DataScience.exportingFormat":"Exportieren {0}","DataScience.exportCancel":"Abbrechen","Common.canceled":"Abgebrochen","Common.cancel":"Abbrechen","Common.yesPlease":"Ja, bitte","DataScience.interruptKernelStatus":"Unterbrechen des Jupyter-Kernels","DataScience.restartKernelAfterInterruptMessage":"Interrupting the kernel timed out. Do you want to restart the kernel instead? All variables will be lost.","DataScience.pythonInterruptFailedHeader":"Tastatur-Interrupt hat den Kernel zum Absturz gebracht. Kernel neu gestartet.","DataScience.sysInfoURILabel":"Jupyter-Server-URI: ","DataScience.jupyterStartTimedout":"Zeitüberschreitung beim Starten von Jupyter. Bitte überprüfen Sie das 'Jupyter'-Ausgabefeld für weitere Details.","DataScience.startingJupyterLogMessage":"Starten von Jupyter über {0} die Befehlszeile {1}","DataScience.jupyterCommandLineDefaultLabel":"Standard (empfohlen)","DataScience.jupyterCommandLineDefaultDetail":"Die Jupyter-Erweiterung bestimmt die geeignete Befehlszeile für Jupyter","DataScience.jupyterCommandLineCustomLabel":"Benutzerdefiniert","DataScience.jupyterCommandLineCustomDetail":"Passen Sie die beim Start an Jupyter übergebene Befehlszeile an","DataScience.jupyterCommandLineReloadQuestion":"Bitte laden Sie das Fenster neu, wenn Sie die Jupyter-Befehlszeile ändern.","DataScience.jupyterCommandLineReloadAnswer":"Neu laden","DataScience.jupyterCommandLineQuickPickPlaceholder":"Option wählen","DataScience.jupyterCommandLineQuickPickTitle":"Wählen Sie die Befehlszeile für Jupyter aus","DataScience.jupyterCommandLinePrompt":"Geben Sie Ihre benutzerdefinierte Befehlszeile für Jupyter ein","Common.loadingExtension":"Jupyter-Erweiterung wird geladen...","Common.openOutputPanel":"Ausgabe anzeigen","DataScience.variableExplorerNameColumn":"Name","DataScience.variableExplorerTypeColumn":"Typ","DataScience.variableExplorerCountColumn":"Größe","DataScience.variableExplorerValueColumn":"Wert","DataScience.showDataExplorerTooltip":"Variablenmomentaufnahme im Datenviewer anzeigen","DataScience.dataExplorerInvalidVariableFormat":"„{0}“ ist keine aktive Variable.","DataScience.jupyterGetVariablesExecutionError":"Fehler bei der Variablenextraktion:\r\n{0}","DataScience.loadingMessage":"wird geladen ...","DataScience.fetchingDataViewer":"Daten abrufen...","DataScience.noRowsInDataViewer":"Keine Zeilen stimmen mit dem aktuellen Filter überein","DataScience.jupyterServer":"Jupyter-Server","DataScience.noKernel":"Kein Kernel","DataScience.serverNotStarted":"Nicht gestartet","DataScience.localJupyterServer":"lokal","DataScience.pandasTooOldForViewingFormat":"Das Python-Paket „Pandas“ hat die Version {0}. Zum Anzeigen von Daten ist Version {1} oder höher erforderlich.","DataScience.pandasRequiredForViewing":"Die Version {0} (oder höher) des Python-Pakets „Pandas“ ist für das Anzeigen von Daten erforderlich.","DataScience.failedToGetVersionOfPandas":"Fehler beim Abrufen der Version von Pandas zur Verwendung des Daten-Viewers.","DataScience.valuesColumn":"werte","DataScience.liveShareInvalid":"Mindestens ein Gast in der Sitzung hat die [Erweiterung](https://marketplace.visualstudio.com/itemdetails?itemName=ms-toolsai.jupyter) Jupyter nicht installiert.\r\nIhre Live Share-Sitzung kann nicht fortgesetzt werden und wird geschlossen.","Common.noIWillDoItLater":"Nein, mache ich später","Common.notNow":"Jetzt nicht","Common.gotIt":"Verstanden!","DataScience.noRowsInVariableExplorer":"Keine Variablen definiert.","DataScience.loadingRowsInVariableExplorer":"Variablen laden","DataScience.tooManyColumnsMessage":"Die Anzeige von Variablen mit über 1000 Spalten kann lange dauern. Möchten Sie wirklich fortfahren?","DataScience.tooManyColumnsYes":"Ja","DataScience.tooManyColumnsNo":"Nein","DataScience.tooManyColumnsDontAskAgain":"Nicht mehr fragen","DataScience.filterRowsTooltip":"Ermöglicht das Filtern mehrerer Zeilen. Verwenden Sie die Zeichen =, > oder <, um numerische Werte zu filtern.","DataScience.previewHeader":"--- Vorschau von {0}--- starten","DataScience.previewFooter":"--- Endvorschau von {0} ---","DataScience.previewStatusMessage":"Vorschau erstellen von {0}","DataScience.plotViewerTitle":"Grundstücke","DataScience.exportPlotTitle":"Plotbild speichern","DataScience.pdfFilter":"PDF","DataScience.pngFilter":"PNG","DataScience.svgFilter":"SVG","DataScience.previousPlot":"Zurück","DataScience.nextPlot":"Weiter","DataScience.panPlot":"Schwenken","DataScience.zoomInPlot":"Vergrößern","DataScience.zoomOutPlot":"Verkleinern","DataScience.exportPlot":"Export in verschiedene Formate","DataScience.deletePlot":"Entfernen","DataScience.collapseSingle":"Reduzieren","DataScience.expandSingle":"Erweitern","DataScience.editSection":"Geben Sie hier neue Zellen ein.","DataScience.restartKernelMessageDontAskAgain":"Ja, und nicht noch einmal fragen","DataScience.selectedImageListLabel":"Ausgewähltes Image","DataScience.imageListLabel":"Bild","DataScience.exportImageFailed":"Fehler beim Exportieren des Bildes: {0}","downloading.file":"Wird heruntergeladen {0}...","downloading.file.progress":"{0}{1} von {2} KB ({3}%)","DataScience.jupyterDataRateExceeded":"Variable kann nicht angezeigt werden, da die Datenrate überschritten wurde. Bitte starten Sie Ihren Server mit einem höheren Datenratenlimit neu. Beispiel: --NotebookApp.iopub_data_rate_limit=10000000000.0","DataScience.addCellBelowCommandTitle":"Zelle hinzufügen","DataScience.debugCellCommandTitle":"Zelle debuggen","DataScience.debugStepOverCommandTitle":"Prozedurschritt","DataScience.debugContinueCommandTitle":"Fortfahren","DataScience.debugStopCommandTitle":"Beenden","DataScience.runCurrentCellAndAddBelow":"Führen Sie die aktuelle Zelle aus und fügen Sie unten eine leere Zelle hinzu","DataScience.jupyterDebuggerNotInstalledError":"Das Pip-Modul {0} ist zum Debuggen von Zellen erforderlich. Sie müssen es installieren, um Zellen zu debuggen.","DataScience.jupyterDebuggerOutputParseError":"Die Ausgabe kann nicht geparst {0} werden, melden Sie bitte ein Problem mit https://github.com/microsoft/vscode-jupyter","DataScience.jupyterDebuggerPortNotAvailableError":"Der Port {0} kann nicht zum Debuggen geöffnet werden. Bitte geben Sie einen anderen Port in der remoteDebuggerPort-Einstellung an.","DataScience.jupyterDebuggerPortBlockedError":"Port {0} kann nicht zum Debuggen verbunden werden. Bitte lassen Sie den Port {0} durch Ihre Firewall.","DataScience.jupyterDebuggerPortNotAvailableSearchError":"Ports im Bereich {0}-{1} können zum Debuggen nicht gefunden werden. Bitte geben Sie einen Port in der remoteDebuggerPort-Einstellung an.","DataScience.jupyterDebuggerPortBlockedSearchError":"Ein Port kann nicht zum Debuggen verbunden werden. Bitte lassen Sie Ports {0}-{1}durch Ihre Firewall.","DataScience.jupyterDebuggerInstallNew":"Das Pip-Modul {0} ist zum Debuggen von Zellen erforderlich. Cell installieren {0} und weiter debuggen?","DataScience.jupyterDebuggerInstallNewRunByLine":"Das Pip-Modul {0} ist für den Linienbetrieb erforderlich. Zeilenweise installieren {0} und weiter ausführen?","DataScience.jupyterDebuggerInstallUpdate":"Die installierte Version unterstützt das Debuggen von {0} Zellen nicht. Auf die neueste Version aktualisieren {0} und mit dem Debuggen der Zelle fortfahren?","DataScience.jupyterDebuggerInstallUpdateRunByLine":"Die installierte Version {0} unterstützt keine zeilenweise Ausführung. Auf die neueste Version aktualisieren {0} und weiterhin zeilenweise ausführen?","DataScience.jupyterDebuggerInstallYes":"Ja","DataScience.jupyterDebuggerInstallNo":"Nein","DataScience.cellStopOnErrorMessage":"Die Zelle wurde aufgrund eines Fehlers in einer vorherigen Zelle abgebrochen.","DataScience.instructionComments":"# Um eine neue Zelle hinzuzufügen, geben Sie '{0}' ein\r\n# Um eine neue Markdown-Zelle hinzuzufügen, geben Sie '{0} [markdown]'\r\n ein","DataScience.scrollToCellTitleFormatMessage":"Gehe zu [{0}]","DataScience.save":"Notebook speichern","DataScience.nativeEditorTitle":"Notebook-Editor","DataScience.untitledNotebookFileName":"Ohne Titel","DataScience.dirtyNotebookMessage1":"Möchten Sie die Änderungen speichern, die Sie an \"{0}\" vorgenommen haben?","DataScience.dirtyNotebookMessage2":"Ihre Änderungen gehen verloren, wenn Sie sie nicht speichern.","DataScience.dirtyNotebookYes":"Speichern","DataScience.dirtyNotebookNo":"Nicht speichern","DataScience.dirtyNotebookCancel":"Abbrechen","DataScience.dirtyNotebookDialogTitle":"Speichern","DataScience.dirtyNotebookDialogFilter":"Jupyter-Notebooks","DataScience.exportAsPythonFileTooltip":"Konvertieren und Speichern in einem Python-Skript","DataScience.exportAsPythonFileTitle":"Als Python-Datei speichern","DataScience.exportButtonTitle":"Exportieren","DataScience.runCell":"Zelle ausführen","DataScience.deleteCell":"Zelle löschen","DataScience.moveCellUp":"Zelle nach oben verschieben","DataScience.moveCellDown":"Zelle nach unten verschieben","DataScience.moveSelectedCellUp":"Ausgewählte Zelle nach oben verschieben","DataScience.insertBelow":"Zelle unterhalb einfügen","DataScience.insertAbove":"Zelle oberhalb einfügen","DataScience.addCell":"Zelle hinzufügen","DataScience.runAll":"Alle Zellen ausführen","DataScience.toggleCellOutput":"Zellausgabe umschalten","DataScience.convertingToPythonFile":"Konvertieren von ipynb in eine Python-Datei","DataScience.untitledNotebookMessage":"Ihre Änderungen gehen verloren, wenn Sie sie nicht speichern.","DataScience.untitledNotebookYes":"Speichern","DataScience.untitledNotebookNo":"Abbrechen","DataScience.noInterpreter":"Keine Python ausgewählt","DataScience.notebookNotFound":"python -m jupyter notebook --version wird nicht ausgeführt","DataScience.savePngTitle":"Bild speichern","DataScience.jupyterSelectURIQuickPickTitle":"Geben Sie den URI des laufenden Jupyter-Servers ein","DataScience.jupyterSelectURIQuickPickTitleOld":"Wählen Sie aus, wie Sie eine Verbindung zu Jupyter herstellen möchten","DataScience.jupyterSelectURIQuickPickPlaceholder":"Option wählen","DataScience.jupyterSelectURIQuickPickCurrent":"Aktuell: {0}","DataScience.jupyterSelectURINoneLabel":"Keine","DataScience.jupyterSelectURINoneDetail":"Stellen Sie keine Verbindung zu einem Remote-Jupyter-Server her","DataScience.jupyterSelectURINewLabel":"Vorhanden","DataScience.jupyterSelectURINewDetail":"Geben Sie den URI eines vorhandenen Servers an","DataScience.jupyterSelectURIMRUDetail":"Letzte Verbindung: {0}","DataScience.jupyterSelectURIRunningDetailFormat":"Letzte Verbindung {0}. {1} bestehende Verbindungen.","DataScience.jupyterSelectURINotRunningDetail":"Momentan kann keine Verbindung hergestellt werden. unbekannter Status.","DataScience.fallbackToUseActiveInterpreterAsKernel":"Couldn't find kernel '{0}' that the notebook was created with. Using the current interpreter.","DataScience.fallBackToRegisterAndUseActiveInterpreterAsKernel":"Couldn't find kernel '{0}' that the notebook was created with. Registering a new kernel using the current interpreter.","DataScience.fallBackToPromptToUseActiveInterpreterOrSelectAKernel":"Couldn't find kernel '{0}' that the notebook was created with.","DataScience.selectKernel":"Kernel ändern","DataScience.selectDifferentKernel":"Wählen Sie einen anderen Kernel aus","DataScience.selectDifferentJupyterInterpreter":"Dolmetscher wechseln","DataScience.selectJupyterInterpreter":"Wählen Sie einen Interpreter aus, um Jupyter zu starten","DataScience.switchingKernelProgress":"Switching kernel to '{0}'","DataScience.sessionStartFailedWithKernel":"Der Kernel '{0}' konnte nicht gestartet werden. \r\nWeitere Details finden Sie in Jupyter [log](command:jupyter.viewOutput).","DataScience.failedToStartKernel":"Der Kernel konnte nicht gestartet werden.","DataScience.failedToRestartKernel":"Neustart des Kernels fehlgeschlagen.","DataScience.failedToInterruptKernel":"Der Kernel konnte nicht unterbrochen werden.","DataScience.failedToStartAnUntrustedKernelSpec":"Der Kernel „{0}“ wurde nicht gestartet, da er sich an einem unsicheren Speicherort „{1}“ befindet.  \r\nKlicken Sie [hier](https://aka.ms/JupyterTrustedKernelPaths), um weitere Details anzuzeigen. Aktualisieren Sie optional die Einstellung [jupyter.kernels.trusted](command:workbench.action.openSettings?[„jupyter.kernels.trusted“]), um dem Kernel zu vertrauen.","jupyter.configuration.jupyter.kernels.trusted.markdownDescription":"Geben Sie vollqualifizierte Pfade zu Kernelspezifikationsdateien ein, die als vertrauenswürdig eingestuft werden sollen. Beispiel: „C:\\Program Data\\Jupyter\\kernels\\python3\\kernel.json!“.  \r\n**Hinweis**: Kernel können Code mit Benutzerberechtigungen ausführen. Klicken Sie [hier](https://aka.ms/JupyterTrustedKernelPaths), um weitere Informationen zu erhalten.","DataScience.kernelDied":"Der Kern ist gestorben. Weitere Details finden Sie in Jupyter [log](command:jupyter.viewOutput). \r\nError: {0}...","DataScience.kernelDiedWithoutError":"Der Kernel '{0}' starb. Klicken Sie [hier](https://aka.ms/vscodeJupyterKernelCrash), um weitere Informationen zu erhalten. Weitere Details finden Sie in Jupyter [log](command:jupyter.viewOutput).","DataScience.kernelDiedWithoutErrorAndAutoRestarting":"Der Kernel „{0}“ ist gestorben und wird von Jupyter automatisch neu gestartet. Klicken Sie [hier](https://aka.ms/vscodeJupyterKernelCrash), um weitere Informationen zu erhalten. Weitere Details finden Sie in Jupyter [log](command:jupyter.viewOutput).","DataScience.kernelDisconnected":"Es kann keine Verbindung mit dem Kernel \"{0}\" hergestellt werden. Überprüfen Sie die Jupyter Server-Verbindung. Weitere Informationen finden Sie unter Jupyter [log](command:jupyter.viewOutput).","DataScience.kernelCrashedDueToCodeInCurrentOrPreviousCell":"Der Kernel ist beim Ausführen von Code in der aktuellen Zelle oder einer vorherigen Zelle abgestürzt. Bitte überprüfen Sie den Code in der/den Zelle(n), um eine mögliche Fehlerursache zu identifizieren. Klicken Sie <a href='https://aka.ms/vscodeJupyterKernelCrash'>hier</a>, um weitere Informationen zu erhalten. Weitere Details finden Sie in Jupyter [log](command:jupyter.viewOutput).","DataScience.fileSeemsToBeInterferingWithKernelStartup":"The file '{0}' seems to be overriding built in modules and interfering with the startup of the kernel. Consider renaming the file and starting the kernel again.","DataScience.DataScience.moduleSeemsToBeInterferingWithKernelStartup":"Das Modul „{0}“ scheint eingebaute Module zu überschreiben und den Start des Kernels (kernel) zu stören. Erwägen Sie, den Ordner umzubenennen und den Kernel (kernel) erneut zu starten.","DataScience.failedToStartKernelDueToMissingModule":"The kernel failed to start due to the missing module '{0}'. Consider installing this module.","DataScience.failedToStartKernelDueToImportFailure":"The kernel failed to start as the module '{0}' could not be imported.","DataScience.failedToStartKernelDueToImportFromFileFailure":"The kernel failed to start as '{0}' could not be imported from '{1}'.","DataScience.failedToStartKernelDueToUnknownDllLoadFailure":"The kernel failed to start as a dll could not be loaded.","DataScience.failedToStartKernelDueToDllLoadFailure":"The kernel failed to start as the dll '{0}' could not be loaded.","DataScience.failedToStartKernelDueToWin32APIFailure":"The kernel failed to start due to an error with the Win32api module. Consider (re) installing this module.","DataScience.failedToStartKernelDueToPyZmqFailure":"The kernel failed to start due to an error with the 'pyzmq' module. Consider re-installing this module.","DataScience.failedToStartKernelDueToOldIPython":"The kernel failed to start due to an outdated version of IPython. Consider updating this module to the latest version.","DataScience.failedToStartKernelDueToOldIPyKernel":"Der Kernel konnte aufgrund einer veralteten Version von IPyKernel nicht gestartet werden. Erwägen Sie, dieses Modul auf die neueste Version zu aktualisieren.","DataScience.failedToStartJupyter":"Fehler beim Starten von Jupyter in der Umgebung „{0}“. \r\nWeitere Details finden Sie in Jupyter [log](command:jupyter.viewOutput).","DataScience.failedToStartJupyterWithErrorInfo":"Fehler beim Starten von Jupyter in der Umgebung „{0}“. \r\n{1} \r\nWeitere Details finden Sie in Jupyter [log](command:jupyter.viewOutput).","DataScience.failedToStartJupyterDueToOutdatedTraitlets":"Fehler beim Starten von Jupyter in der Umgebung „{0}“, möglicherweise aufgrund einer veralteten Version von „traitlets“. \r\n{1} \r\nErwägen Sie, das Modul „traitlets“ auf „5.1.1“ oder höher zu aktualisieren. \r\nWeitere Details finden Sie in Jupyter [log](command:jupyter.viewOutput).","DataScience.installPackageInstructions":"Führen Sie den folgenden Befehl aus, um „{0}“ in der Python-Umgebung zu installieren. \r\nBefehl: '{1}'","DataScience.cannotRunCellKernelIsDead":"Cannot run cells, as the kernel '{0}' is dead.","DataScience.waitingForJupyterSessionToBeIdle":"Warten, bis die Jupyter-Sitzung im Leerlauf ist","DataScience.gettingListOfKernelsForLocalConnection":"Kernels holen","DataScience.gettingListOfKernelsForRemoteConnection":"Kernels holen","DataScience.gettingListOfKernelSpecs":"Abrufen der Kernel-Spezifikationen","DataScience.startingJupyterNotebook":"Jupyter Notebook starten","DataScience.registeringKernel":"Registrierung des Kernels","DataScience.trimmedOutput":"Die Ausgabe wurde aus Leistungsgründen gekürzt.\r\nUm die vollständige Ausgabe zu sehen, setzen Sie die Einstellung \"jupyter.textOutputLimit\" auf 0.","DataScience.connectingToJupyterUri":"Herstellen einer Verbindung mit dem Jupyter-Server unter {0}","DataScience.createdNewNotebook":"{0}: Neues Notebook wird erstellt ","DataScience.createdNewKernel":"{0}: Kernel gestartet: {1}","DataScience.kernelInvalid":"Kernel {0} ist nicht verwendbar. Weitere Informationen finden Sie auf der Registerkarte Jupyter-Ausgabe.","DataScience.nativeDependencyFail":"Wir können keinen Jupyter-Server starten, da Ihr Betriebssystem nicht unterstützt wird. Wählen Sie einen bereits laufenden Server aus, wenn Sie fortfahren möchten. {0}","DataScience.selectNewServer":"Wählen Sie Laufender Server","DataScience.jupyterSelectURIRemoteLabel":"Vorhanden","DataScience.jupyterSelectURIQuickPickTitleRemoteOnly":"Wählen Sie einen bereits laufenden Jupyter-Server aus","DataScience.jupyterSelectURIRemoteDetail":"Geben Sie den URI eines vorhandenen Servers an","DataScience.latestExtension":"Laden Sie die neueste Version der Jupyter-Erweiterung herunter","DataScience.loadClassFailedWithNoInternet":"Ladefehler {0}:{1}. Zum Laden von 3 Drittanbieter-Widgets ist eine Internetverbindung erforderlich.","DataScience.useCDNForWidgets":"Widgets erfordern, dass wir unterstützende Dateien von einer Website eines 3 Drittanbieters herunterladen. Klicken Sie [hier](https://aka.ms/PVSCIPyWidgets) für weitere Informationen.","DataScience.useCDNForWidgetsNoInformation":"Widgets erfordern, dass wir unterstützende Dateien von einer Website eines 3 Drittanbieters herunterladen.","DataScience.enableCDNForWidgetsSettingHtml":"Widgets erfordern, dass wir unterstützende Dateien von einer Website eines 3 Drittanbieters herunterladen. Klicken Sie <a href='https://command:jupyter.enableLoadingWidgetScriptsFromThirdPartySource'>hier</a>, um dies zu aktivieren, oder <a href='https://aka.ms/PVSCIPyWidgets'>hier</a>, um mehr zu erfahren Information. (Ladefehler {0}:{1}).","DataScience.enableCDNForWidgetsSetting":"Widgets erfordern, dass wir unterstützende Dateien von einer Website eines 3 Drittanbieters herunterladen. (Ladefehler {0}:{1}).","DataScience.enableCDNForWidgetsButton":"Downloads aktivieren","DataScience.widgetScriptNotFoundOnCDNWidgetMightNotWork":"Das Widget '{0}‘ Version '{1}' kann von den konfigurierten Widget - Quellen nicht gefunden werden {2}. Das erwartete Verhalten kann beeinträchtigt werden. Klicken Sie [hier](https://aka.ms/PVSCIPyWidgets) für weitere Informationen.","DataScience.cdnWidgetScriptNotAccessibleWarningMessage":"Das Widget „{0}“ kann aufgrund des Netzwerkzugriffs nicht von der Website{1} eines 3 Drittanbieters heruntergeladen werden. Das erwartete Verhalten kann beeinträchtigt werden. Klicken Sie [hier](https://aka.ms/PVSCIPyWidgets) für weitere Informationen.","DataScience.unhandledMessage":"Unhandled kernel message from a widget: {0} : {1}","DataScience.qgridWidgetScriptVersionCompatibilityWarning":"Eine kompatible Version des Widgets „qgrid“ kann nicht geladen werden. Erwägen Sie ein Downgrade auf Version 1.1.1.","DataScience.kernelStarting":"_Connecting to kernel..._","DataScience.kernelStartingCustom":"_Verbinden mit {0}..._","DataScience.libraryRequiredToLaunchJupyterKernelNotInstalledInterpreter":"Das Ausführen von Zellen mit „{0}“ erfordert {1} ein Paket.","DataScience.libraryRequiredToLaunchJupyterKernelNotInstalledInterpreterAndRequiresUpdate":"Das Ausführen von Zellen mit „{0}“ erfordert {1} ein installiertes Paket oder ein Update.","DataScience.runByLine":"Zeilenweise ausführen (F10)","DataScience.stopRunByLine":"Halt","DataScience.couldNotInstallLibrary":"Das {0}-Paket konnte nicht installiert werden. Wenn Pip nicht verfügbar ist, verwenden Sie bitte den Paketmanager Ihrer Wahl, um diese Bibliothek manuell in Ihrer Python-Umgebung zu installieren.","DataScience.rawKernelSessionFailed":"Unable to start session for kernel {0}. Select another kernel to launch with.","DataScience.rawKernelStartFailedDueToTimeout":"Kernel '{0}' kann wegen Verbindungszeitüberschreitung nicht gestartet werden. \r\nWeitere Details finden Sie in Jupyter [log](command:jupyter.viewOutput).","DataScience.rawKernelConnectingSession":"Connecting to kernel {0}","DataScience.reloadCustomEditor":"Bitte laden Sie VS Code neu, um die benutzerdefinierte Editor-API zu verwenden","DataScience.reloadVSCodeNotebookEditor":"Bitte laden Sie VS Code neu, um den Notebook-Editor zu verwenden","DataScience.step":"Nächste Zeile ausführen (F10)","DataScience.usingPreviewNotebookWithOtherNotebookWarning":"Es wird nicht empfohlen, dieselbe Datei im Vorschau-Notebook-Editor und im stabilen Notebook-Editor zu öffnen. Andernfalls könnten Daten verloren gehen oder Notebooks beschädigt werden.","DataScience.unknownServerUri":"Server-URI kann nicht verwendet werden. Haben Sie eine Erweiterung deinstalliert, die eine Jupyter-Serververbindung bereitgestellt hat?","DataScienceRendererExtension.installingExtension":"Notebook Renderers-Erweiterung wird installiert...","DataScienceRendererExtension.installationCompleteMessage":"komplett.","DataScienceRendererExtension.startingDownloadOutputMessage":"Download der Notebook Renderers-Erweiterung wird gestartet.","DataScienceRendererExtension.downloadingMessage":"Notebook Renderers-Erweiterung wird heruntergeladen...","DataScienceRendererExtension.downloadCompletedOutputMessage":"Download der Notebook Renderers-Erweiterung abgeschlossen.","DataScience.uriProviderDescriptionFormat":"{0} (Von {1} Erweiterung)","DataScience.unknownPackage":"unbekannt","DataScience.interactiveWindowTitle":"Interaktiv","DataScience.interactiveWindowTitleFormat":"Interaktiv- {0}","DataScience.interactiveWindowModeBannerTitle":"Möchten Sie ein neues interaktives Fenster für diese Datei öffnen? [Weitere Informationen](Befehl:workbench.action.openSettings?%5B%22jupyter.interactiveWindowMode%22%5D).","DataScience.interactiveWindowModeBannerSwitchYes":"Ja","DataScience.interactiveWindowModeBannerSwitchAlways":"Immer","DataScience.interactiveWindowModeBannerSwitchNo":"Nein","DataScience.noKernelsSpecifyRemote":"No kernel available for cell execution, please [specify a Jupyter server for connections](command:jupyter.selectjupyteruri)","DataScience.ipykernelNotInstalled":"IPyKernel nicht im Interpreter installiert {0}","DataScience.ipykernelNotInstalledBecauseCanceled":"IPyKernel nicht im Interpreter installiert. Installation abgebrochen.","DataScience.needIpykernel6":"Ipykernel-Setup für diese Funktion erforderlich","DataScience.setup":"Setup","DataScience.startingRunByLine":"Run by Line starten","DataScience.illegalEditorConfig":"CustomEditor- und NativeNotebook-Experimente können nicht zusammen aktiviert werden","DataScience.pythonExtensionRequired":"Die Python-Erweiterung ist erforderlich, um diese Aufgabe auszuführen. Klicken Sie auf „Ja“, um die Installationsseite der Python-Erweiterung zu öffnen.","DataScience.pythonExtensionRequiredToRunNotebook":"Python-Erweiterung zum Ausführen von Python-Notebooks erforderlich.","DataScience.installingPythonExtension":"Python-Erweiterung installieren und Kernel lokalisieren.","DataScience.pythonExtensionInstalled":"Die Python-Erweiterung ist jetzt installiert. Einige Funktionen sind möglicherweise erst verfügbar, wenn eine Notebook- oder interaktive Fenstersitzung neu gestartet wird.","DataScience.showDataViewerFail":"Der Daten-Viewer konnte nicht erstellt werden. Weitere Informationen finden Sie auf der Registerkarte Jupyter des Ausgabefensters.","DataScience.notebookCreationPickerPlaceHolder":"Wählen Sie eine Option aus, um ein leeres Notizbuch zu erstellen","DataScience.refreshDataViewer":"Datenanzeige aktualisieren","DataScience.refreshDataViewerCommandPalette":"Datenanzeige Aktualisieren","DataScience.sliceDropdownAxisLabel":"Axis","DataScience.sliceDropdownIndexLabel":"Index","DataScience.sliceSubmitButton":"Übernehmen","DataScience.sliceSummaryTitle":"SCHNEIDEN","DataScience.dataViewerShowFilters":"Filter anzeigen","DataScience.dataViewerHideFilters":"Filter ausblenden","DataScience.sliceData":"Slice-Daten","DataScience.sliceIndexError":"Index {0} außerhalb des Bereichs für Achse {1} mit {2} Elementen","DataScience.sliceMismatchedAxesError":"Erwartete {0} Achsen, erhalten {1} in Slice-Ausdruck","DataScience.clearFilters":"Alle Filter löschen","DataScience.defaultNotebookName":"Standard","DataScience.recommendExtensionForNotebook":"Die Erweiterung {0} wird für Notebooks empfohlen, die auf die Sprache „{1}“ abzielen.","DataScience.interactiveClearAllCells":"Alle löschen","DataScience.interactiveGoToCode":"Zum Code wechseln","DataScience.kernelWasNotStarted":"Kernel wurde nicht gestartet. Zum Starten des Debugging ist eine Kernel-Session erforderlich.","DataScience.noNotebookToDebug":"Kein aktives Notebook-Dokument zum Debuggen.","DataScience.cantStartDebugging":"Das Debuggen kann nicht gestartet werden.","DataScience.customEditorBanner":"Dieser Editor ist veraltet und wird nach 1.59 von VS Code entfernt.  [Weitere Informationen zu unserem neuen Notebook-Editor](https://aka.ms/vscodeNotebookEditorBanner).","DataScience.importingIpynb":"Notebook-Datei importieren.","DataScience.exportingToFormat":"Exportieren nach {0}.","DataScience.matplotlibWidgetInsteadOfOther":"„%matplotlib-Widget“ oder „%matplotlib inline“ funktioniert am besten in VS-Code-Notebooks.","DataScience.matplotlibWidgetCodeActionTitle":"Weitere Informationen","DataScience.cellAtFormat":"{0} Zelle „{1}“","DataScience.jupyterServerConsoleOutputChannel":"Jupyter Server-Konsole","DataScience.kernelConsoleOutputChannel":"{0} Ausgabe der Kernel-Konsole","Installer.noCondaOrPipInstaller":"In der ausgewählten Umgebung ist kein Conda- oder Pip-Installationsprogramm verfügbar.","Installer.noPipInstaller":"In der ausgewählten Umgebung ist kein Pip-Installationsprogramm verfügbar.","Installer.searchForHelp":"Suche nach Hilfe","Installer.couldNotInstallLibrary":"Konnte nicht installiert werden {0}. Wenn pip nicht verfügbar ist, verwenden Sie bitte den Paketmanager Ihrer Wahl, um diese Bibliothek manuell in Ihrer Python-Umgebung zu installieren.","Installer.dataScienceInstallPrompt":"Die Data Science-Bibliothek {0} ist nicht installiert. Installieren?","Products.installingModule":"Installieren {0}","DataScience.webNotSupported":"Der Vorgang wird in der Webversion der Jupyter-Erweiterung nicht unterstützt.","DataScience.outputSizeExceedLimit":"Die Ausgabe überschreitet die <a href= {0}>Größenbeschränkung</a>. Öffnen Sie die vollständigen Ausgabedaten <a href={1}>in einem Texteditor</a>","DataScience.installPythonTitle":"Installieren von Python","DataScience.installPythonExtensionViaKernelPickerTitle":"Python-Erweiterung installieren","DataScience.pickDocumentKernelSourceTitle":"Anderen Jupyter-Kernel auswählen...","DataScience.failedToInstallPythonExtension":"Fehler beim Installieren der Python-Erweiterung.","DataScience.kernelPrefixForRemote":"(Remote)","DataScience.pythonFileOverridesPythonPackage":"Diese Datei könnte möglicherweise ein vorhandenes Python-Paket überschreiben und die Kernelausführung stören. Erwägen Sie, es umzubenennen.","DataScience.alwaysIgnoreWarningsAboutOverridingPythonPackages":"Warnungen zum Überschreiben von Python-Paketen immer ignorieren","DataScience.ignoreWarningAboutOverridingPythonPackage":"Warnung für „{0}“ ignorieren","DataScience.moreInfoAboutFileNamesOverridingPythonPackages":"Weitere Informationen zum Überschreiben von Python-Paketen","DataScience.reservedPythonFileNamesDiagnosticCollectionName":"Reservierte Python-Dateinamen","DataScience.filesPossiblyOverridingPythonModulesMayHavePreventedKernelFromStarting":"Einige der folgenden Dateien im Arbeitsverzeichnis haben möglicherweise den Start des Kernels verhindert. Erwägen Sie, diese umzubenennen.","DataScience.listOfFilesWithLinksThatMightNeedToBeRenamed":"Datei(en): {0} muss möglicherweise umbenannt werden.","jupyter.configuration.jupyter.diagnostics.reservedPythonNames.enabled.markdownDescription":"Gibt an, ob Warnungen zu Python-Dateinamen angezeigt werden sollen, die möglicherweise [Python-Pakete überschreiben](https://aka.ms/JupyterKernelStartFailureOverrideReservedName).","jupyter.configuration.jupyter.diagnostics.reservedPythonNames.exclude.markdownDescription":"Konfigurieren Sie [Globmuster](https://code.visualstudio.com/docs/editor/codebasics#_advanced-search-options), um Dateien und Ordner von der Warnung bezüglich [Überschreiben von Python-Paketen](https://aka.ms/JupyterKernelStartFailureOverrideReservedName) auszuschließen.","DataScience.localKernelFinderDisplayName":"Lokale Kernel","DataScience.localKernelSpecs":"Lokale Kernelspezifikationen","DataScience.pickLocalKernelSpecTitle":"Lokale Kernelspezifikation auswählen","DataScience.localPythonEnvironments":"Lokale Python-Umgebungen","DataScience.pickLocalKernelPythonEnvTitle":"Lokale Python-Umgebung auswählen","DataScience.universalRemoteKernelFinderDisplayName":"Remoterepository – {0}","DataScience.remoteKernelFinderDisplayName":"Aktuelles Remoterepository","DataScience.kernelPickerSelectSourceTitle":"Anderen Jupyter-Kernel auswählen...","DataScience.kernelPickerSelectKernelTitle":"Kernel auswählen","DataScience.kernelPickerSelectLocalKernelSpecTitle":"Lokale Kernelspezifikation auswählen","DataScience.kernelPickerSelectPythonEnvironmentTitle":"Lokale Python-Umgebung auswählen","DataScience.kernelPickerSelectKernelFromRemoteTitle":"Kernel aus {0} auswählen","DataScience.UserJupyterServerUrlProviderDisplayName":"Vorhandener Jupyter-Server","DataScience.UserJupyterServerUrlProviderDetail":"Herstellen einer Verbindung mit einem vorhandenen Jupyter-Server","DataScience.UserJupyterServerUrlAlreadyExistError":"Ein Jupyter-Server mit derselben URL ist bereits vorhanden."}
