{
	"products.installingModule": "Instalando {0}",
	"capabilities.untrustedWorkspace.description": "La ejecución de celdas en la Ventana Interactiva y en los blocs de notas no es compatible con las áreas de trabajo no confiables.",
	"contributes.walkthroughs.jupyterWelcome.title": "Introducción a los cuadernos de Jupyter Notebook",
	"contributes.walkthroughs.jupyterWelcome.description": "Sus primeros pasos para configurar un proyecto Jupyter con todas las potentes herramientas y funciones que ofrece la extensión Jupyter.",
	"contributes.walkthroughs.jupyterWelcome.steps.ipynb.newUntitledIpynb.title": "Crear o abrir un Jupyter Notebook",
	"contributes.walkthroughs.jupyterWelcome.steps.ipynb.newUntitledIpynb.description": "Haga clic con el botón derecho del ratón en el explorador de archivos y cree un nuevo archivo con extensión .ipynb. O bien, abra la [paleta de comandos](command:workbench.action.showCommands) y ejecute el comando \r\n\"Crear: nuevo bloc de notas de Jupyter\".\r\n[crear un nuevo bloc de notas de Jupyter](command:toSide:ipynb.newUntitledIpynb)\r\n Si tiene un proyecto existente, también puede [abrir una carpeta](command:toSide:workbench.action.files.openFolder) y/o clonar un proyecto desde GitHub: [clonar un repositorio Git](command:toSide:git.clone).",
	"contributes.walkthroughs.jupyterWelcome.steps.ipynb.newUntitledIpynb.media.altText": "Creación de un nuevo bloc de notas de Jupyter",
	"contributes.walkthroughs.jupyterWelcome.steps.jupyter.selectKernel.title": "Seleccione un núcleo Jupyter",
	"contributes.walkthroughs.jupyterWelcome.steps.jupyter.selectKernel.description": "Haga clic en Seleccionar núcleo en la parte superior derecha del bloc de notas y elija el entorno en el que desea ejecutar su núcleo. O bien, con el bloc de notas abierto y enfocado, abra la [paleta de comandos](command:workbench.action.showCommands) y ejecute el comando \r\n\"Bloc de notas: seleccionar núcleo de bloc de notas\". \r\n[abrir la Paleta de comandos para seleccionar un núcleo de Jupyter](command:workbench.action.showCommands)",
	"contributes.walkthroughs.jupyterWelcome.steps.jupyter.selectKernel.media.altText": "Seleccionar o cambiar el núcleo de un bloc de notas",
	"contributes.walkthroughs.jupyterWelcome.steps.jupyter.exploreAndDebug.title": "Explorar datos y depurar",
	"contributes.walkthroughs.jupyterWelcome.steps.jupyter.exploreAndDebug.description": "📅 Puede utilizar el [visor de datos](https://code.visualstudio.com/docs/datascience/data-science-tutorial#_prepare-the-data) para ver, ordenar y filtrar las filas de datos. Después de cargar tus datos, haga clic en \"Variables\" en la parte superior derecha del bloc de notas y haga clic en el icono del Visor de datos a la izquierda de la tabla de datos. \r\n \r\n[más información sobre el Visor de datos](https://code.visualstudio.com/docs/datascience/data-science-tutorial#_prepare-the-data)\r\n \r\n📒 Depure su bloc de notas utilizando el modo [ejecutar por línea](https://code.visualstudio.com/docs/datascience/jupyter-notebooks#_run-by-line) para ejecutar una celda por línea. Haga clic en el icono Ejecutar por línea de la celda (botón de reproducción con líneas) o presione F10. \r\n \r\n[obtenga más información sobre la ejecución por líneas](https://code.visualstudio.com/docs/datascience/jupyter-notebooks#_run-by-line)",
	"contributes.walkthroughs.jupyterWelcome.steps.jupyter.exploreAndDebug.media.altText": "Abrir el visor de datos",
	"contributes.walkthroughs.jupyterWelcome.steps.jupyter.dataScienceLearnMore.title": "¡Más información!",
	"contributes.walkthroughs.jupyterWelcome.steps.jupyter.dataScienceLearnMore.description": "🎨 Explorar todas las funciones que ofrece la Extensión Jupyter buscando \"Jupyter\" en la [Paleta de comandos](command:workbench.action.showCommands). \r\n 📈 Obtenga más información sobre cómo iniciarse en la ciencia de datos en [Python](command:workbench.action.openWalkthrough?%7B%22category%22%3A%22ms-python.python%23pythonDataScienceWelcome%22%2C%22step%22%3A%22ms-python.python%23python.createNewNotebook%22%7D) by installing the Python Extension ([search Python extension](command:workbench.extensions.search?\"ms-python.python\")). \r\n 📃 Descubra más funciones en nuestros [Tutoriales](https://code.visualstudio.com/docs/datascience/jupyter-notebooks). \r\n[más información](https://aka.ms/AAdar6q)",
	"contributes.walkthroughs.jupyterWelcome.steps.jupyter.dataScienceLearnMore.media.altText": "Imagen que representa nuestra página de documentación y recursos de la lista de correo.",
	"jupyter.command.dataScience.clearCache.title": "Borrar caché",
	"jupyter.command.jupyter.replayPylanceLog.title": "Registro de repetición de Pylance",
	"jupyter.command.jupyter.replayPylanceLogStep.title": "Registro de Step Pylance",
	"jupyter.command.jupyter.exportAsPythonScript.title": "Exportar a script de Python",
	"jupyter.command.jupyter.exportToHTML.title": "Exportar a HTML",
	"jupyter.command.jupyter.exportToPDF.title": "Exportar a PDF",
	"jupyter.command.jupyter.debug.title": "Depurar",
	"jupyter.command.jupyter.filterKernels.title": "Núcleos de filtro",
	"jupyter.command.jupyter.runByLine.title": "Ejecutar por línea",
	"jupyter.command.jupyter.debugCell.title": "Depurar celda",
	"jupyter.command.jupyter.runByLineNext.title": "Ejecutar línea siguiente",
	"jupyter.command.jupyter.runByLineStop.title": "Continuar ejecución",
	"DataScience.checkingIfImportIsSupported": "Comprobando si se admite \"import\"",
	"DataScience.validatingKernelDependencies": "Validando dependencias de kernel",
	"DataScience.installingMissingDependencies": "Instalando las dependencias que faltan",
	"DataScience.exportNotebookToPython": "Exportación de Notebook a Python",
	"DataScience.performingExport": "Realizando exportación",
	"DataScience.convertingToPDF": "Convirtiendo a PDF",
	"DataScience.exportHTMLQuickPickLabel": "HTML",
	"DataScience.exportPDFQuickPickLabel": "PDF",
	"DataScience.openExportedFileMessage": "¿Desea abrir el archivo exportado?",
	"DataScience.openExportFileYes": "Sí",
	"DataScience.openExportFileNo": "No",
	"DataScience.failedExportMessage": "Error de exportación.",
	"DataScience.validationErrorMessageForRemoteUrlProtocolNeedsToBeHttpOrHttps": "Debe ser http(s)",
	"DataScience.exportFailedGeneralMessage": "Consulte el panel de [output] (command:jupyter.viewOutput) de \"Jupyter\" para obtener más detalles.",
	"DataScience.exportToPDFDependencyMessage": "Si no ha instalado xelatex (TeX), tendrá que hacerlo para poder exportar a PDF. Para obtener más instrucciones, vaya a https://nbconvert.readthedocs.io/en/latest/install.html#installing-tex. \r\nPara evitar la instalación de xelatex (TeX), puede intentar exportar a HTML y usar la característica \"Imprimir en PDF\" de los exploradores.",
	"DataScience.insecureSessionMessage": "La conexión a través de HTTP sin un token puede ser una conexión no segura. ¿Desea conectarse a un servidor posiblemente no seguro?",
	"DataScience.insecureSessionDenied": "Se denegó la conexión al servidor no seguro.",
	"DataScience.pythonNotInstalled": "Python no está instalado. \r\nDescargue e instale Python para ejecutar celdas en este cuaderno.",
	"DataScience.installKernel": "No se encontró el Kernel de Jupyter \"{0}\" y debe instalarse para ejecutar celdas en este cuaderno.",
	"DataScience.customizeLayout": "Personalizar diseño",
	"DataScience.warnWhenSelectingKernelWithUnSupportedPythonVersion": "Ya no se admite la versión de Python asociada al kernel seleccionado. Considere la posibilidad de seleccionar un kernel diferente.",
	"DataScience.activatingPythonEnvironment": "Activando el entorno de Python '{0}'",
	"jupyter.kernel.percentPipCondaInstallInsteadOfBang": "Usar \"%{0} install\" en lugar de \"!{0} install\"",
	"jupyter.kernel.pipCondaInstallHoverWarning": "\"!{0} install\" podría instalar paquetes en un entorno incorrecto. [Más información]({1})",
	"jupyter.kernel.replacePipCondaInstallCodeAction": "Reemplazar por \"%{0} install\"",
	"jupyter.kernel.filter.placeholder": "Elija los kernels disponibles en el selector de kernel.",
	"jupyter.kernel.category.jupyterSession": "({0}) Sesión de Jupyter",
	"jupyter.kernel.category.jupyterKernel": "Kernel de Jupyter",
	"jupyter.kernel.category.jupyterRemoteKernel": "({0}) Kernel de Jupyter",
	"DataScience.kernelDefaultRemoteDisplayName": "Remoto",
	"jupyter.kernel.category.conda": "Conda Env",
	"jupyter.kernel.category.poetry": "Entorno Poetry",
	"jupyter.kernel.category.pipenv": "Entorno Pipenv",
	"jupyter.kernel.category.pyenv": "Entorno de PyEnv",
	"jupyter.kernel.category.global": "Entorno global",
	"jupyter.kernel.category.virtual": "Entorno virtual",
	"jupyter.command.jupyter.viewLanguageServerOutput.title": "Mostrar la salida del servidor de lenguaje",
	"jupyter.command.jupyter.selectAndRunTestMethod.title": "Ejecutar método de prueba...",
	"jupyter.command.jupyter.selectAndDebugTestMethod.title": "Depurar método de prueba...",
	"jupyter.command.jupyter.selectAndRunTestFile.title": "Ejecutar archivo de prueba...",
	"jupyter.command.jupyter.runCurrentTestFile.title": "Ejecutar archivo de prueba actual",
	"jupyter.command.jupyter.runFailedTests.title": "Ejecutar pruebas con errores",
	"jupyter.command.jupyter.discoverTests.title": "Detectar pruebas",
	"jupyter.command.jupyter.discoveringTests.title": "Descubriendo...",
	"jupyter.command.jupyter.stopTests.title": "Detener",
	"jupyter.command.jupyter.configureTests.title": "Configurar pruebas",
	"jupyter.command.jupyter.execSelectionInTerminal.title": "Ejecutar selección o línea en el terminal de Python",
	"jupyter.command.jupyter.execSelectionInDjangoShell.title": "Ejecutar la selección o línea en el shell de Django",
	"jupyter.command.jupyter.goToPythonObject.title": "Ir al objeto de Python",
	"jupyter.command.jupyter.setLinter.title": "Seleccionar Linter",
	"jupyter.command.jupyter.enableLinting.title": "Habilitar linting",
	"jupyter.command.jupyter.runLinting.title": "Ejecutar linting",
	"jupyter.command.jupyter.runFileInteractive.title": "Ejecutar archivo actual en ventana interactiva",
	"jupyter.command.jupyter.debugFileInteractive.title": "Depurar archivo actual en ventana interactiva",
	"jupyter.command.jupyter.runallcells.title": "Ejecutar todas las celdas",
	"jupyter.command.jupyter.notebookeditor.expandallcells.title": "Expandir todas las celdas de Notebook",
	"jupyter.command.jupyter.notebookeditor.collapseallcells.title": "Contraer todas las celdas de Notebook",
	"jupyter.command.jupyter.runallcellsabove.title": "Ejecutar arriba",
	"jupyter.command.jupyter.runcellandallbelow.title": "Ejecutar a continuación",
	"jupyter.command.jupyter.runallcellsabove.palette.title": "Ejecutar celdas encima de la celda actual",
	"jupyter.command.jupyter.runcurrentcellandallbelow.palette.title": "Ejecutar celda actual e inferior",
	"jupyter.command.jupyter.debugcurrentcell.palette.title": "Depurar celda actual",
	"jupyter.command.jupyter.debugcell.title": "Depurar celda",
	"jupyter.command.jupyter.debugstepover.title": "Paso a paso por procedimientos",
	"jupyter.command.jupyter.debugcontinue.title": "Continuar",
	"jupyter.command.jupyter.debugstop.title": "Detener",
	"jupyter.command.jupyter.runtoline.title": "Ejecutar hasta la línea en la ventana interactiva",
	"jupyter.command.jupyter.runfromline.title": "Ejecutar desde línea en la ventana interactiva",
	"jupyter.command.jupyter.runcurrentcell.title": "Ejecutar celda actual",
	"jupyter.command.jupyter.runcurrentcelladvance.title": "Ejecutar celda actual y avanzar",
	"jupyter.command.jupyter.execSelectionInteractive.title": "Ejecutar selección o línea en la ventana interactiva",
	"jupyter.command.jupyter.runcell.title": "Ejecutar celda",
	"jupyter.command.jupyter.insertCellBelowPosition.title": "Insertar celda debajo de la posición",
	"jupyter.command.jupyter.insertCellBelow.title": "Insertar celda abajo",
	"jupyter.command.jupyter.insertCellAbove.title": "Insertar celda arriba",
	"jupyter.command.jupyter.deleteCells.title": "Eliminar celdas seleccionadas",
	"jupyter.command.jupyter.selectCell.title": "Seleccionar celda",
	"jupyter.command.jupyter.selectCellContents.title": "Seleccionar contenido de celda",
	"jupyter.command.jupyter.extendSelectionByCellAbove.title": "Extender selección por celda superior",
	"jupyter.command.jupyter.extendSelectionByCellBelow.title": "Extender selección por celda inferior",
	"jupyter.command.jupyter.moveCellsUp.title": "Subir celdas seleccionadas",
	"jupyter.command.jupyter.moveCellsDown.title": "Bajar celdas seleccionadas",
	"jupyter.command.jupyter.changeCellToMarkdown.title": "Cambiar la celda a Markdown",
	"jupyter.command.jupyter.changeCellToCode.title": "Cambiar la celda a código",
	"jupyter.command.jupyter.gotoNextCellInFile.title": "Ir a la celda siguiente",
	"jupyter.command.jupyter.gotoPrevCellInFile.title": "Ir a la celda anterior",
	"jupyter.command.jupyter.showhistorypane.title": "Mostrar ventana interactiva",
	"jupyter.command.jupyter.createnewinteractive.title": "Crear ventana interactiva",
	"jupyter.command.jupyter.selectjupyteruri.title": "Especificar el servidor de Jupyter para conexiones",
	"DataScience.jupyterNativeNotebookUriStatusLabelForLocal": "Servidor de Jupyter: local",
	"DataScience.jupyterNativeNotebookUriStatusLabelForRemote": "Servidor de Jupyter: remoto",
	"jupyter.command.jupyter.selectjupytercommandline.title": "Especificar argumentos de la línea de comandos de Jupyter",
	"jupyter.command.jupyter.importnotebook.title": "Importar Jupyter Notebook",
	"jupyter.command.jupyter.importnotebookfile.title": "Importar bloc de notas a script",
	"jupyter.command.jupyter.exportoutputasnotebook.title": "Exportar ventana interactiva como Jupyter Notebook",
	"jupyter.command.jupyter.exportfileasnotebook.title": "Exportar el archivo de Python actual como Jupyter Notebook",
	"jupyter.command.jupyter.exportfileandoutputasnotebook.title": "Exportar archivo y salida actuales de Python como Jupyter Notebook",
	"jupyter.command.jupyter.undocells.title": "Deshacer la última acción interactiva",
	"jupyter.command.jupyter.redocells.title": "Rehacer Última acción interactiva",
	"jupyter.command.jupyter.removeallcells.title": "Eliminar todas las celdas interactivas",
	"jupyter.command.jupyter.notebookeditor.removeallcells.title": "Eliminar todas las celdas del Editor de Notebook",
	"jupyter.command.jupyter.notebookeditor.addcellbelow.title": "Agregar celda vacía al archivo de Notebook",
	"jupyter.command.jupyter.notebookeditor.keybind.undo.title": "Deshacer",
	"jupyter.command.jupyter.notebookeditor.keybind.save.title": "Guardar",
	"jupyter.command.jupyter.interruptkernel.title": "Interrumpir Kernel",
	"jupyter.command.jupyter.interruptkernel.shorttitle": "Interrumpir",
	"DataScience.restartKernel": "Reiniciar Kernel",
	"jupyter.command.jupyter.restartkernel.title": "Reiniciar Kernel",
	"jupyter.command.jupyter.restartkernel.shorttitle": "Reiniciar",
	"jupyter.command.jupyter.expandallcells.title": "Expandir todas las celdas interactivas",
	"jupyter.command.jupyter.collapseallcells.title": "Contraer todas las celdas interactivas",
	"jupyter.command.jupyter.expandallcells.shorttitle": "Expandir",
	"jupyter.command.jupyter.collapseallcells.shorttitle": "Contraer",
	"jupyter.command.jupyter.addcellbelow.title": "Agregar celda vacía al archivo",
	"jupyter.command.jupyter.createnewnotebook.title": "Crear un nuevo Jupyter Notebook",
	"jupyter.command.jupyter.scrolltocell.title": "Desplazar celda a la vista",
	"jupyter.command.jupyter.selectJupyterInterpreter.title": "Seleccionar intérprete para iniciar el servidor de Jupyter",
	"jupyter.command.jupyter.enableDebugLogging.title": "Habilitar registro de depuración",
	"jupyter.command.jupyter.resetLoggingLevel.title": "Restablecer nivel de registro",
	"jupyter.command.jupyter.showDataViewer.title": "Ver valor en el Visor de datos",
	"jupyter.command.jupyter.viewOutput.title": "Mostrar salida",
	"DataScience.viewJupyterLogForFurtherInfo": "Vea el [registro] de Jupyter (command:jupyter.viewOutput) para obtener más detalles.",
	"jupyter.showJupyterLogs": "Mostrar registros de Jupyter",
	"jupyter.command.jupyter.clearSavedJupyterUris.title": "Borrar lista de servidores remotos de Jupyter",
	"jupyter.command.jupyter.openVariableView.title": "Abrir vistas variables",
	"jupyter.command.jupyter.openVariableView.shorttitle": "Variables",
	"jupyter.command.jupyter.openOutlineView.title": "Mostrar tabla de contenido (vista esquema)",
	"jupyter.command.jupyter.openOutlineView.shorttitle": "Esquema",
	"DataScience.currentlySelectedJupyterInterpreterForPlaceholder": "actual: {0}",
	"jupyter.command.jupyter.analysis.clearCache.title": "Borrar caché de análisis de módulos",
	"jupyter.command.jupyter.analysis.restartLanguageServer.title": "Reiniciar servidor de lenguaje",
	"jupyter.commandPalette.jupyter.replayPylanceLog.title": "Registro de repetición de Pylance",
	"jupyter.notebookRenderer.IPyWidget.displayName": "Jupyter IPyWidget Renderer",
	"jupyter.notebookRenderer.Error.displayName": "Renderizador de errores de Jupyter",
	"jupyter.debuggers.kernel": "Adaptador de depuración del núcleo de Python",
	"jupyter.debuggers.interactive": "Ventana interactiva de Python",
	"jupyter.configuration.jupyter.experiments.enabled.description": "Habilita/deshabilita las pruebas A/B.",
	"jupyter.configuration.jupyter.showVariableViewWhenDebugging.description": "Trae la Vista de variables cuando se inicia una sesión de Ejecución por Línea.",
	"jupyter.configuration.jupyter.logging.level.description": "El nivel de registro de la extensión.",
	"jupyter.configuration.jupyter.experiments.optInto.markdownDescription": "Lista de experimentos para participar. Si está vacía, al usuario se le asignan los grupos de experimentos de forma predeterminada [Más información](https://github.com/microsoft/vscode-jupyter/wiki/Experiments).",
	"jupyter.configuration.jupyter.experiments.optOutFrom.markdownDescription": "Lista de experimentos a excluir. Si está vacía, al usuario se le asignan los grupos de experimentos predeterminados. [más información](https://github.com/microsoft/vscode-jupyter/wiki/Experiments).",
	"jupyter.configuration.jupyter.enableKeyboardShortcuts.deprecationMessage": "Esta configuración ha quedado obsoleta ya que los atajos de teclado de Jupyter se han trasladado a la extensión ms-toolsai.jupyter-keymap. Si desea desactivar los atajos de teclado de Jupyter, desinstale o deshabilite esa extensión.",
	"jupyter.configuration.jupyter.enableKeyboardShortcuts.description": "Habilite los atajos de teclado estilo Jupyter para los blocs de notas.",
	"jupyter.configuration.jupyter.allowImportFromNotebook.deprecationMessage": "Esta configuración es obsoleta y será eliminada en la próxima versión.",
	"jupyter.configuration.jupyter.allowImportFromNotebook.description": "Permite al usuario importar un bloc de notas jupyter en un archivo python cada vez que se abre uno.",
	"jupyter.configuration.jupyter.widgetScriptSources.items.enumDescriptions.0": "Carga los scripts de los widgets (javascript) desde https://www.jsdelivr.com/",
	"jupyter.configuration.jupyter.widgetScriptSources.items.enumDescriptions.1": "Carga los scripts de los widgets (javascript) desde https://unpkg.com/",
	"jupyter.configuration.jupyter.widgetScriptSources.markdownDescription": "Define la ubicación y el orden de las fuentes de donde se descargan los archivos de scripts para los Widgets (por ejemplo, ipywidgest, bqplot, beakerx, ipyleaflet, etc). Si no se selecciona alguno de ellos, los widgets podrían no renderizarse o funcionar correctamente. Consulte [aquí](https://aka.ms/PVSCIPyWidgets) para obtener más información. Una vez actualizado deberá reiniciar el núcleo.",
	"jupyter.configuration.jupyter.askForLargeDataFrames.description": "Advierte al usuario antes de intentar abrir marcos de datos realmente grandes.",
	"jupyter.configuration.jupyter.askForKernelRestart.description": "Advertir al usuario antes de reiniciar un kernel.",
	"jupyter.configuration.jupyter.exportWithOutputEnabled.description": "Habilite la exportación de un archivo python a un bloc de notas jupyter y ejecute todas las celdas al hacerlo.",
	"jupyter.configuration.jupyter.jupyterLaunchTimeout.description": "Cantidad de tiempo (en ms) que hay que esperar para que se inicie el servidor Jupyter Notebook",
	"jupyter.configuration.jupyter.jupyterLaunchRetries.description": "Número de veces que se intenta conectar al Jupyter Notebook",
	"jupyter.configuration.jupyter.jupyterCommandLineArguments.description": "Cuando se inicia un servidor Jupyter de Editor de bloc de notas o Ventana Interactiva, se le pasarán estos argumentos. Esta lista es generada por la Extensión Jupyter por defecto.",
	"jupyter.configuration.jupyter.notebookFileRoot.description": "Establecer el directorio raíz para la ejecución de blocs de notas y la ventana interactiva.",
	"jupyter.configuration.jupyter.searchForJupyter.deprecationMessage": "Esta configuración es obsoleta y será eliminada en la próxima versión.",
	"jupyter.configuration.jupyter.searchForJupyter.description": "Buscar todos los intérpretes de Python instalados para una instalación de Jupyter al iniciar la ventana interactiva",
	"jupyter.configuration.jupyter.useDefaultConfigForJupyter.description": "Cuando Jupyter es ejecutado de forma local, se crea una configuración de Jupyter vacía por defecto para la ventana interactiva",
	"jupyter.configuration.jupyter.jupyterInterruptTimeout.description": "Cantidad de tiempo (en ms) para esperar una interrupción antes de pedir que se reinicie el núcleo de Jupyter.",
	"jupyter.configuration.jupyter.allowInput.deprecationMessage": "Esta configuración es obsoleta y será eliminada en la próxima versión.",
	"jupyter.configuration.jupyter.allowInput.description": "Permitir la entrada de código python directamente en la ventana interactiva",
	"jupyter.configuration.jupyter.showCellInputCode.deprecationMessage": "Esta configuración es obsoleta y será eliminada en la próxima versión.",
	"jupyter.configuration.jupyter.showCellInputCode.description": "Mostrar el código de entrada de la celda.",
	"jupyter.configuration.jupyter.collapseCellInputCodeByDefault.description": "Contraer el código de entrada de la celda predeterminado.",
	"jupyter.configuration.jupyter.collapseCellInputCodeByDefault.markdownDeprecationMessage": "Esta configuración ha quedado obsoleta, utilice \"#interactiveWindow.collapseCellInputCode#\" en su lugar.",
	"jupyter.configuration.jupyter.maxOutputSize.deprecationMessage": "Esta configuración es obsoleta y será eliminada en la próxima versión.",
	"jupyter.configuration.jupyter.maxOutputSize.description": "Tamaño máximo (en píxeles) de la salida de texto en el Editor de blocs de notas antes de que aparezca una barra de desplazamiento. Primero habilite el desplazamiento para las salidas de celdas en la configuración.",
	"jupyter.configuration.jupyter.alwaysScrollOnNewCell.description": "Desplazar automáticamente la ventana interactiva para mostrar la salida de la última sentencia ejecutada. Si es falso, la ventana interactiva solo se desplazará automáticamente si la parte inferior de la celda anterior es visible.",
	"jupyter.configuration.jupyter.alwaysScrollOnNewCell.deprecationMessage": "Esta configuración está obsoleta. Utilice la configuración \"interactiveWindow.alwaysScrollOnNewCell\" en su lugar.",
	"jupyter.configuration.jupyter.enableScrollingForCellOutputs.deprecationMessage": "Esta configuración es obsoleta y será eliminada en la próxima versión.",
	"jupyter.configuration.jupyter.enableScrollingForCellOutputs.description": "Activa el desplazamiento para las salidas de celdas grandes en el Editor de bloc de notas. Esta configuración no se aplica a la ventana interactiva.",
	"jupyter.configuration.jupyter.sendSelectionToInteractiveWindow.description": "Al pulsar shift+enter, envía el código seleccionado en un archivo Python a la ventana interactiva de Jupyter en lugar de a la terminal de Python.",
	"jupyter.configuration.jupyter.variableExplorerExclude.description": "Tipos que hay que excluir para que no sean mostrados en el Explorador Interactivo de Variables",
	"jupyter.configuration.jupyter.codeRegularExpression.description": "Expresión regular utilizada para identificar las celdas de código. Todo el código hasta la siguiente coincidencia se considera parte de esta celda.",
	"jupyter.configuration.jupyter.defaultCellMarker.description": "Marcador de celda utilizado para delinear una celda en un archivo python.",
	"jupyter.configuration.jupyter.markdownRegularExpression.description": "Expresión regular utilizada para identificar las celdas del markdown. Todos los comentarios que siguen a esta expresión son considerados parte del markdown.",
	"jupyter.configuration.jupyter.allowLiveShare.deprecationMessage": "Esta configuración está obsoleta, debido a que el soporte de Live Share para la ventana interactiva ya no existe en la Extensión Jupyter.",
	"jupyter.configuration.jupyter.allowLiveShare.description": "Permitir que la ventana interactiva sea compartida durante una sesión de Live Share",
	"jupyter.configuration.jupyter.ignoreVscodeTheme.deprecationMessage": "Esta configuración es obsoleta y será eliminada en la próxima versión.",
	"jupyter.configuration.jupyter.ignoreVscodeTheme.description": "No usar el tema de VS Code en la ventana interactiva (requiere recargar VS Code). Esto obliga a la ventana interactiva a usar \"Luz +(luz predeterminada)\" y desactiva los valores predeterminados de matplotlib.",
	"jupyter.configuration.jupyter.themeMatplotlibPlots.description": "En la ventana interactiva y en el tema del editor de blocs de notas, las salidas de matplotlib coinciden con el tema del editor de VS Code.",
	"jupyter.configuration.jupyter.liveShareConnectionTimeout.deprecationMessage": "Esta configuración es obsoleta y será eliminada en la próxima versión.",
	"jupyter.configuration.jupyter.liveShareConnectionTimeout.description": "Tiempo de espera para que las conexiones de los invitados verifiquen que tienen instalada la extensión de Python.",
	"jupyter.configuration.jupyter.decorateCells.description": "Dibujar un resaltado detrás de la celda activa actualmente.",
	"jupyter.configuration.jupyter.enableCellCodeLens.description": "Activar el modelo de código para las \"celdas\" en un archivo python.",
	"jupyter.configuration.jupyter.enableAutoMoveToNextCell.description": "Permite pasar a la siguiente celda al hacer clic en un modelo de código \"Ejecutar celda\".",
	"jupyter.configuration.jupyter.allowUnauthorizedRemoteConnection.description": "Permitir conectar la ventana interactiva a un servidor Jupyter https que no tiene certificados válidos. Esto puede ser un riesgo para la seguridad, por lo que solo se debe utilizar para servidores conocidos y de confianza.",
	"jupyter.configuration.jupyter.generateSVGPlots.description": "Genera la salida SVG para los trazados de los blocs de notas. Esto permite una mejor visualización en el visor de gráficos mediante la velocidad de generación y el tamaño del archivo.",
	"jupyter.configuration.jupyter.codeLenses.description": "Conjunto de comandos para poner como modelo de código encima de una celda.",
	"jupyter.configuration.jupyter.debugCodeLenses.description": "Conjunto de comandos de depuración para poner como modelo de código sobre una celda mientras se depura.",
	"jupyter.configuration.jupyter.debugpyDistPath.description": "Ruta de acceso a los bits de depuración para depurar las celdas.",
	"jupyter.configuration.jupyter.stopOnFirstLineWhileDebugging.description": "Al depurar una celda, deténgase en la primera línea.",
	"jupyter.configuration.jupyter.remoteDebuggerPort.description": "Al depurar una celda, abra este puerto en el cuadro remoto. Si se especifica -1, se intentará abrir un puerto aleatorio entre 8 889 y 9 000.",
	"jupyter.configuration.jupyter.disableJupyterAutoStart.description": "Cuando es verdadero, desactive la opción de que Jupyter se inicie automáticamente por usted. En su lugar, debe ejecutar una celda para iniciar Jupyter.",
	"jupyter.configuration.jupyter.textOutputLimit.deprecationMessage": "Esta configuración está obsoleta en favor de \"notebook.output.textLineLimit\". Esta configuración será eliminada en una próxima versión.",
	"jupyter.configuration.jupyter.textOutputLimit.description": "Limita la cantidad de texto en la salida de texto de la celda interactiva a este valor. 0 para permitir cualquier cantidad de caracteres.",
	"jupyter.configuration.jupyter.colorizeInputBox.deprecationMessage": "Esta configuración es obsoleta y será eliminada en una próxima versión.",
	"jupyter.configuration.jupyter.colorizeInputBox.description": "Usar o no el color de la información del tema como fondo del cuadro de entrada.",
	"jupyter.configuration.jupyter.stopOnError.description": "Detener la ejecución de celdas si una celda inicia una excepción.",
	"jupyter.configuration.jupyter.addGotoCodeLenses.description": "Después de ejecutar una celda, agregue un modelo de código \"Goto\" en la celda. Tenga en cuenta que al desactivar todas los modelos de código también se desactiva este modelo.",
	"jupyter.configuration.jupyter.variableQueries.markdownDescription": "Mapeo de lenguaje a consulta para devolver la lista de variables activas en un núcleo Jupyter. Utilizado por el Explorador de variables tanto en la Ventana Interactiva como en los blocs de notas. Ejemplo:\r\n```\r\n[\r\n  {\r\n    \"language\": \"python\",\r\n    \"query\": \"%who_ls\",\r\n    \"parseExpr\": \"'(\\\\w+)'\"\r\n  }\r\n]\r\n```",
	"jupyter.configuration.jupyter.kernels.filter.items.markdownDescription": "Ruta completamente calificada a la especificación del núcleo o al entorno de Python. \r\nPor ejemplo, \"~/miniconda3/envs/sample/bin/python\".",
	"jupyter.configuration.jupyter.kernels.filter.markdownDescription": "Lista de núcleos Jupyter y/o entornos Python que deben ser excluidos del selector de núcleos.",
	"jupyter.configuration.jupyter.interactiveWindowMode.description": "Comportamiento de la ventana interactiva. \"perFile\" creará una nueva ventana interactiva para cada archivo que ejecute una celda. 'single' permite la creación de una sola ventana. 'multiple' permite la creación de varias.",
	"jupyter.configuration.jupyter.pythonCellFolding.description": "Habilite las regiones de plegado para celdas de código en archivos de Python. Esta configuración requiere una recarga de VS Code.",
	"jupyter.configuration.jupyter.interactiveWindowViewColumn.description": "Dónde abrir una ventana interactiva que no está asociada a un archivo de Python. \"beside\" abrirá la ventana interactiva a la derecha del editor activo. 'active' abrirá la ventana interactiva en lugar del editor activo. 'secondGroup' abrirá la ventana interactiva en el segundo grupo de editores.",
	"jupyter.configuration.jupyter.magicCommandsAsComments.description": "Quitar marca de comentario en las asignaciones del shell (#!), la magia de las líneas (#!%) y la magia de las celdas (#!%%) al analizar las celdas de código.",
	"jupyter.configuration.jupyter.pythonExportMethod.description": "El método a utilizar cuando se exporta un bloc de notas a un archivo Python. 'direct' copiará el código directamente como está. 'commentMagics' comentará las líneas que comienzan con magias de línea (%), magias de celda (%%), y comandos de la shell (!). 'nbconvert' instalará nbconvert y lo utilizará para la conversión que puede traducir la sintaxis de iPython a la sintaxis de Python.",
	"jupyter.configuration.jupyter.runStartupCommands.description": "Una serie de instrucciones de Python o comandos mágicos de iPython. Puede ser una matriz de cadenas o una sola cadena con comandos separados por \"\\n\". Los comandos se ejecutarán silenciosamente cada vez que se cargue la ventana interactiva. Por ejemplo, establezca esto a \"%load_ext autoreload\\n%autoreload 2\" para recargar automáticamente los cambios realizados en los archivos importados sin tener que reiniciar la sesión interactiva.",
	"jupyter.configuration.jupyter.debugJustMyCode.description": "When debugging, only step through user-written code. Disable this to allow stepping into library code.",
	"jupyter.configuration.jupyter.showOutlineButtonInNotebookToolbar.description": "Mostrar el botón de esquema en la barra de herramientas de Jupyter notebook.",
	"jupyter.configuration.jupyter.newCellOnRunLast.description": "Agregue una nueva celda vacía a un archivo de ventana interactiva al ejecutar la última celda actual.",
	"jupyter.configuration.jupyter.pythonCompletionTriggerCharacters.description": "Caracteres que activan el autocompletado en un núcleo Jupyter de python.",
	"jupyter.configuration.jupyter.logKernelOutputSeparately.description": "Crea paneles de salida separados para la salida de la consola del servidor de núcleos o Jupyter",
	"jupyter.configuration.jupyter.excludeUserSitePackages.description": "Agregue PYTHONNOUSERSITE a los núcleos antes de iniciarlos. Esto evita que los paquetes de sitios globales/de usuario se utilicen en el PYTHONPATH del núcleo.",
	"jupyter.configuration.jupyter.enableExtendedKernelCompletions.markdownDescription": "Activa la compatibilidad de Jedi con las terminaciones extendidas de IntelliSense en la ejecución de los núcleos de Jupyter (véase esta [configuración](https://ipython.readthedocs.io/en/stable/config/options/terminal.html?highlight=use_jedi#configtrait-Completer.use_jedi)). Esto puede tener un gran impacto en el rendimiento de la ejecución de las celdas del bloc de notas. Utilícelo con precaución.",
	"jupyter.configuration.jupyter.showOnlyOneTypeOfKernel.markdownDescription": "Muestre solo un tipo de kernel en el selector de kernel. Esto impide que los kernels locales y los kernels remotos se muestren al mismo tiempo en el selector de kernel. Tiene prioridad sobre kernelPickerType si se especifica.",
	"jupyter.configuration.jupyter.experimental.kernelPickerType.description": "Elija el tipo de selector de kernel que desea usar.",
	"jupyter.configuration.jupyter.experimental.kernelPickerType.items.enumDescriptions.stable": "Selector de kernel de envío actual.",
	"jupyter.configuration.jupyter.experimental.kernelPickerType.items.enumDescriptions.onlyonetypeofkernel": "Hace que el selector solo muestre kernels remotos o locales, no ambos. Proporciona opciones para cambiar entre kernels locales y remotos en el selector.",
	"jupyter.configuration.jupyter.experimental.kernelPickerType.items.enumDescriptions.insiders": "Insiders es la versión experimental más reciente en desarrollo.",
	"Pylance.proposePylanceMessage": "Pruebe un nuevo servidor de lenguaje más rápido y completo para Python de Microsoft, Pylance. Instale la extensión ahora.",
	"Pylance.tryItNow": "Probar ahora",
	"Pylance.remindMeLater": "Recordármelo más tarde",
	"Pylance.installPylanceMessage": "La extensión Pylance no está instalada. Haga clic en Sí para abrir la página de instalación de Pylance.",
	"Pylance.pylanceNotInstalledMessage": "La extensión de Pylance no está instalada.",
	"Pylance.pylanceInstalledReloadPromptMessage": "La extensión de Pylance ya está instalada. ¿Quieres volver a cargar la ventana para activarla?",
	"DataScience.unknownMimeTypeFormat": "Actualmente no se admite el tipo MIME {0}.",
	"DataScience.historyTitle": "Interactivo",
	"DataScience.dataExplorerTitle": "Visor de datos",
	"DataScience.badWebPanelFormatString": "<html><body><h1>{0} no es un nombre de archivo válido</h1></body></html>",
	"DataScience.sessionDisposed": "No se puede ejecutar el código, se ha eliminado la sesión.",
	"DataScience.rawKernelProcessNotStarted": "No se pudo iniciar el proceso de kernel sin procesar.",
	"DataScience.rawKernelProcessExitBeforeConnect": "El proceso de kernel sin procesar se cerró antes de conectarse.",
	"DataScience.passwordFailure": "No se pudo conectar con el servidor protegido con contraseña. Compruebe que la contraseña es correcta.",
	"DataScience.exportDialogTitle": "Exportar a Jupyter Notebook",
	"DataScience.exportDialogFilter": "Jupyter Notebooks",
	"DataScience.exportDialogComplete": "Notebook escrito en {0}",
	"DataScience.exportDialogFailed": "No se pudo exportar el cuaderno. {0}",
	"DataScience.exportOpenQuestion1": "Abrir en el editor",
	"DataScience.notebookExport": "Exportar",
	"DataScience.exportAsNotebook.shorttitle": "Guardar",
	"DataScience.exportAs": "Exportar como",
	"DataScience.notebookExportAs": "Exportar como",
	"DataScience.notebookExportAs.shorttitle": "Exportar",
	"DataScience.exportAsQuickPickPlaceholder": "Exportar como...",
	"DataScience.exportPythonQuickPickLabel": "Script de Python",
	"DataScience.collapseInputTooltip": "Contraer bloque de entrada",
	"DataScience.collapseVariableExplorerTooltip": "Ocultar las variables activas del kernel de Jupyter",
	"DataScience.collapseVariableExplorerLabel": "Variables",
	"DataScience.expandVariableExplorerTooltip": "Mostrar las variables activas del kernel de Jupyter",
	"DataScience.close": "Cerrar",
	"DataScience.interactiveCopyCell": "Copiar celda",
	"DataScience.runInDedicatedExtensionHost": "Ejecutar en el host de extensiones dedicado",
	"DataScience.variableLoadingValue": "Cargando...",
	"DataScience.importDialogTitle": "Importar Jupyter Notebook",
	"DataScience.importDialogFilter": "Jupyter Notebooks",
	"DataScience.notebookCheckForImportYes": "Importar",
	"DataScience.reloadRequired": "Vuelva a cargar la ventana para que la nueva configuración surta efecto.",
	"DataScience.notebookCheckForImportNo": "Más tarde",
	"DataScience.notebookCheckForImportDontAskAgain": "No volver a preguntar",
	"DataScience.notebookCheckForImportTitle": "¿Desea importar el Jupyter Notebook en código de Python?",
	"DataScience.jupyterNotSupported": "No se puede iniciar Jupyter. Error al intentar buscar Jupyter: {0}",
	"DataScience.jupyterNotSupportedBecauseOfEnvironment": "Error al activar {0} para ejecutar Jupyter con {1}.",
	"DataScience.jupyterNbConvertNotSupported": "La importación de cuadernos requiere que se instale Jupyter nbconvert.",
	"DataScience.removeRemoteJupyterConnectionButtonText": "Olvidar conexión",
	"DataScience.changeRemoteJupyterConnectionButtonText": "Administrar conexiones",
	"DataScience.jupyterLaunchNoURL": "No se pudo encontrar la dirección URL del servidor de Jupyter Notebook iniciado",
	"DataScience.jupyterLaunchTimedOut": "El servidor de Jupyter Notebook no se pudo iniciar a tiempo",
	"DataScience.jupyterSelfCertFail": "El certificado de seguridad usado por el servidor {0} no fue emitido por una entidad de certificación de confianza.\r\nEsto puede indicar un intento de robar su información.\r\n¿Desea habilitar la configuración Permitir conexión remota no autorizada para esta área de trabajo para permitir la conexión?",
	"DataScience.jupyterExpiredCertFail": "El certificado de seguridad usado por el servidor {0} ha expirado.\r\nEsto puede indicar un intento de robar la información.\r\n¿Desea habilitar la opción Permitir conexión remota no autorizada para esta área de trabajo para que pueda conectarse?",
	"DataScience.jupyterSelfCertFailErrorMessageOnly": "El certificado de seguridad utilizado por el servidor no fue emitido por una entidad de certificación de confianza.\r\nEsto puede indicar un intento de robar la información.",
	"DataScience.jupyterSelfCertExpiredErrorMessageOnly": "El certificado de seguridad usado por el servidor ha expirado.\r\nEsto puede indicar un intento de robar la información.",
	"DataScience.jupyterSelfCertEnable": "Sí, conectar de todos modos",
	"DataScience.jupyterSelfCertClose": "No, cierre la conexión",
	"DataScience.jupyterServerCrashed": "El servidor de Jupyter se bloqueó. No se puede conectar. \r\nCódigo de error de Jupyter: {0}",
	"DataScience.rawConnectionDisplayName": "Conexión kernel directa",
	"DataScience.rawConnectionBrokenError": "Conexión kernel directa interrumpida",
	"DataScience.pythonInteractiveHelpLink": "Obtener más ayuda",
	"DataScience.markdownHelpInstallingMissingDependencies": "Consulte [https://aka.ms/pyaiinstall](https://aka.ms/pyaiinstall) para obtener ayuda sobre la instalación de Jupyter y las dependencias relacionadas.",
	"DataScience.importingFormat": "Importando {0}",
	"DataScience.startingJupyter": "Iniciando el servidor de Jupyter",
	"DataScience.connectingToJupyter": "Conectando con el servidor de Jupyter",
	"DataScience.connectingToKernel": "Conectando con kernel: {0}",
	"DataScience.connectedToKernel": "Conectada.",
	"DataScience.connected": "Conectado",
	"DataScience.disconnected": "Desconectado",
	"Experiments.inGroup": "El usuario pertenece al grupo de experimentos '{0}'",
	"Logging.CurrentWorkingDirectory": "cwd:",
	"Logging.WarnUserAboutDebugLoggingSetting": "Ha habilitado el registro de depuración para la extensión de Jupyter, que seguirá escribiendo registros en el disco. ¿Desea desactivar el registro de depuración?",
	"Logging.YesTurnOffDebugLogging": "Sí, desactivar el registro de depuración",
	"Logging.NoResponse": "No",
	"Logging.NoAndDontAskAgain": "No, y no volver a preguntar",
	"GitHubIssue.Failure": "Se ha detectado un error al enviar el Issue de GitHub. ¿Desea informar de un problema?",
	"GitHubIssue.copyToClipboardAndOpenIssue": "Sí, copiar contenido en el Portapapeles y abrir incidencia",
	"GitHubIssue.pleaseFillThisOut": "Rellene esta sección y elimine este comentario antes de enviar una incidencia.",
	"GitHubIssue.missingFields": "Proporcione los detalles del problema que encontró antes de hacer clic en Enviar Issue de GitHub.",
	"GitHubIssue.askForIssueTitle": "Proporcione un título descriptivo que resuma el problema.",
	"GitHubIssue.titlePlaceholder": "Por ejemplo: no se puede iniciar una sesión de kernel local",
	"DataScience.allowExtensionToUseJupyterKernelApi": "¿Desea conceder a la extensión '{0}' acceso a los Kernels de Jupyter? Al hacer clic en '{1}', esta extensión podrá ejecutar código en los Kernels de Jupyter.",
	"DataScience.thanksForUsingJupyterKernelApiPleaseRegisterWithUs": "Gracias por probar la API de Jupyter. Presente un problema en nuestro repositorio para usar esta API en producción. Esto nos impediría interrumpir la extensión al actualizar la API (ya que todavía está en curso).",
	"Common.bannerLabelYes": "Sí",
	"Common.bannerLabelNo": "No",
	"Common.doNotShowAgain": "No volver a mostrar",
	"Common.reload": "Recargar",
	"Common.moreInfo": "Más información",
	"Common.and": "y",
	"Common.download": "Descargar",
	"Common.ok": "Aceptar",
	"Common.install": "Instalar",
	"Common.learnMore": "Más información",
	"Common.reportThisIssue": "Informar sobre este problema",
	"CommonSurvey.remindMeLaterLabel": "Recordármelo más tarde",
	"CommonSurvey.yesLabel": "Sí, realizar una encuesta ahora",
	"CommonSurvey.noLabel": "No, gracias",
	"Common.clickHereForMoreInfoWithHtml": "Haga clic <a href='{0}'>aquí</a> para obtener más información.",
	"OutputChannelNames.languageServer": "Servidor de lenguaje Python",
	"OutputChannelNames.python": "Python",
	"OutputChannelNames.pythonTest": "Registro de pruebas de Python",
	"OutputChannelNames.jupyter": "Jupyter",
	"ExtensionSurveyBanner.bannerMessage": "¿Puede tomarse 2 minutos para indicarnos qué tan útil le ha resultado la extensión de Jupyter?",
	"ExtensionSurveyBanner.bannerLabelYes": "Sí, realizar una encuesta ahora",
	"ExtensionSurveyBanner.bannerLabelNo": "No, gracias",
	"ExtensionSurveyBanner.maybeLater": "Quizás más tarde",
	"DataScience.restartKernelMessage": "¿Desea reiniciar el kernel de Jupyter? Se perderán todas las variables.",
	"DataScience.restartKernelMessageYes": "Sí",
	"DataScience.restartingKernelFailed": "Error al reiniciar el Kernel. El servidor de Jupyter no responde. Vuelva a cargar VS Code.",
	"DataScience.interruptingKernelFailed": "Error en la interrupción del Kernel. El servidor de Jupyter no responde. Vuelva a cargar VS Code.",
	"DataScienceSurveyBanner.bannerMessage": "¿Puede dedicar 2 minutos a indicarnos cómo funcionan las características de ciencia de datos?",
	"DataScienceSurveyBanner.bannerLabelYes": "Sí, realizar una encuesta ahora",
	"DataScienceSurveyBanner.bannerLabelNo": "No, gracias",
	"InteractiveShiftEnterBanner.bannerMessage": "¿Desea ejecutar código en la ventana \"Interactivo\" (una consola de IPython) para \"Mayús-Entrar\"? Seleccione \"No\" para continuar ejecutando el código en el terminal de Python. Esto se puede cambiar más tarde en la configuración.",
	"DataScience.automaticallyReconnectingToAKernelProgressMessage": "Volver a conectarse al kernel {0}",
	"DataScience.restartingKernelStatus": "Reiniciando Kernel {0}",
	"DataScience.executingCode": "Ejecutando celda",
	"DataScience.collapseAll": "Contraer todas las entradas de celda",
	"DataScience.expandAll": "Expandir todas las entradas de celda",
	"DataScience.export": "Exportar como cuaderno de Jupyter",
	"DataScience.restartServer": "Reiniciar el kernel de Jupyter",
	"DataScience.undo": "Deshacer",
	"DataScience.redo": "Rehacer",
	"DataScience.clearAll": "Quitar todas las celdas",
	"DataScience.restartedKernelHeader": "Se reinició el kernel '{0}'",
	"DataScience.restartingKernelCustomHeader": "_Reiniciando{0}..._",
	"DataScience.restartingKernelHeader": "_Reiniciando kernel..._",
	"DataScience.startedNewKernelHeader": "Se inició el kernel '{0}'",
	"DataScience.connectKernelHeader": "Conectado a '{0}' kernel",
	"DataScience.executingCodeFailure": "Error al ejecutar el código: {0}",
	"DataScience.inputWatermark": "Escriba código aquí y presione Mayús-Entrar para ejecutar",
	"DataScience.gotoCodeButtonTooltip": "Ir al código",
	"DataScience.copyBackToSourceButtonTooltip": "Pegar código en el archivo",
	"DataScience.copyToClipboardButtonTooltip": "Copiar origen en el Portapapeles",
	"DataScience.plotOpen": "Expandir imagen",
	"DataScience.libraryNotInstalled": "La biblioteca de ciencia de datos {0} no está instalada. ¿Desea instalarla?",
	"DataScience.libraryNotInstalledCorrectlyOrOutdated": "La biblioteca de ciencia de datos {0} no está instalada correctamente o está obsoleta. ¿Volver a instalar?",
	"DataScience.libraryRequiredToLaunchJupyterNotInstalled": "Las celdas en ejecución requieren {0} paquete.",
	"DataScience.librariesRequiredToLaunchJupyterNotInstalled": "Las celdas en ejecución requieren {0} paquete.",
	"DataScience.libraryRequiredToLaunchJupyterNotInstalledInterpreter": "La ejecución de celdas con '{0}' requieren el paquete {1}.",
	"DataScience.librariesRequiredToLaunchJupyterNotInstalledInterpreter": "La ejecución de celdas con '{0}' requieren el paquete {1}.",
	"DataScience.jupyterInstall": "Instalar",
	"DataScience.jupyterSelectURIPrompt": "Escriba el URI del servidor de Jupyter en ejecución",
	"DataScience.jupyterSelectURIInvalidURI": "Se especificó un URI no válido",
	"DataScience.jupyterSelectUserAndPasswordTitle": "Escriba su nombre de usuario y contraseña para conectarse a Jupyter Hub",
	"DataScience.jupyterSelectUserPrompt": "Escriba su nombre de usuario",
	"DataScience.jupyterSelectPasswordPrompt": "Escriba la contraseña",
	"DataScience.jupyterRenameServer": "Cambiar nombre para mostrar del servidor (dejar en blanco para usar el URI)",
	"DataScience.removeRemoteJupyterServerEntryInQuickPick": "Quitar",
	"DataScience.jupyterNotebookFailure": "No se pudo iniciar Jupyter Notebook. \r\n{0}",
	"DataScience.remoteJupyterServerProvidedBy3rdPartyExtensionNoLongerValid": "El servidor remoto de Jupyter Server aportado por la extensión '{0}' ya no está disponible.",
	"DataScience.remoteJupyterConnectionFailedWithServer": "No se pudo conectar con el servidor remoto de Jupyter Server '{0}'. Compruebe que el servidor se está ejecutando y es accesible.",
	"DataScience.remoteJupyterConnectionFailedWithServerWithError": "No se pudo conectar con el servidor remoto de Jupyter Server '{0}'. Compruebe que el servidor se está ejecutando y es accesible. ({1}).",
	"DataScience.remoteJupyterConnectionFailedWithoutServerWithError": "Error de conexión. Compruebe que el servidor se está ejecutando y es accesible. ({0}).",
	"DataScience.remoteJupyterConnectionFailedWithoutServerWithErrorWeb": "Error de conexión. Compruebe que el servidor se está ejecutando y es accesible desde un explorador. ({0}). Al conectarse desde vscode.dev, los servidores de Jupyter deben iniciarse con opciones específicas para conectarse. Consulte [aquí](https://aka.ms/vscjremoteweb) para obtener más información.",
	"DataScience.remoteJupyterConnectionFailedWebExtension": "Al conectarse desde vscode.dev, los servidores de Jupyter deben iniciarse con opciones específicas para conectarse. Consulte [aquí](https://aka.ms/vscjremoteweb) para obtener más información.",
	"DataScience.jupyterNotebookRemoteConnectFailedWeb": "No se pudo conectar con el servidor de Jupyter remoto.\r\nCompruebe que se puede obtener acceso al URI del servidor de Jupyter desde un explorador.\r\n{0}. Haga clic [aquí](https://aka.ms/vscjremoteweb) para obtener más información.",
	"DataScience.jupyterNotebookRemoteConnectSelfCertsFailed": "No se pudo conectar con el cuaderno de Jupyter remoto.\r\nEl servidor especificado está usando certificados autofirmados. Habilitar la opción Permitir conexión remota no autorizada para conectarse de todos modos\r\n{0}\r\n{1}",
	"DataScience.changeJupyterRemoteConnection": "Cambie la conexión del servidor de Jupyter.",
	"DataScience.notebookVersionFormat": "Versión de Jupyter Notebook: {0}",
	"DataScience.jupyterKernelSpecNotFound": "No se puede crear una especificación de kernel de Jupyter y no hay ninguna disponible para su uso",
	"DataScience.jupyterKernelSpecModuleNotFound": "El módulo \"Kernelspec\" no está instalado en el intérprete seleccionado ({0}).\r\n Vuelva a instalar o actualizar \"jupyter\".",
	"DataScience.jupyterGetVariablesBadResults": "No se pudo capturar la información de variable del servidor de Jupyter.",
	"DataScience.liveShareConnectFailure": "No se puede conectar con la sesión de Jupyter host. URI no encontrado.",
	"DataScience.liveShareCannotSpawnNotebooks": "No se admite la generación de cuadernos de Jupyter Notebook a través de una conexión de Live Share",
	"DataScience.liveShareCannotImportNotebooks": "Actualmente, no se admite la importación de cuadernos a través de una conexión de Live Share.",
	"DataScience.liveShareHostFormat": "{0} Servidor de Jupyter",
	"DataScience.liveShareSyncFailure": "Error de sincronización durante el inicio de Live Share.",
	"DataScience.liveShareServiceFailure": "Error al iniciar el servicio '{0}' durante la conexión de Live Share.",
	"DataScience.documentMismatch": "No se pueden ejecutar celdas, se encontraron documentos duplicados para {0}.",
	"DataScience.pythonInteractiveCreateFailed": "Error al crear una ventana interactiva. Intente reinstalar la extensión de Jupyter.",
	"DataScience.interruptKernel": "Interrumpir el kernel de Jupyter",
	"DataScience.clearAllOutput": "Borrar todas las salidas",
	"DataScience.exportingFormat": "Exportando {0}",
	"DataScience.exportCancel": "Cancelar",
	"Common.canceled": "Cancelado",
	"Common.cancel": "Cancelar",
	"Common.yesPlease": "Sí, por favor",
	"DataScience.interruptKernelStatus": "Interrupción del Kernel de Jupyter",
	"DataScience.restartKernelAfterInterruptMessage": "Se agotó el tiempo de espera de la interrupción del kernel. ¿Desea reiniciar el kernel en su lugar? Se perderán todas las variables.",
	"DataScience.pythonInterruptFailedHeader": "La interrupción del teclado bloqueó el kernel. Kernel reiniciado.",
	"DataScience.sysInfoURILabel": "URI del servidor de Jupyter: ",
	"DataScience.jupyterStartTimedout": "Se agotó el tiempo de espera para iniciar Jupyter. Consulte el panel de salida de \"Jupyter\" para obtener más detalles.",
	"DataScience.startingJupyterLogMessage": "Inicio de Jupyter desde {0} con la línea de comandos {1}",
	"DataScience.jupyterCommandLineDefaultLabel": "Predeterminado (recomendado)",
	"DataScience.jupyterCommandLineDefaultDetail": "La extensión de Jupyter determinará la línea de comandos adecuada para Jupyter",
	"DataScience.jupyterCommandLineCustomLabel": "Personalizado",
	"DataScience.jupyterCommandLineCustomDetail": "Personalizar la línea de comandos pasada a Jupyter al iniciar",
	"DataScience.jupyterCommandLineReloadQuestion": "Vuelva a cargar la ventana al cambiar la línea de comandos de Jupyter.",
	"DataScience.jupyterCommandLineReloadAnswer": "Recargar",
	"DataScience.jupyterCommandLineQuickPickPlaceholder": "Elija una opción",
	"DataScience.jupyterCommandLineQuickPickTitle": "Seleccionar línea de comandos para Jupyter",
	"DataScience.jupyterCommandLinePrompt": "Escriba la línea de comandos personalizada para Jupyter",
	"Common.loadingExtension": "Cargando la extensión de Jupyter...",
	"Common.openOutputPanel": "Mostrar salida",
	"DataScience.variableExplorerNameColumn": "Nombre",
	"DataScience.variableExplorerTypeColumn": "Tipo",
	"DataScience.variableExplorerCountColumn": "Tamaño",
	"DataScience.variableExplorerValueColumn": "Valor",
	"DataScience.showDataExplorerTooltip": "Mostrar instantánea de variable en el visor de datos",
	"DataScience.dataExplorerInvalidVariableFormat": "'{0}' no es una variable activa.",
	"DataScience.jupyterGetVariablesExecutionError": "Error durante la extracción de variables:\r\n{0}",
	"DataScience.loadingMessage": "cargando...",
	"DataScience.fetchingDataViewer": "Capturando datos...",
	"DataScience.noRowsInDataViewer": "No hay filas que coincidan con el filtro actual",
	"DataScience.jupyterServer": "Servidor de Jupyter",
	"DataScience.noKernel": "Sin Kernel",
	"DataScience.serverNotStarted": "Sin iniciar",
	"DataScience.localJupyterServer": "Local",
	"DataScience.pandasTooOldForViewingFormat": "El paquete de Python \"pandas\" está en la versión {0}. Se requiere la versión {1} o posterior para ver los datos.",
	"DataScience.pandasRequiredForViewing": "Se requiere la versión {0} (o superior) del paquete \"pandas\" de Python para ver los datos.",
	"DataScience.failedToGetVersionOfPandas": "No se pudo obtener la versión de Pandas para usar el visor de datos.",
	"DataScience.valuesColumn": "valores",
	"DataScience.liveShareInvalid": "Uno o varios invitados de la sesión no tienen instalado Jupyter [extensión](https://marketplace.visualstudio.com/itemdetails?itemName=ms-toolsai.jupyter).\r\nla sesión de Live Share no puede continuar y se cerrará.",
	"Common.noIWillDoItLater": "No, lo haré más tarde",
	"Common.notNow": "Ahora no",
	"Common.gotIt": "¡Entendido!",
	"DataScience.noRowsInVariableExplorer": "No se han definido variables.",
	"DataScience.loadingRowsInVariableExplorer": "Cargando variables",
	"DataScience.tooManyColumnsMessage": "Las variables con más de 1000 columnas pueden tardar mucho tiempo en mostrarse. ¿Está seguro de que desea continuar?",
	"DataScience.tooManyColumnsYes": "Sí",
	"DataScience.tooManyColumnsNo": "No",
	"DataScience.tooManyColumnsDontAskAgain": "No volver a preguntar",
	"DataScience.filterRowsTooltip": "Permite filtrar varias filas. Use signos =, > o < para filtrar los valores numéricos.",
	"DataScience.previewHeader": "--- Iniciar vista previa de {0} ---",
	"DataScience.previewFooter": "--- Finalizar vista previa de {0} ---",
	"DataScience.previewStatusMessage": "Generando vista previa de {0}",
	"DataScience.plotViewerTitle": "Parcelas",
	"DataScience.exportPlotTitle": "Guardar imagen de trazado",
	"DataScience.pdfFilter": "PDF",
	"DataScience.pngFilter": "PNG",
	"DataScience.svgFilter": "SVG",
	"DataScience.previousPlot": "Anterior",
	"DataScience.nextPlot": "Siguiente",
	"DataScience.panPlot": "Mano",
	"DataScience.zoomInPlot": "Acercar",
	"DataScience.zoomOutPlot": "Alejar",
	"DataScience.exportPlot": "Exportar a diferentes formatos",
	"DataScience.deletePlot": "Quitar",
	"DataScience.collapseSingle": "Contraer",
	"DataScience.expandSingle": "Expandir",
	"DataScience.editSection": "Introduce nuevas celdas aquí.",
	"DataScience.restartKernelMessageDontAskAgain": "Sí, y no volver a preguntar",
	"DataScience.selectedImageListLabel": "Imagen seleccionada",
	"DataScience.imageListLabel": "Imagen",
	"DataScience.exportImageFailed": "Error al exportar la imagen: {0}",
	"downloading.file": "Descargando {0}...",
	"downloading.file.progress": "{0}{1} de {2} KB ({3} %)",
	"DataScience.jupyterDataRateExceeded": "No se puede ver la variable porque se superó la velocidad de datos. Reinicie el servidor con un límite de velocidad de datos superior. Por ejemplo, --NotebookApp.iopub_data_rate_limit=10000000000.0",
	"DataScience.addCellBelowCommandTitle": "Agregar celda",
	"DataScience.debugCellCommandTitle": "Depurar celda",
	"DataScience.debugStepOverCommandTitle": "Paso a paso por procedimientos",
	"DataScience.debugContinueCommandTitle": "Continuar",
	"DataScience.debugStopCommandTitle": "Detener",
	"DataScience.runCurrentCellAndAddBelow": "Ejecute la celda actual y agregue una celda vacía a continuación",
	"DataScience.jupyterDebuggerNotInstalledError": "El módulo pip {0} es necesario para depurar celdas. Tendrá que instalarlo para depurar celdas.",
	"DataScience.jupyterDebuggerOutputParseError": "No se puede analizar la salida {0}. Registre un problema con https://github.com/microsoft/vscode-jupyter",
	"DataScience.jupyterDebuggerPortNotAvailableError": "No se puede abrir el puerto {0} para depuración. Especifique otro puerto en la configuración de remoteDebuggerPort.",
	"DataScience.jupyterDebuggerPortBlockedError": "No se puede conectar el puerto {0} para la depuración. Permita el puerto {0} a través del firewall.",
	"DataScience.jupyterDebuggerPortNotAvailableSearchError": "Puertos del intervalo {0}: no se encuentra{1} para la depuración. Especifique un puerto en la configuración remoteDebuggerPort.",
	"DataScience.jupyterDebuggerPortBlockedSearchError": "No se puede conectar un puerto para la depuración. Permita los puertos {0} {1} a través del firewall.",
	"DataScience.jupyterDebuggerInstallNew": "El módulo pip {0} es necesario para depurar celdas. ¿Desea instalar {0} y continuar con la depuración de la celda?",
	"DataScience.jupyterDebuggerInstallNewRunByLine": "El módulo pip {0} es necesario para ejecutarse por línea. ¿Desea instalar {0} y continuar ejecutando por línea?",
	"DataScience.jupyterDebuggerInstallUpdate": "La versión de {0} instalada no admite la depuración de celdas. ¿Desea actualizar {0} a la versión más reciente y continuar con la depuración de la celda?",
	"DataScience.jupyterDebuggerInstallUpdateRunByLine": "La versión de {0} instalada no admite la ejecución por línea. ¿Desea actualizar {0} a la versión más reciente y continuar ejecutando por línea?",
	"DataScience.jupyterDebuggerInstallYes": "Sí",
	"DataScience.jupyterDebuggerInstallNo": "No",
	"DataScience.cellStopOnErrorMessage": "Se canceló la celda debido a un error en una celda anterior.",
	"DataScience.instructionComments": "# Para agregar una nueva celda, escriba '{0}'\r\n# Para agregar una nueva celda de Markdown, escriba '{0} [markdown]'\r\n",
	"DataScience.scrollToCellTitleFormatMessage": "Ir a [{0}]",
	"DataScience.save": "Guardar el cuaderno",
	"DataScience.nativeEditorTitle": "Editor de Notebook",
	"DataScience.untitledNotebookFileName": "Sin título",
	"DataScience.dirtyNotebookMessage1": "¿Quiere guardar los cambios efectuados en {0}?",
	"DataScience.dirtyNotebookMessage2": "Los cambios se perderán si no los guarda.",
	"DataScience.dirtyNotebookYes": "Guardar",
	"DataScience.dirtyNotebookNo": "No guardar",
	"DataScience.dirtyNotebookCancel": "Cancelar",
	"DataScience.dirtyNotebookDialogTitle": "Guardar",
	"DataScience.dirtyNotebookDialogFilter": "Jupyter Notebooks",
	"DataScience.exportAsPythonFileTooltip": "Convertir y guardar en un script de Python",
	"DataScience.exportAsPythonFileTitle": "Guardar como archivo de Python",
	"DataScience.exportButtonTitle": "Exportar",
	"DataScience.runCell": "Ejecutar celda",
	"DataScience.deleteCell": "Eliminar celda",
	"DataScience.moveCellUp": "Mover celda hacia arriba",
	"DataScience.moveCellDown": "Mover celda hacia abajo",
	"DataScience.moveSelectedCellUp": "Subir celda seleccionada",
	"DataScience.insertBelow": "Insertar celda debajo",
	"DataScience.insertAbove": "Insertar celda arriba",
	"DataScience.addCell": "Agregar celda",
	"DataScience.runAll": "Ejecutar todas las celdas",
	"DataScience.toggleCellOutput": "Alternar salida de celda",
	"DataScience.convertingToPythonFile": "Convirtiendo ipynb en archivo de Python",
	"DataScience.untitledNotebookMessage": "Los cambios se perderán si no los guarda.",
	"DataScience.untitledNotebookYes": "Guardar",
	"DataScience.untitledNotebookNo": "Cancelar",
	"DataScience.noInterpreter": "No se ha seleccionado ninguna python",
	"DataScience.notebookNotFound": "No se está ejecutando python -m jupyter notebook --version",
	"DataScience.savePngTitle": "Guardar imagen",
	"DataScience.jupyterSelectURIQuickPickTitle": "Escriba el URI del servidor de Jupyter en ejecución",
	"DataScience.jupyterSelectURIQuickPickTitleOld": "Elija cómo conectarse a Jupyter",
	"DataScience.jupyterSelectURIQuickPickPlaceholder": "Elija una opción",
	"DataScience.jupyterSelectURIQuickPickCurrent": "Actual: {0}",
	"DataScience.jupyterSelectURINoneLabel": "Ninguno",
	"DataScience.jupyterSelectURINoneDetail": "No conectarse a ningún servidor remoto de Jupyter",
	"DataScience.jupyterSelectURINewLabel": "Existente",
	"DataScience.jupyterSelectURINewDetail": "Especificar el URI de un servidor existente",
	"DataScience.jupyterSelectURIMRUDetail": "Última conexión: {0}",
	"DataScience.jupyterSelectURIRunningDetailFormat": "Última conexión {0}. {1} conexiones existentes.",
	"DataScience.jupyterSelectURINotRunningDetail": "No se puede conectar en este momento. Estado desconocido.",
	"DataScience.fallbackToUseActiveInterpreterAsKernel": "No se pudo encontrar el kernel '{0}' con el que se creó el cuaderno. Uso del intérprete actual.",
	"DataScience.fallBackToRegisterAndUseActiveInterpreterAsKernel": "No se pudo encontrar el kernel '{0}' con el que se creó el cuaderno. Registro de un nuevo kernel mediante el intérprete actual.",
	"DataScience.fallBackToPromptToUseActiveInterpreterOrSelectAKernel": "No se pudo encontrar el kernel '{0}' con el que se creó el cuaderno.",
	"DataScience.selectKernel": "Cambiar Kernel",
	"DataScience.selectDifferentKernel": "Seleccionar un Kernel diferente",
	"DataScience.selectDifferentJupyterInterpreter": "Cambiar intérprete",
	"DataScience.selectJupyterInterpreter": "Seleccionar un intérprete para iniciar Jupyter",
	"DataScience.switchingKernelProgress": "Cambiando kernel a '{0}'",
	"DataScience.sessionStartFailedWithKernel": "No se pudo iniciar el Kernel '{0}'. \r\nConsulta el [registro] de Jupyter (command:jupyter.viewOutput) para obtener más detalles.",
	"DataScience.failedToStartKernel": "No se pudo iniciar el Kernel.",
	"DataScience.failedToRestartKernel": "No se pudo reiniciar el Kernel.",
	"DataScience.failedToInterruptKernel": "No se pudo interrumpir el Kernel.",
	"DataScience.failedToStartAnUntrustedKernelSpec": "El kernel \"{0}\" no ha podido ser iniciado porque se encuentra en una ubicación insegura \"{1}\".  \r\nPulse [aquí](https://aka.ms/JupyterTrustedKernelPaths) para obtener más detalles, opcionalmente actualice la configuración [jupyter.kernels.trusted](command:workbench.action.openSettings?[\"jupyter.kernels.trusted\"]) para confiar en el kernel.",
	"jupyter.configuration.jupyter.kernels.trusted.markdownDescription": "Escriba las rutas de acceso completas a los archivos de especificación de kernel en los que confiar. Por ejemplo, \"C:\\Program Data\\Jupyter\\kernels\\python3\\kernel.json\".  \r\n**Nota**: Los kernels pueden ejecutar código con privilegios de usuario. Haga clic [aquí](https://aka.ms/JupyterTrustedKernelPaths) para más información.",
	"DataScience.kernelDied": "El kernel ha muerto. Vea el [registro] de Jupyter(command:jupyter.viewOutput) para obtener más detalles. \r\nError: {0}...",
	"DataScience.kernelDiedWithoutError": "Se ha interrumpido el kernel \"{0}\". Haga clic [aquí](https://aka.ms/vscodeJupyterKernelCrash) para obtener más información. Vea el [registro] de Jupyter (command:jupyter.viewOutput) para obtener más detalles.",
	"DataScience.kernelDiedWithoutErrorAndAutoRestarting": "El kernel \"{0}\" se ha interrumpido y Jupyter lo está reiniciando automáticamente. Haz clic [aquí](https://aka.ms/vscodeJupyterKernelCrash) para obtener más información. Vea el [registro] de Jupyter (command:jupyter.viewOutput) para obtener más detalles.",
	"DataScience.kernelDisconnected": "No se puede conectar con el kernel “{0}”. Compruebe la conexión de Jupyter Server. Vea Jupyter [log](command:jupyter.viewOutput) para obtener más detalles.",
	"DataScience.kernelCrashedDueToCodeInCurrentOrPreviousCell": "El Kernel se bloqueó al ejecutar código en la celda actual o en una celda anterior. Revise el código de las celdas para identificar una posible causa del error. Haga clic <a href='https://aka.ms/vscodeJupyterKernelCrash'>aquí</a> para obtener más información. Vea el [registro] de Jupyter (command:jupyter.viewOutput) para obtener más detalles.",
	"DataScience.fileSeemsToBeInterferingWithKernelStartup": "El archivo '{0}' parece reemplazar los módulos integrados e interferir con el inicio del kernel. Considere la posibilidad de cambiar el nombre del archivo e iniciar el kernel de nuevo.",
	"DataScience.DataScience.moduleSeemsToBeInterferingWithKernelStartup": "Parece que el módulo \"{0}\" reemplaza los módulos integrados e impide el inicio del kernel. Considere cambiar el nombre de la carpeta e iniciar el kernel de nuevo.",
	"DataScience.failedToStartKernelDueToMissingModule": "No se pudo iniciar el kernel porque falta el módulo '{0}'. Considere la posibilidad de instalar este módulo.",
	"DataScience.failedToStartKernelDueToImportFailure": "No se pudo iniciar el kernel porque no se pudo importar el módulo '{0}'.",
	"DataScience.failedToStartKernelDueToImportFromFileFailure": "No se pudo iniciar el kernel porque no se pudo importar '{0}' desde '{1}'.",
	"DataScience.failedToStartKernelDueToUnknownDllLoadFailure": "No se pudo iniciar el kernel porque no se pudo cargar un archivo DLL.",
	"DataScience.failedToStartKernelDueToDllLoadFailure": "No se pudo iniciar el kernel porque no se pudo cargar el archivo DLL \"{0}\".",
	"DataScience.failedToStartKernelDueToWin32APIFailure": "No se pudo iniciar el kernel debido a un error con el módulo Win32api. Considere (volver a) instalar este módulo.",
	"DataScience.failedToStartKernelDueToPyZmqFailure": "No se pudo iniciar el kernel debido a un error con el módulo \"pyzmq\". Considere la posibilidad de volver a instalar este módulo.",
	"DataScience.failedToStartKernelDueToOldIPython": "No se pudo iniciar el kernel debido a una versión obsoleta de IPython. Considere la posibilidad de actualizar este módulo a la versión más reciente.",
	"DataScience.failedToStartKernelDueToOldIPyKernel": "No se pudo iniciar el kernel debido a una versión obsoleta de IPyKernel. Considere la posibilidad de actualizar este módulo a la versión más reciente.",
	"DataScience.failedToStartJupyter": "No se pudo iniciar Jupyter en el entorno '{0}'. \r\nVea [log] de Jupyter (command:jupyter.viewOutput) para obtener más detalles.",
	"DataScience.failedToStartJupyterWithErrorInfo": "No se pudo iniciar Jupyter en el entorno '{0}'. \r\n{1} \r\nVea [log] de Jupyter (command:jupyter.viewOutput) para obtener más detalles.",
	"DataScience.failedToStartJupyterDueToOutdatedTraitlets": "No se pudo iniciar Jupyter en el entorno '{0}' debido posiblemente a una versión obsoleta de 'traitlets'. \r\n{1} \r\nConsidere la posibilidad de actualizar el módulo 'traitlets' a \"5.1.1\" o posterior. \r\nVea jupyter [log](command:jupyter.viewOutput) para obtener más detalles.",
	"DataScience.installPackageInstructions": "Ejecute el siguiente comando para instalar '{0}' en el entorno de Python. comando \r\n: '{1}'",
	"DataScience.cannotRunCellKernelIsDead": "No se pueden ejecutar celdas porque el kernel '{0}' está inactivo.",
	"DataScience.waitingForJupyterSessionToBeIdle": "Esperando a que la sesión de Jupyter esté inactiva",
	"DataScience.gettingListOfKernelsForLocalConnection": "Capturando Kernels",
	"DataScience.gettingListOfKernelsForRemoteConnection": "Capturando Kernels",
	"DataScience.gettingListOfKernelSpecs": "Capturando especificaciones de Kernel",
	"DataScience.startingJupyterNotebook": "Iniciando Jupyter Notebook",
	"DataScience.registeringKernel": "Registrando Kernel",
	"DataScience.trimmedOutput": "La salida se ha recortado por motivos de rendimiento.\r\nPara ver la salida completa, establezca el valor \"jupyter.textOutputLimit\" en 0.",
	"DataScience.connectingToJupyterUri": "Conectando con el servidor de Jupyter en {0}",
	"DataScience.createdNewNotebook": "{0}: Creando nuevo bloc de notas ",
	"DataScience.createdNewKernel": "{0}: Kernel iniciado: {1}",
	"DataScience.kernelInvalid": "El Kernel {0} no se puede usar. Compruebe la pestaña de salida de Jupyter para obtener más información.",
	"DataScience.nativeDependencyFail": "No se puede iniciar un servidor de Jupyter porque el sistema operativo no es compatible. Seleccione un servidor que ya esté en ejecución si desea continuar. {0}",
	"DataScience.selectNewServer": "Seleccionar servidor en ejecución",
	"DataScience.jupyterSelectURIRemoteLabel": "Existente",
	"DataScience.jupyterSelectURIQuickPickTitleRemoteOnly": "Seleccionar un servidor de Jupyter que ya esté en ejecución",
	"DataScience.jupyterSelectURIRemoteDetail": "Especificar el URI de un servidor existente",
	"DataScience.latestExtension": "Descargar la versión más reciente de la extensión de Jupyter",
	"DataScience.loadClassFailedWithNoInternet": "Error al cargar {0}:{1}. Se requiere conexión a Internet para cargar widgets de terceros.",
	"DataScience.useCDNForWidgets": "Los widgets requieren que descarguemos archivos auxiliares desde un sitio web de terceros. Haga clic [aquí](https://aka.ms/PVSCIPyWidgets) para obtener más información.",
	"DataScience.useCDNForWidgetsNoInformation": "Los widgets requieren que descarguemos archivos auxiliares desde un sitio web de terceros.",
	"DataScience.enableCDNForWidgetsSettingHtml": "Los widgets requieren que se descarguen archivos auxiliares de un sitio web de terceros. Haga clic <a href='https://command:jupyter.enableLoadingWidgetScriptsFromThirdPartySource'>aquí</a> para habilitarlo o haga clic <a href='https://aka.ms/PVSCIPyWidgets'>aquí</a> para obtener más información. (Error al cargar {0}:{1}).",
	"DataScience.enableCDNForWidgetsSetting": "Los widgets requieren que descarguemos archivos auxiliares desde un sitio web de terceros. (Error al cargar {0}:{1}).",
	"DataScience.enableCDNForWidgetsButton": "Habilitar descargas",
	"DataScience.widgetScriptNotFoundOnCDNWidgetMightNotWork": "No se encuentra el widget '{0}' versión '{1}' de los orígenes de widget configurados {2}. El comportamiento esperado puede verse afectado. Haga clic [aquí](https://aka.ms/PVSCIPyWidgets) para obtener más información.",
	"DataScience.cdnWidgetScriptNotAccessibleWarningMessage": "No se puede descargar el widget \"{0}\" desde el sitio web de terceros {1}, debido al acceso a la red. El comportamiento esperado puede verse afectado. Haga clic [aquí](https://aka.ms/PVSCIPyWidgets) para obtener más información.",
	"DataScience.unhandledMessage": "Mensaje de kernel no controlado de un widget: {0} : {1}",
	"DataScience.qgridWidgetScriptVersionCompatibilityWarning": "No se puede cargar una versión compatible del widget 'qgrid'. Considere la posibilidad de cambiar a la versión 1.1.1.",
	"DataScience.kernelStarting": "_Conectando al kernel..._",
	"DataScience.kernelStartingCustom": "Conectando con {0}..._",
	"DataScience.libraryRequiredToLaunchJupyterKernelNotInstalledInterpreter": "La ejecución de celdas con '{0}' requieren el paquete {1}.",
	"DataScience.libraryRequiredToLaunchJupyterKernelNotInstalledInterpreterAndRequiresUpdate": "La ejecución de celdas con '{0}' requiere que se instale el paquete {1} o una actualización.",
	"DataScience.runByLine": "Ejecutar por línea (F10)",
	"DataScience.stopRunByLine": "Detener",
	"DataScience.couldNotInstallLibrary": "No se pudo instalar paquete {0}. Si pip no está disponible, use el administrador de paquetes que prefiera para instalar manualmente esta biblioteca en el entorno de Python.",
	"DataScience.rawKernelSessionFailed": "No se puede iniciar la sesión para el kernel {0}. Seleccione otro kernel con el que iniciar.",
	"DataScience.rawKernelStartFailedDueToTimeout": "No se puede iniciar Kernel '{0}' porque se agotó el tiempo de espera de la conexión. \r\nVea el [registro] de Jupyter (command:jupyter.viewOutput) para obtener más detalles.",
	"DataScience.rawKernelConnectingSession": "Conectando al kernel {0}",
	"DataScience.reloadCustomEditor": "Vuelva a cargar VS Code para usar la API del editor personalizado.",
	"DataScience.reloadVSCodeNotebookEditor": "Vuelva a cargar VS Code para usar el Editor de Notebook",
	"DataScience.step": "Ejecutar la línea siguiente (F10)",
	"DataScience.usingPreviewNotebookWithOtherNotebookWarning": "No se recomienda abrir el mismo archivo en la Versión preliminar del editor de Notebook ni en el Editor de Notebook estable. Si lo hace, podría provocar la pérdida de datos o daños en los cuadernos.",
	"DataScience.unknownServerUri": "No se puede usar el URI del servidor. ¿Desinstaló una extensión que proporcionó una conexión de servidor de Jupyter?",
	"DataScienceRendererExtension.installingExtension": "Instalando la extensión Notebook Renderers...",
	"DataScienceRendererExtension.installationCompleteMessage": "completado",
	"DataScienceRendererExtension.startingDownloadOutputMessage": "Iniciando la descarga de la extensión Notebook Renderers.",
	"DataScienceRendererExtension.downloadingMessage": "Descargando la extensión Notebook Renderers...",
	"DataScienceRendererExtension.downloadCompletedOutputMessage": "Se completó la descarga de la extensión Notebook Renderers.",
	"DataScience.uriProviderDescriptionFormat": "{0} (desde la extensión {1} )",
	"DataScience.unknownPackage": "desconocido",
	"DataScience.interactiveWindowTitle": "Interactivo",
	"DataScience.interactiveWindowTitleFormat": "Interactivo: {0}",
	"DataScience.interactiveWindowModeBannerTitle": "¿Desea abrir una nueva ventana interactiva para este archivo? [Más información] (command:workbench.action.openSettings?%5B%22jupyter.interactiveWindowMode%22%5D).",
	"DataScience.interactiveWindowModeBannerSwitchYes": "Sí",
	"DataScience.interactiveWindowModeBannerSwitchAlways": "Siempre",
	"DataScience.interactiveWindowModeBannerSwitchNo": "No",
	"DataScience.noKernelsSpecifyRemote": "No hay ningún kernel disponible para la ejecución de celdas. [Especifique un servidor de Jupyter para las conexiones](command:jupyter.selectjupyteruri)",
	"DataScience.ipykernelNotInstalled": "IPy noKernel instalado en el intérprete {0}",
	"DataScience.ipykernelNotInstalledBecauseCanceled": "IPyKernel no está instalado en el intérprete. Instalación cancelada.",
	"DataScience.needIpykernel6": "Configuración de Ipykernel necesaria para esta característica",
	"DataScience.setup": "Configuración",
	"DataScience.startingRunByLine": "Iniciando ejecución por línea",
	"DataScience.illegalEditorConfig": "Los experimentos CustomEditor y NativeNotebook no se pueden activar juntos",
	"DataScience.pythonExtensionRequired": "La extensión de Python es necesaria para realizar esa tarea. Haga clic en Sí para abrir la página de instalación de la extensión de Python.",
	"DataScience.pythonExtensionRequiredToRunNotebook": "Extensión de Python necesaria para ejecutar cuadernos de Python.",
	"DataScience.installingPythonExtension": "Instalación de la extensión Python y localización de kernels.",
	"DataScience.pythonExtensionInstalled": "La extensión de Python ya está instalada. Es posible que algunas características no estén disponibles hasta que se reinicie un cuaderno o una sesión de ventana interactiva.",
	"DataScience.showDataViewerFail": "No se pudo crear el visor de datos. Compruebe la pestaña Jupyter de la ventana de salida para obtener más información.",
	"DataScience.notebookCreationPickerPlaceHolder": "Seleccione una opción para crear un cuaderno en blanco",
	"DataScience.refreshDataViewer": "Actualizar visor de datos",
	"DataScience.refreshDataViewerCommandPalette": "Actualizar visor de datos",
	"DataScience.sliceDropdownAxisLabel": "Eje",
	"DataScience.sliceDropdownIndexLabel": "Índice",
	"DataScience.sliceSubmitButton": "Aplicar",
	"DataScience.sliceSummaryTitle": "SEGMENTANDO",
	"DataScience.dataViewerShowFilters": "Mostrar filtros",
	"DataScience.dataViewerHideFilters": "Ocultar filtros",
	"DataScience.sliceData": "Segmentación de datos",
	"DataScience.sliceIndexError": "Índice {0} fuera del intervalo de eje {1} con elementos {2}",
	"DataScience.sliceMismatchedAxesError": "Se esperaban {0} ejes y se obtuvieron {1} en la expresión de segmento.",
	"DataScience.clearFilters": "Borrar todos los filtros",
	"DataScience.defaultNotebookName": "Predeterminado",
	"DataScience.recommendExtensionForNotebook": "Se recomienda la extensión {0} para los cuadernos que tienen como destino el idioma \"{1}\"",
	"DataScience.interactiveClearAllCells": "Borrar todo",
	"DataScience.interactiveGoToCode": "Ir al código",
	"DataScience.kernelWasNotStarted": "No se inició el Kernel. Se necesita una sesión de kernel para iniciar la depuración.",
	"DataScience.noNotebookToDebug": "No hay ningún documento de cuaderno activo para depurar.",
	"DataScience.cantStartDebugging": "No se puede iniciar la depuración.",
	"DataScience.customEditorBanner": "Este editor está en desuso y lo quitaremos después de la versión 1.59 de VS Code.  [Más información sobre nuestro nuevo editor de blocs de notas](https://aka.ms/vscodeNotebookEditorBanner).",
	"DataScience.importingIpynb": "Importando archivo de cuaderno.",
	"DataScience.exportingToFormat": "Exportando a {0}.",
	"DataScience.matplotlibWidgetInsteadOfOther": "'%matplotlib widget' o '%matplotlib inline' funcionan mejor en los cuadernos de VS Code.",
	"DataScience.matplotlibWidgetCodeActionTitle": "Más información",
	"DataScience.cellAtFormat": "{0} Celda {1}'",
	"DataScience.jupyterServerConsoleOutputChannel": "Consola del servidor de Jupyter",
	"DataScience.kernelConsoleOutputChannel": "Salida de la consola de {0} Kernel",
	"Installer.noCondaOrPipInstaller": "No hay ningún instalador de Conda o Pip disponible en el entorno seleccionado.",
	"Installer.noPipInstaller": "No hay ningún instalador Pip disponible en el entorno seleccionado.",
	"Installer.searchForHelp": "Buscar ayuda",
	"Installer.couldNotInstallLibrary": "No se pudo instalar {0}. Si pip no está disponible, use el administrador de paquetes que prefiera para instalar manualmente esta biblioteca en el entorno de Python.",
	"Installer.dataScienceInstallPrompt": "La biblioteca de ciencia de datos {0} no está instalada. ¿Desea instalarla?",
	"Products.installingModule": "Instalando {0}",
	"DataScience.webNotSupported": "La operación no se admite en la versión web de la extensión de Jupyter.",
	"DataScience.outputSizeExceedLimit": "La salida supera el <a href={0}>tamaño límite</a>. Abra los datos de salida completos <a href={1}>en un editor de texto</a>",
	"DataScience.installPythonTitle": "Instalar Python",
	"DataScience.installPythonExtensionViaKernelPickerTitle": "Instalar extensión de Python",
	"DataScience.switchToLocalKernelsTitle": "Conectarse a kernels locales",
	"DataScience.switchToRemoteKernelsTitle": "Conexión a un servidor de Jupyter Server",
	"DataScience.switchToAnotherRemoteKernelsTitle": "Conectarse a otro servidor de Jupyter",
	"DataScience.pickDocumentKernelSourceTitle": "Seleccionar origen de kernel",
	"DataScience.failedToInstallPythonExtension": "No se pudo instalar la extensión de Python.",
	"DataScience.kernelPrefixForRemote": "(Remoto)",
	"DataScience.pythonFileOverridesPythonPackage": "Este archivo podría invalidar un paquete de Python existente e interferir con la ejecución del kernel; considere la posibilidad de cambiarle el nombre.",
	"DataScience.alwaysIgnoreWarningsAboutOverridingPythonPackages": "Omitir siempre las advertencias sobre la invalidación de paquetes de Python",
	"DataScience.ignoreWarningAboutOverridingPythonPackage": "Omitir advertencia para \"{0}\"",
	"DataScience.moreInfoAboutFileNamesOverridingPythonPackages": "Más información sobre la invalidación de paquetes de Python",
	"DataScience.reservedPythonFileNamesDiagnosticCollectionName": "Nombres de archivo de Python reservados",
	"DataScience.filesPossiblyOverridingPythonModulesMayHavePreventedKernelFromStarting": "Es posible que algunos de los siguientes archivos encontrados en el directorio de trabajo hayan impedido el inicio del kernel. Considere la posibilidad de cambiarles el nombre.",
	"DataScience.listOfFilesWithLinksThatMightNeedToBeRenamed": "Archivos: es posible que sea necesario cambiar el nombre de {0}.",
	"jupyter.configuration.jupyter.diagnostics.reservedPythonNames.enabled.markdownDescription": "Indica si se muestran advertencias sobre los nombres de archivo de Python que podrían [invalidar paquetes de Python](https://aka.ms/JupyterKernelStartFailureOverrideReservedName).",
	"jupyter.configuration.jupyter.diagnostics.reservedPythonNames.exclude.markdownDescription": "Configure [patrones globales](https://code.visualstudio.com/docs/editor/codebasics#_advanced-search-options) para excluir archivos y carpetas de la advertencia sobre la [invalidación de paquetes de Python](https://aka.ms/JupyterKernelStartFailureOverrideReservedName).",
	"DataScience.localKernelFinderDisplayName": "Kernels locales",
	"DataScience.universalRemoteKernelFinderDisplayName": "Remoto - {0}",
	"DataScience.remoteKernelFinderDisplayName": "Actual remoto",
	"DataScience.kernelPickerSelectSourceTitle": "Seleccionar origen de kernel",
	"DataScience.kernelPickerSelectKernelTitle": "Seleccionar kernel"
}