{
	"products.installingModule": "Installazione di {0}",
	"capabilities.untrustedWorkspace.description": "L'esecuzione di celle nella finestra interattiva e nei notebook non è supportata nelle aree di lavoro non attendibili.",
	"contributes.walkthroughs.jupyterWelcome.title": "Inizia a usare i notebook Jupyter",
	"contributes.walkthroughs.jupyterWelcome.description": "Primi passaggi per la configurazione di un progetto Jupyter usando i potenti strumenti e le funzionalità che offre l'estensione Jupyter.",
	"contributes.walkthroughs.jupyterWelcome.steps.ipynb.newUntitledIpynb.title": "Creare o aprire un Jupyter Notebook",
	"contributes.walkthroughs.jupyterWelcome.steps.ipynb.newUntitledIpynb.description": "Fare clic con il pulsante destro del mouse in Esplora file e creare un nuovo file con estensione ipynb. In alternativa, aprire il [Command Palette](command:workbench.action.showCommands) ed eseguire il comando \r\n''Crea: nuovo Jupyter Notebook''.\r\n[Create New Jupyter Notebook](command:toSide:ipynb.newUntitledIpynb)\r\n Se si dispone di un progetto esistente, è anche possibile [open a folder](command:toSide:workbench.action.files.openFolder) e/o clonare un progetto da GitHub: [clone a Git repository](command:toSide:git.clone).",
	"contributes.walkthroughs.jupyterWelcome.steps.ipynb.newUntitledIpynb.media.altText": "Creazione di un nuovo notebook su Jupyter",
	"contributes.walkthroughs.jupyterWelcome.steps.jupyter.selectKernel.title": "Selezionare un kernel Jupyter",
	"contributes.walkthroughs.jupyterWelcome.steps.jupyter.selectKernel.description": "Fare clic su Seleziona kernel in alto a destra del notebook e scegliere l'ambiente in cui eseguire il kernel. In alternativa, con un notebook aperto e attivo, aprire il [Command Palette](command:workbench.action.showCommands) ed eseguire il comando: \r\n''Notebook: seleziona kernel notebook''. \r\n[Open Command Palette to Select a Jupyter Kernel](command:workbench.action.showCommands)",
	"contributes.walkthroughs.jupyterWelcome.steps.jupyter.selectKernel.media.altText": "Selezione o modifica di un kernel notebook",
	"contributes.walkthroughs.jupyterWelcome.steps.jupyter.exploreAndDebug.title": "Esplorare i dati e il debug",
	"contributes.walkthroughs.jupyterWelcome.steps.jupyter.exploreAndDebug.description": "📅 È possibile usare [Data Viewer](https://code.visualstudio.com/docs/datascience/data-science-tutorial#_prepare-the-data) per visualizzare, ordinare e filtrare le righe di dati. Dopo aver caricato i dati, fare clic su \"Variabili\" in alto a destra nel notebook e fare clic sull'icona Visualizzatore dati a sinistra della tabella dati. \r\n \r\n[Learn about Data Viewer](https://code.visualstudio.com/docs/datascience/data-science-tutorial#_prepare-the-data)\r\n \r\n📒 Eseguire il debug del notebook usando la modalità [Run by Line](https://code.visualstudio.com/docs/datascience/jupyter-notebooks#_run-by-line) per eseguire una cella una riga alla volta. Fare clic sull'icona Esegui per riga dalla cella (pulsante Riproduci con le righe) o premere F10. \r\n \r\n[Learn about Run by Line](https://code.visualstudio.com/docs/datascience/jupyter-notebooks#_run-by-line)",
	"contributes.walkthroughs.jupyterWelcome.steps.jupyter.exploreAndDebug.media.altText": "Apertura del visualizzatore dati",
	"contributes.walkthroughs.jupyterWelcome.steps.jupyter.dataScienceLearnMore.title": "Altre informazioni",
	"contributes.walkthroughs.jupyterWelcome.steps.jupyter.dataScienceLearnMore.description": "🎨 Per esplorare tutte le funzionalità offerte dall'estensione Jupyter, cercare \"Jupyter\" nel [Command Palette](command:workbench.action.showCommands). \r\n 📈 Altre informazioni su come iniziare a usare data science in [Python](command:workbench.action.openWalkthrough?%7B%22category%22%3A%22ms-python.python%23pythonDataScienceWelcome%22%2C%22step%22%3A%22ms-python.python%23python.createNewNotebook%22%7D) installando l'estensione Python ([search Python extension](command:workbench.extensions.search?\"ms-python.python\")). \r\n 📃 Altre funzionalità in [Tutorials](https://code.visualstudio.com/docs/datascience/jupyter-notebooks).  \r\n[Learn more](https://aka.ms/AAdar6q)",
	"contributes.walkthroughs.jupyterWelcome.steps.jupyter.dataScienceLearnMore.media.altText": "Immagine che rappresenta le risorse della pagina di documentazione e della lista di distribuzione.",
	"jupyter.command.dataScience.clearCache.title": "Cancella cache",
	"jupyter.command.jupyter.replayPylanceLog.title": "Riproduzione log Pylance",
	"jupyter.command.jupyter.replayPylanceLogStep.title": "Passaggio log di Pylance",
	"jupyter.command.jupyter.exportAsPythonScript.title": "Esporta in script Python",
	"jupyter.command.jupyter.exportToHTML.title": "Esporta in HTML",
	"jupyter.command.jupyter.exportToPDF.title": "Esporta in PDF",
	"jupyter.command.jupyter.debug.title": "Esegui debug",
	"jupyter.command.jupyter.filterKernels.title": "Filtrare i kernel",
	"jupyter.command.jupyter.runByLine.title": "Esegui per riga",
	"jupyter.command.jupyter.debugCell.title": "Cella di debug",
	"jupyter.command.jupyter.runByLineNext.title": "Esegui riga successiva",
	"jupyter.command.jupyter.runByLineStop.title": "Continua esecuzione",
	"DataScience.checkingIfImportIsSupported": "È in corso un controllo per verificare se \"import\" è supportato",
	"DataScience.validatingKernelDependencies": "Convalida delle dipendenze kernel",
	"DataScience.installingMissingDependencies": "Installa dipendenze mancanti",
	"DataScience.exportNotebookToPython": "Esportazione di Notebook in Python",
	"DataScience.performingExport": "Esportazione in corso",
	"DataScience.convertingToPDF": "Conversione in PDF",
	"DataScience.exportHTMLQuickPickLabel": "HTML",
	"DataScience.exportPDFQuickPickLabel": "PDF",
	"DataScience.openExportedFileMessage": "Aprire il file esportato?",
	"DataScience.openExportFileYes": "Sì",
	"DataScience.openExportFileNo": "No",
	"DataScience.failedExportMessage": "Esportazione non riuscita.",
	"DataScience.validationErrorMessageForRemoteUrlProtocolNeedsToBeHttpOrHttps": "Deve essere in formato HTTP",
	"DataScience.exportFailedGeneralMessage": "Per ulteriori dettagli, vedere il pannello 'Jupyter' [output] (command:jupyter.viewOutput).",
	"DataScience.exportToPDFDependencyMessage": "Se xelatex (TeX) non è stato installato, è necessario eseguire questa operazione prima di poter eseguire l'esportazione in PDF. Per ulteriori istruzioni, vai a https://nbconvert.readthedocs.io/en/latest/install.html#installing-tex. \r\nPer evitare di installare xelatex (TeX), provare a esportare in formato HTML e a utilizzare la funzionalità \"Stampa su PDF\" dei browser.",
	"DataScience.insecureSessionMessage": "La connessione tramite HTTP senza un token potrebbe essere non sicura. Connettersi a un server probabilmente non sicuro?",
	"DataScience.insecureSessionDenied": "Connessione al server non sicura negata.",
	"DataScience.pythonNotInstalled": "Python non è installato. \r\nScaricare e installare Python per eseguire le celle in questo Notebook.",
	"DataScience.installKernel": "Il Kernel '{0}' Jupyter non è stato trovato. È necessario installarlo per eseguire le celle in questo Notebook.",
	"DataScience.customizeLayout": "Personalizzare il layout",
	"DataScience.warnWhenSelectingKernelWithUnSupportedPythonVersion": "La versione di Python associata al kernel selezionato non è più supportata. Provare a selezionare un kernel diverso.",
	"DataScience.activatingPythonEnvironment": "Attivazione di '{0}' dell'ambiente Python",
	"jupyter.kernel.percentPipCondaInstallInsteadOfBang": "Utilizza '%{0} install' invece di '!{0} install'",
	"jupyter.kernel.pipCondaInstallHoverWarning": "'!{0} install' potrebbe installare i pacchetti nell'ambiente errato. [Più informazioni] ({1})",
	"jupyter.kernel.replacePipCondaInstallCodeAction": "Sostituisci con '%{0} install'",
	"jupyter.kernel.filter.placeholder": "Scegliere le kernel disponibili nella selezione kernel.",
	"jupyter.kernel.category.jupyterSession": "(Remoto) Sessione Jupyter",
	"jupyter.kernel.category.jupyterKernel": "Kernel Jupyter",
	"jupyter.kernel.category.jupyterRemoteKernel": "(Remoto) Kernel Jupyter",
	"jupyter.kernel.category.conda": "Ambiente Conda",
	"jupyter.kernel.category.poetry": "Ambiente Poetry",
	"jupyter.kernel.category.pipenv": "Ambiente Pipenv",
	"jupyter.kernel.category.pyenv": "Ambiente PyEnv",
	"jupyter.kernel.category.global": "Ambiente globale",
	"jupyter.kernel.category.virtual": "Ambiente virtuale",
	"jupyter.command.jupyter.viewLanguageServerOutput.title": "Mostrare output del server di linguaggio",
	"jupyter.command.jupyter.selectAndRunTestMethod.title": "Esegui metodo di test ...",
	"jupyter.command.jupyter.selectAndDebugTestMethod.title": "Esegui il debug del metodo di test ...",
	"jupyter.command.jupyter.selectAndRunTestFile.title": "Esegui file di test ...",
	"jupyter.command.jupyter.runCurrentTestFile.title": "Esegui file di test corrente",
	"jupyter.command.jupyter.runFailedTests.title": "Esegui test non superati",
	"jupyter.command.jupyter.discoverTests.title": "Individua test",
	"jupyter.command.jupyter.discoveringTests.title": "Individuazione...",
	"jupyter.command.jupyter.stopTests.title": "Arresta",
	"jupyter.command.jupyter.configureTests.title": "Configura test",
	"jupyter.command.jupyter.execSelectionInTerminal.title": "Eseguire selezione/riga nel terminale Python",
	"jupyter.command.jupyter.execSelectionInDjangoShell.title": "Eseguire selezione/riga nella shell Django",
	"jupyter.command.jupyter.goToPythonObject.title": "Passare all'oggetto Python",
	"jupyter.command.jupyter.setLinter.title": "Selezionare Linter",
	"jupyter.command.jupyter.enableLinting.title": "Abilita linting",
	"jupyter.command.jupyter.runLinting.title": "Eseguire linting",
	"jupyter.command.jupyter.runFileInteractive.title": "Esegui file corrente nella finestra interattiva",
	"jupyter.command.jupyter.debugFileInteractive.title": "Esegui debug del file corrente nella finestra interattiva",
	"jupyter.command.jupyter.runallcells.title": "Esegui tutte le celle",
	"jupyter.command.jupyter.notebookeditor.expandallcells.title": "Espandi tutte le celle Notebook",
	"jupyter.command.jupyter.notebookeditor.collapseallcells.title": "Comprimi tutte le celle Notebook",
	"jupyter.command.jupyter.runallcellsabove.title": "Esegui precedente",
	"jupyter.command.jupyter.runcellandallbelow.title": "Esegui seguente",
	"jupyter.command.jupyter.runallcellsabove.palette.title": "Esegui celle precedente la cella attiva",
	"jupyter.command.jupyter.runcurrentcellandallbelow.palette.title": "Esegui cella attiva e seguenti",
	"jupyter.command.jupyter.debugcurrentcell.palette.title": "Esegui il debug della cella attiva",
	"jupyter.command.jupyter.debugcell.title": "Cella di debug",
	"jupyter.command.jupyter.debugstepover.title": "Esegui istruzione/routine",
	"jupyter.command.jupyter.debugcontinue.title": "Continua",
	"jupyter.command.jupyter.debugstop.title": "Arresta",
	"jupyter.command.jupyter.runtoline.title": "Esegui per riga nella finestra interattiva",
	"jupyter.command.jupyter.runfromline.title": "Esegui da riga nella finestra interattiva",
	"jupyter.command.jupyter.runcurrentcell.title": "Esegui cella corrente",
	"jupyter.command.jupyter.runcurrentcelladvance.title": "Esegui cella attiva e seguenti",
	"jupyter.command.jupyter.execSelectionInteractive.title": "Esegui selezione/riga nella finestra interattiva",
	"jupyter.command.jupyter.runcell.title": "Esegui cella",
	"jupyter.command.jupyter.insertCellBelowPosition.title": "Inserisci posizione cella seguente",
	"jupyter.command.jupyter.insertCellBelow.title": "Inserisci cella seguente",
	"jupyter.command.jupyter.insertCellAbove.title": "Inserisci cella precedente",
	"jupyter.command.jupyter.deleteCells.title": "Elimina celle selezionate",
	"jupyter.command.jupyter.selectCell.title": "Seleziona cella",
	"jupyter.command.jupyter.selectCellContents.title": "Seleziona contenuto cella",
	"jupyter.command.jupyter.extendSelectionByCellAbove.title": "Estendi selezione per cella precedente",
	"jupyter.command.jupyter.extendSelectionByCellBelow.title": "Estendi selezione per cella seguente",
	"jupyter.command.jupyter.moveCellsUp.title": "Sposta su celle selezionate",
	"jupyter.command.jupyter.moveCellsDown.title": "Sposta giù celle selezionate",
	"jupyter.command.jupyter.changeCellToMarkdown.title": "Modifica cella in Markdown",
	"jupyter.command.jupyter.changeCellToCode.title": "Modifica cella in codice",
	"jupyter.command.jupyter.gotoNextCellInFile.title": "Vai alla cella successiva",
	"jupyter.command.jupyter.gotoPrevCellInFile.title": "Vai a cella precedente",
	"jupyter.command.jupyter.showhistorypane.title": "Mostra finestra interattiva",
	"jupyter.command.jupyter.createnewinteractive.title": "Crea finestra interattiva",
	"jupyter.command.jupyter.selectjupyteruri.title": "Specificare Jupyter Server per le connessioni",
	"DataScience.jupyterNativeNotebookUriStatusLabelForLocal": "Jupyter Server: locale",
	"DataScience.jupyterNativeNotebookUriStatusLabelForRemote": "Jupyter Server: remoto",
	"jupyter.command.jupyter.selectjupytercommandline.title": "Specificare gli argomenti della riga di comando di Jupyter",
	"jupyter.command.jupyter.importnotebook.title": "Importa Jupyter Notebook",
	"jupyter.command.jupyter.importnotebookfile.title": "Converti in script Python",
	"jupyter.command.jupyter.exportoutputasnotebook.title": "Esporta finestra interattiva come Jupyter Notebook",
	"jupyter.command.jupyter.exportfileasnotebook.title": "Esporta file Python corrente come Jupyter Notebook",
	"jupyter.command.jupyter.exportfileandoutputasnotebook.title": "Esporta file e output Python correnti come Jupyter Notebook",
	"jupyter.command.jupyter.undocells.title": "Annulla ultima azione interattiva",
	"jupyter.command.jupyter.redocells.title": "Ripeti ultima azione interattiva",
	"jupyter.command.jupyter.removeallcells.title": "Elimina tutte le celle interattive",
	"jupyter.command.jupyter.notebookeditor.removeallcells.title": "Elimina tutte le celle dell'editor Notebook",
	"jupyter.command.jupyter.notebookeditor.addcellbelow.title": "Aggiungi cella vuota al file Notebook",
	"jupyter.command.jupyter.notebookeditor.keybind.undo.title": "Annulla",
	"jupyter.command.jupyter.notebookeditor.keybind.save.title": "Salva",
	"jupyter.command.jupyter.interruptkernel.title": "Interrupt Kernel",
	"jupyter.command.jupyter.interruptkernel.shorttitle": "Interrompi",
	"DataScience.restartKernel": "Restart Kernel",
	"jupyter.command.jupyter.restartkernel.title": "Restart Kernel",
	"jupyter.command.jupyter.restartkernel.shorttitle": "Riavvia",
	"jupyter.command.jupyter.expandallcells.title": "Espandi tutte le celle interattive",
	"jupyter.command.jupyter.collapseallcells.title": "Comprimi tutte le celle interattive",
	"jupyter.command.jupyter.expandallcells.shorttitle": "Espandi",
	"jupyter.command.jupyter.collapseallcells.shorttitle": "Comprimi",
	"jupyter.command.jupyter.addcellbelow.title": "Aggiungi cella vuota al file",
	"jupyter.command.jupyter.createnewnotebook.title": "Crea nuovo Jupyter Notebook",
	"jupyter.command.jupyter.scrolltocell.title": "Scorri cella nella visualizzazione",
	"jupyter.command.jupyter.selectJupyterInterpreter.title": "Selezionare interprete per avviare Jupyter",
	"jupyter.command.jupyter.enableDebugLogging.title": "Abilita registrazione debug",
	"jupyter.command.jupyter.resetLoggingLevel.title": "Reimposta livello di registrazione",
	"jupyter.command.jupyter.showDataViewer.title": "Visualizza valore nel Visualizzatore dati",
	"jupyter.command.jupyter.viewOutput.title": "Mostra output",
	"DataScience.viewJupyterLogForFurtherInfo": "Per ulteriori dettagli, visualizzare Jupyter [log](command:jupyter.viewOutput).",
	"jupyter.showJupyterLogs": "Mostra log Jupyter",
	"jupyter.command.jupyter.clearSavedJupyterUris.title": "Cancella elenco server remoti Jupyter",
	"jupyter.command.jupyter.openVariableView.title": "Apri visualizzazione variabili",
	"jupyter.command.jupyter.openVariableView.shorttitle": "Variabili",
	"jupyter.command.jupyter.openOutlineView.title": "Mostra sommario (visualizzazione Struttura)",
	"jupyter.command.jupyter.openOutlineView.shorttitle": "Struttura",
	"DataScience.currentlySelectedJupyterInterpreterForPlaceholder": "corrente: {0}",
	"jupyter.command.jupyter.analysis.clearCache.title": "Cancella cache di analisi dei moduli",
	"jupyter.command.jupyter.analysis.restartLanguageServer.title": "Riavvia il server di linguaggio",
	"jupyter.commandPalette.jupyter.replayPylanceLog.title": "Riproduzione log Pylance",
	"jupyter.notebookRenderer.IPyWidget.displayName": "Renderer di Jupyter IPyWidget",
	"jupyter.notebookRenderer.Error.displayName": "Renderer errori Jupyter",
	"jupyter.debuggers.kernel": "Adattatore di debug del kernel Python",
	"jupyter.debuggers.interactive": "Finestra interattiva Python",
	"jupyter.configuration.jupyter.experiments.enabled.description": "Abilita/disabilita i test A/B.",
	"jupyter.configuration.jupyter.showVariableViewWhenDebugging.description": "Visualizzare la visualizzazione variabile quando si avvia una sessione Esegui per riga.",
	"jupyter.configuration.jupyter.logging.level.description": "Livello di registrazione a cui viene eseguito il log dell'estensione.",
	"jupyter.configuration.jupyter.experiments.optInto.markdownDescription": "Elenco di esperimenti a cui acconsentire esplicitamente. Se vuoto, all'utente vengono assegnati i gruppi di esperimenti predefiniti. [Learn more](https://github.com/microsoft/vscode-jupyter/wiki/Experiments).",
	"jupyter.configuration.jupyter.experiments.optOutFrom.markdownDescription": "Elenco di esperimenti di cui rifiutare esplicitamente l'uso. Se vuoto, all'utente vengono assegnati i gruppi di esperimenti predefiniti. [Learn more](https://github.com/microsoft/vscode-jupyter/wiki/Experiments).",
	"jupyter.configuration.jupyter.enableKeyboardShortcuts.deprecationMessage": "Questa impostazione è stata deprecata perché le scelte rapide da tastiera di Jupyter sono state spostate nell'estensione ms-toolsai.jupyter-keymap. Per disabilitare le scelte rapide da tastiera di Jupyter, disinstallare o disabilitare l'estensione.",
	"jupyter.configuration.jupyter.enableKeyboardShortcuts.description": "Abilita le scelte rapide da tastiera in stile Jupyter per Notebooks.",
	"jupyter.configuration.jupyter.allowImportFromNotebook.deprecationMessage": "Questa impostazione è deprecata e verrà rimossa nella prossima versione.",
	"jupyter.configuration.jupyter.allowImportFromNotebook.description": "Consente all'utente di importare un notebook jupyter in un file python ogni volta che ne viene aperto uno.",
	"jupyter.configuration.jupyter.widgetScriptSources.items.enumDescriptions.0": "Carica gli script del widget (javascript) da https://www.jsdelivr.com/",
	"jupyter.configuration.jupyter.widgetScriptSources.items.enumDescriptions.1": "Carica gli script del widget (javascript) da https://unpkg.com/",
	"jupyter.configuration.jupyter.widgetScriptSources.markdownDescription": "Definisce il percorso e l'ordine delle origini da cui vengono scaricati i file di script per i widget, ad esempio ipywidgest, bqplot, beakerx, ipyleaflet e così via. Se non si seleziona uno di questi elementi, il rendering o il funzionamento dei widget potrebbe non essere corretto. Per altre informazioni, vedere [here](https://aka.ms/PVSCIPyWidgets). Una volta aggiornato, è necessario riavviare il Kernel.",
	"jupyter.configuration.jupyter.askForLargeDataFrames.description": "Avvisare l'utente prima di tentare di aprire i frame di dati di grandi dimensioni.",
	"jupyter.configuration.jupyter.askForKernelRestart.description": "Avvisare l'utente prima di riavviare un kernel.",
	"jupyter.configuration.jupyter.exportWithOutputEnabled.description": "Abilitare l'esportazione di un file python in un notebook jupyter ed eseguire tutte le celle quando si effettua questa operazione.",
	"jupyter.configuration.jupyter.jupyterLaunchTimeout.description": "Tempo (in ms) di attesa per l'avvio del server Jupyter Notebook.",
	"jupyter.configuration.jupyter.jupyterLaunchRetries.description": "Numero di tentativi di connessione al Jupyter Notebook",
	"jupyter.configuration.jupyter.jupyterCommandLineArguments.description": "Quando viene avviato un editor di Notebook o una finestra interattiva del server Jupyter, questi argomenti verranno passati al server. Per impostazione predefinita, l’elenco viene generato dall'estensione Jupyter.",
	"jupyter.configuration.jupyter.notebookFileRoot.description": "Impostare la directory principale per l'esecuzione di notebook e della finestra interattiva.",
	"jupyter.configuration.jupyter.searchForJupyter.deprecationMessage": "Questa impostazione è deprecata e verrà rimossa nella prossima versione.",
	"jupyter.configuration.jupyter.searchForJupyter.description": "Cerca tutti gli interpreti Python installati per l'installazione di Jupyter all’avvio di una finestra interattiva",
	"jupyter.configuration.jupyter.useDefaultConfigForJupyter.description": "Se si esegue Jupyter in locale, creare una configurazione di Jupyter vuota predefinita per la finestra interattiva",
	"jupyter.configuration.jupyter.jupyterInterruptTimeout.description": "Tempo (in ms) di attesa di un interrupt prima di chiedere il riavvio del kernel Jupyter.",
	"jupyter.configuration.jupyter.allowInput.deprecationMessage": "Questa impostazione è deprecata e verrà rimossa nella prossima versione.",
	"jupyter.configuration.jupyter.allowInput.description": "Consentire l'inserimento di codice python direttamente nella finestra interattiva.",
	"jupyter.configuration.jupyter.showCellInputCode.deprecationMessage": "Questa impostazione è deprecata e verrà rimossa nella prossima versione.",
	"jupyter.configuration.jupyter.showCellInputCode.description": "Mostra il codice di input della cella.",
	"jupyter.configuration.jupyter.collapseCellInputCodeByDefault.description": "Comprimere il codice di input delle celle per impostazione predefinita.",
	"jupyter.configuration.jupyter.collapseCellInputCodeByDefault.markdownDeprecationMessage": "Questa impostazione è stata deprecata. Usare in alternativa `#interactiveWindow.collapseCellInputCode#`.",
	"jupyter.configuration.jupyter.maxOutputSize.deprecationMessage": "Questa impostazione è deprecata e verrà rimossa nella prossima versione.",
	"jupyter.configuration.jupyter.maxOutputSize.description": "Dimensione massima (in pixel) dell’output di testo visualizzato nell'Editor di Notebook prima che venga visualizzata una barra di scorrimento. Abilitare prima di tutto lo scorrimento per gli output delle celle in impostazioni.",
	"jupyter.configuration.jupyter.alwaysScrollOnNewCell.description": "Scorrere automaticamente la finestra interattiva per mostrare l'output dell'ultima istruzione eseguita. Se è false, la finestra interattiva scorrerà automaticamente solo se è visibile la parte inferiore della cella precedente.",
	"jupyter.configuration.jupyter.alwaysScrollOnNewCell.deprecationMessage": "Questa impostazione è obsoleta. Usare in alternativa l'impostazione 'interactiveWindow.alwaysScrollOnNewCell'.",
	"jupyter.configuration.jupyter.enableScrollingForCellOutputs.deprecationMessage": "Questa impostazione è deprecata e verrà rimossa nella prossima versione.",
	"jupyter.configuration.jupyter.enableScrollingForCellOutputs.description": "Abilita lo scorrimento per gli output di celle di grandi dimensioni nell'Editor di Notebook. Questa impostazione non è applicabile alla finestra interattiva.",
	"jupyter.configuration.jupyter.sendSelectionToInteractiveWindow.description": "Quando si preme MAIUSC+INVIO, si invia il codice selezionato in un file Python alla finestra interattiva di Jupyter anziché al terminale Python.",
	"jupyter.configuration.jupyter.variableExplorerExclude.description": "Tipi da escludere dalla visualizzazione in Esplora variabili interattive",
	"jupyter.configuration.jupyter.codeRegularExpression.description": "Espressione regolare utilizzata per identificare le celle di codice. Tutto il codice fino alla corrispondenza successiva è considerato parte di questa cella.",
	"jupyter.configuration.jupyter.defaultCellMarker.description": "Marcatore di cella usato per delineare una cella in un file python.",
	"jupyter.configuration.jupyter.markdownRegularExpression.description": "Espressione regolare usata per identificare le celle markdown. Tutti i commenti dopo questa espressione vengono considerati parte del markdown.",
	"jupyter.configuration.jupyter.allowLiveShare.deprecationMessage": "Questa impostazione è deprecata perché il supporto di Live Share per la finestra interattiva non esiste più nell'estensione Jupyter.",
	"jupyter.configuration.jupyter.allowLiveShare.description": "Consentire la condivisione della finestra interattiva durante una sessione di Live Share.",
	"jupyter.configuration.jupyter.ignoreVscodeTheme.deprecationMessage": "Questa impostazione è deprecata e verrà rimossa nella prossima versione.",
	"jupyter.configuration.jupyter.ignoreVscodeTheme.description": "Non usare il tema di VS Code nella finestra Interattiva (richiede il ricaricamento di VS Code). In questo modo la finestra interattiva usa 'Light +(default light)' e disabilita le impostazioni predefinite di matplotlib.",
	"jupyter.configuration.jupyter.themeMatplotlibPlots.description": "Nella finestra interattiva e nel tema dell'editor di Notebook gli output matplotlib corrispondono al tema dell'editor VS Code.",
	"jupyter.configuration.jupyter.liveShareConnectionTimeout.deprecationMessage": "Questa impostazione è deprecata e verrà rimossa nella prossima versione.",
	"jupyter.configuration.jupyter.liveShareConnectionTimeout.description": "Tempo di attesa delle connessioni guest per verificare che l'estensione Python sia installata.",
	"jupyter.configuration.jupyter.decorateCells.description": "Disegna un'evidenziazione dietro la cella attualmente attiva.",
	"jupyter.configuration.jupyter.enableCellCodeLens.description": "Abilita code lens per 'cells' in un file Python.",
	"jupyter.configuration.jupyter.enableAutoMoveToNextCell.description": "Consente di passare alla cella successiva quando si fa clic su un code lens \"Esegui cella\".",
	"jupyter.configuration.jupyter.allowUnauthorizedRemoteConnection.description": "Consente di connettere la finestra interattiva a un server Jupyter https che non dispone di certificati validi. Ciò può comportare un rischio per la sicurezza, pertanto va usato solo su server noti e attendibili.",
	"jupyter.configuration.jupyter.generateSVGPlots.description": "Generare l’output SVG per i tracciati del notebook. Ciò consente una migliore visualizzazione nel visualizzatore di tracciati, a scapito della velocità di generazione e delle dimensioni del file.",
	"jupyter.configuration.jupyter.codeLenses.description": "Set di comandi da inserire come code lens sopra una cella.",
	"jupyter.configuration.jupyter.debugCodeLenses.description": "Set di comandi di debug da inserire come code lens sopra una cella durante il debug.",
	"jupyter.configuration.jupyter.debugpyDistPath.description": "Percorso dei bit debugpy per il debug delle celle.",
	"jupyter.configuration.jupyter.stopOnFirstLineWhileDebugging.description": "Quando si esegue il debug di una cella, fermarsi alla prima riga.",
	"jupyter.configuration.jupyter.remoteDebuggerPort.description": "Quando si esegue il debug di una cella, aprire la porta nella casella remota. Se viene specificato -1, verrà tentata una porta casuale tra 8889 e 9000.",
	"jupyter.configuration.jupyter.disableJupyterAutoStart.description": "Se true, disabilita l'avvio automatico di Jupyter. Per avviare Jupyter, è necessario eseguire una cella.",
	"jupyter.configuration.jupyter.textOutputLimit.deprecationMessage": "Questa impostazione è deprecata ed è stata sostituita da `notebook.output.textLineLimit`. L’impostazione verrà rimossa nella prossima versione.",
	"jupyter.configuration.jupyter.textOutputLimit.description": "Limita la quantità di testo nell'output di testo della cella interattiva a questo valore. 0 per consentire qualsiasi quantità di caratteri.",
	"jupyter.configuration.jupyter.colorizeInputBox.deprecationMessage": "Questa impostazione è deprecata e verrà rimossa in una prossima versione.",
	"jupyter.configuration.jupyter.colorizeInputBox.description": "Indica se usare o meno il colore di anteprima del tema come sfondo per la casella di input.",
	"jupyter.configuration.jupyter.stopOnError.description": "Interrompe l'esecuzione delle celle se una cella genera un'eccezione.",
	"jupyter.configuration.jupyter.addGotoCodeLenses.description": "Dopo aver eseguito una cella, aggiungere un code lens 'Goto' alla cella. Nota: la disabilitazione di tutti i code lens disabilita anche questo.",
	"jupyter.configuration.jupyter.variableQueries.markdownDescription": "Linguaggio per il mapping di query per la restituzione dell'elenco variabili attive in un kernel Jupyter. Usato da Esplora variabili sia nella finestra interattiva che nei Notebook. Esempio:\r\n'''\r\n[\r\n  {\r\n    \"language\": \"python\",\r\n    \"query\": \"%who_ls\",\r\n    \"parseExpr\": \"'(\\\\w+)'\"\r\n  }\r\n]\r\n'''",
	"jupyter.configuration.jupyter.kernels.filter.items.markdownDescription": "Percorso completo della specifica del kernel o dell'ambiente Python. \r\nAd esempio '~/miniconda3/envs/sample/bin/python'.",
	"jupyter.configuration.jupyter.kernels.filter.markdownDescription": "Elenco dei kernel Jupyter e/o degli ambienti Python che devono essere esclusi da selezione Kernel.",
	"jupyter.configuration.jupyter.interactiveWindowMode.description": "Comportamento della finestra interattiva. 'perFile' crea una nuova finestra interattiva per ogni file eseguito in una cella. 'single' consente la creazione di una singola finestra. 'multiple' consente la creazione di più finestre.",
	"jupyter.configuration.jupyter.interactiveWindowViewColumn.description": "Dove aprire una finestra interattiva non associata a un file Python. 'beside' aprirà la finestra interattiva a destra dell'editor attivo. 'active' aprirà la finestra interattiva al posto dell'editor attivo. 'secondGroup' aprirà la finestra interattiva nel secondo gruppo di editor.",
	"jupyter.configuration.jupyter.magicCommandsAsComments.description": "Rimuovere il commento delle assegnazioni della shell (#!), della chiave di riga (#!%) e della chiave della cella (#!%%) durante l'analisi delle celle di codice.",
	"jupyter.configuration.jupyter.pythonExportMethod.description": "Metodo da usare per l'esportazione di un notebook in un file Python. 'direct' copierà il codice direttamente così com'è. 'commentMagics' commenterà le righe che iniziano con i comandi magic per le celle (%) e i comandi della shell (!). 'nbconvert' installerà nbconvert e lo userà per la conversione che può convertire la sintassi iPython in quella Python.",
	"jupyter.configuration.jupyter.runStartupCommands.description": "Una serie di istruzioni Python o comandi magic iPython. Può essere una matrice di stringhe o una singola stringa con comandi separati da '\\n'. I comandi verranno eseguiti automaticamente ogni volta che viene caricata la finestra interattiva. Ad esempio, impostare su '%load_ext autoreload\\n%autoreload 2' per ricaricare automaticamente le modifiche apportate ai file importati senza dover riavviare la sessione interattiva.",
	"jupyter.configuration.jupyter.debugJustMyCode.description": "Durante il debug, eseguire il debug just My Code.",
	"jupyter.configuration.jupyter.showOutlineButtonInNotebookToolbar.description": "Mostra il pulsante Struttura sulla barra degli strumenti del notebook Jupyter.",
	"jupyter.configuration.jupyter.newCellOnRunLast.description": "Aggiungere una nuova cella vuota al file di una finestra interattiva durante l'esecuzione dell'ultima cella corrente.",
	"jupyter.configuration.jupyter.pylanceHandlesNotebooks.description": "Determina se Pylance gestisce la creazione di documenti concat del notebook.",
	"jupyter.configuration.jupyter.pythonCompletionTriggerCharacters.description": "Caratteri che attivano il completamento automatico in un kernel python jupyter.",
	"jupyter.configuration.jupyter.logKernelOutputSeparately.description": "Crea pannelli di output separati per l'output della console del server jupyter/kernel",
	"jupyter.configuration.jupyter.excludeUserSitePackages.description": "Aggiungere PYTHONNOUSERSITE ai kernel prima dell'avvio. In questo modo si impedisce l'uso di pacchetti di sito globali/utente nella PYTHONPATH del kernel.",
	"jupyter.configuration.jupyter.enableExtendedKernelCompletions.markdownDescription": "Abilita il supporto Jedi per i completamenti IntelliSense estesi nei kernel Jupyter in esecuzione (vedere questa [setting](https://ipython.readthedocs.io/en/stable/config/options/terminal.html?highlight=use_jedi#configtrait-Completer.use_jedi)). Ciò potrebbe avere un impatto notevole sulle prestazioni di esecuzione delle celle del notebook. Usare con cautela.",
	"jupyter.configuration.jupyter.showOnlyOneTypeOfKernel.markdownDescription": "Mostra un solo tipo di kernel nella selezione kernel. In questo modo si impedisce che kernel locali e kernel remoti vengano visualizzati contemporaneamente nel selettore del kernel.",
	"Pylance.proposePylanceMessage": "Prova Pylance, il nuovo server di linguaggio Microsoft per Python, più veloce e ricco di funzionalità. Installa l'estensione ora.",
	"Pylance.tryItNow": "Prova subito",
	"Pylance.remindMeLater": "Ricordamelo più tardi",
	"Pylance.installPylanceMessage": "L'estensione Pylance non è installata. Fare clic su Sì per aprire la pagina di installazione di Pylance.",
	"Pylance.pylanceNotInstalledMessage": "L'estensione Pylance non è installata.",
	"Pylance.pylanceInstalledReloadPromptMessage": "L'estensione Pylance è ora installata. Ricaricare la finestra per l'attivazione?",
	"DataScience.unknownMimeTypeFormat": "Tipo MIME {0} non attualmente supportato.",
	"DataScience.historyTitle": "Interattiva",
	"DataScience.dataExplorerTitle": "Visualizzatore dati",
	"DataScience.badWebPanelFormatString": "<html><body><h1>{0} non è un nome file valido</h1></body></html>",
	"DataScience.sessionDisposed": "Non è possibile eseguire il codice. La sessione è stata interrotta.",
	"DataScience.rawKernelProcessNotStarted": "Non è stato possibile avviare il processo del kernel non elaborato.",
	"DataScience.rawKernelProcessExitBeforeConnect": "Il processo del kernel non elaborato è stato terminato prima della connessione.",
	"DataScience.passwordFailure": "Impossibile connettersi al server protetto da password. Verificare che la password sia corretta.",
	"DataScience.exportDialogTitle": "Esporta in Jupyter Notebook",
	"DataScience.exportDialogFilter": "Jupyter Notebook",
	"DataScience.exportDialogComplete": "Notebook scritto in {0}",
	"DataScience.exportDialogFailed": "Non è stato possibile esportare il Notebook. {0}",
	"DataScience.exportOpenQuestion1": "Apri nell'editor",
	"DataScience.notebookExport": "Esporta",
	"DataScience.exportAsNotebook.shorttitle": "Salva",
	"DataScience.exportAs": "Esporta come",
	"DataScience.notebookExportAs": "Esporta come",
	"DataScience.notebookExportAs.shorttitle": "Esporta",
	"DataScience.exportAsQuickPickPlaceholder": "Esporta come...",
	"DataScience.exportPythonQuickPickLabel": "Script Python",
	"DataScience.collapseInputTooltip": "Comprimi blocco di input",
	"DataScience.collapseVariableExplorerTooltip": "Nascondi variabili attive nel kernel Jupyter",
	"DataScience.collapseVariableExplorerLabel": "Variabili",
	"DataScience.expandVariableExplorerTooltip": "Mostra variabili attive nel kernel Jupyter",
	"DataScience.close": "Chiudi",
	"DataScience.interactiveCopyCell": "Copia la cella",
	"DataScience.runInDedicatedExtensionHost": "Esegui sull'host dell’estensione dedicato",
	"DataScience.variableLoadingValue": "Caricamento in corso...",
	"DataScience.importDialogTitle": "Importa Jupyter Notebook",
	"DataScience.importDialogFilter": "Jupyter Notebook",
	"DataScience.notebookCheckForImportYes": "Importa",
	"DataScience.reloadRequired": "Ricaricare la finestra per rendere effettive le nuove impostazioni.",
	"DataScience.notebookCheckForImportNo": "In seguito",
	"DataScience.notebookCheckForImportDontAskAgain": "Non chiedere più",
	"DataScience.notebookCheckForImportTitle": "Importare Jupyter Notebook nel codice Python?",
	"DataScience.jupyterNotSupported": "Impossibile avviare Jupyter. Errore durante il tentativo di individuare Jupyter: {0}",
	"DataScience.jupyterNotSupportedBecauseOfEnvironment": "Attivazione di {0} per l'esecuzione di Jupyter non riuscita con {1}.",
	"DataScience.jupyterNbConvertNotSupported": "L'importazione di Notebooks richiede l'installazione di Jupyter nbconvert.",
	"DataScience.removeRemoteJupyterConnectionButtonText": "Dimentica connessione",
	"DataScience.changeRemoteJupyterConnectionButtonText": "Gestisci connessioni",
	"DataScience.jupyterLaunchNoURL": "Non è stato possibile trovare l'URL del server Jupyter Notebook avviato",
	"DataScience.jupyterLaunchTimedOut": "Il server Jupyter Notebook non è stato avviato in tempo",
	"DataScience.jupyterSelfCertFail": "Il certificato di sicurezza utilizzato dal server {0} non era stato inviato da un’autorità di certificazione attendibile.\r\nCiò potrebbe indicare un tentativo di rubare le informazioni dell'utente.\r\nAbilitare l'impostazione Consenti connessione remota non autorizzata per questa area di lavoro per consentire di effettuare la connessione?",
	"DataScience.jupyterExpiredCertFail": "Il certificato di sicurezza utilizzato dal server {0} è scaduto.\r\nCiò potrebbe indicare un tentativo di rubare le informazioni dell'utente.\r\nAbilitare l'impostazione Consenti connessione remota non autorizzata per questa area di lavoro per consentire di effettuare la connessione?",
	"DataScience.jupyterSelfCertFailErrorMessageOnly": "Il certificato di sicurezza utilizzato dal server non è stato rilasciato da un'autorità di certificazione attendibile.\r\nCiò potrebbe indicare un tentativo di rubare le informazioni dell'utente.",
	"DataScience.jupyterSelfCertExpiredErrorMessageOnly": "Il certificato di sicurezza utilizzato dal server è scaduto.\r\nCiò potrebbe indicare un tentativo di rubare le informazioni dell'utente.",
	"DataScience.jupyterSelfCertEnable": "Sì, connetti comunque",
	"DataScience.jupyterSelfCertClose": "No, chiudi la connessione",
	"DataScience.jupyterServerCrashed": "Arresto anomalo di Jupyter Server. Impossibile connettersi. \r\nCodice di errore da Jupyter: {0}",
	"DataScience.rawConnectionDisplayName": "Connessione kernel diretta",
	"DataScience.rawConnectionBrokenError": "Connessione kernel diretta interrotta",
	"DataScience.pythonInteractiveHelpLink": "Altre opzioni di supporto",
	"DataScience.markdownHelpInstallingMissingDependencies": "Per informazioni sull'installazione di Jupyter e delle dipendenze correlate, vedere https://aka.ms/pyaiinstall](https://aka.ms/pyaiinstall).",
	"DataScience.importingFormat": "Importazione di {0}",
	"DataScience.startingJupyter": "Avvio di Jupyter Server",
	"DataScience.connectingToJupyter": "Connessione al Jupyter Server",
	"DataScience.connectingToKernel": "Connessione al kernel: {0}",
	"DataScience.connectedToKernel": "Connessione attiva.",
	"DataScience.connected": "Connesso",
	"DataScience.disconnected": "Disconnesso",
	"Experiments.inGroup": "L'utente appartiene al gruppo di esperimenti '{0}'",
	"Logging.CurrentWorkingDirectory": "cwd:",
	"Logging.WarnUserAboutDebugLoggingSetting": "È stata abilitata la registrazione del debug per l'estensione Jupyter, che continuerà a scrivere log su disco. Disattivare la registrazione del debug?",
	"Logging.YesTurnOffDebugLogging": "Sì, disattiva la registrazione del debug",
	"Logging.NoResponse": "No",
	"Logging.NoAndDontAskAgain": "Non, non chiedere più",
	"GitHubIssue.Failure": "Si è verificato un errore durante l'invio del GitHub Issue. Segnalare comunque un problema?",
	"GitHubIssue.copyToClipboardAndOpenIssue": "Sì, copia il contenuto negli Appunti e apri il problema",
	"GitHubIssue.pleaseFillThisOut": "Compilare la sezione ed eliminare il commento prima di inviare un problema.",
	"GitHubIssue.missingFields": "Specificare i dettagli del problema riscontrato prima di fare clic su Invia Issue GitHub.",
	"GitHubIssue.askForIssueTitle": "Fornire un titolo descrittivo che riepiloga il problema.",
	"GitHubIssue.titlePlaceholder": "Ad esempio: impossibile avviare una sessione di kernel locale",
	"DataScience.allowExtensionToUseJupyterKernelApi": "Concedere all'estensione '{0}' l'accesso ai Kernels Jupyter? Facendo clic su '{1}' si consente a questa estensione di eseguire il codice sui Kernels Jupyter.",
	"DataScience.thanksForUsingJupyterKernelApiPleaseRegisterWithUs": "Grazie per aver provato l'API Jupyter. Caricare un problema nel repository per utilizzare questa API in produzione. In questo modo non sarà possibile interrompere l'estensione durante l'aggiornamento dell'API (perché ancora in corso).",
	"Common.bannerLabelYes": "Sì",
	"Common.bannerLabelNo": "No",
	"Common.doNotShowAgain": "Non visualizzare più",
	"Common.reload": "Ricarica",
	"Common.moreInfo": "Altre informazioni",
	"Common.and": "e",
	"Common.download": "Download",
	"Common.ok": "OK",
	"Common.install": "Installa",
	"Common.learnMore": "Altre informazioni",
	"Common.reportThisIssue": "Segnalare questo problema",
	"CommonSurvey.remindMeLaterLabel": "Ricordamelo più tardi",
	"CommonSurvey.yesLabel": "Sì, rispondo ora al sondaggio",
	"CommonSurvey.noLabel": "No, grazie",
	"Common.clickHereForMoreInfoWithHtml": "Fare clic <a href='{0}'>qui</a> per ulteriori informazioni.",
	"OutputChannelNames.languageServer": "Server di linguaggio Python",
	"OutputChannelNames.python": "Python",
	"OutputChannelNames.pythonTest": "Log test di Python",
	"OutputChannelNames.jupyter": "Jupyter",
	"ExtensionSurveyBanner.bannerMessage": "È possibile inviare un feedback su come funziona l'estensione Jupyter?",
	"ExtensionSurveyBanner.bannerLabelYes": "Sì, rispondo ora al sondaggio",
	"ExtensionSurveyBanner.bannerLabelNo": "No, grazie",
	"ExtensionSurveyBanner.maybeLater": "Magari più tardi",
	"DataScience.restartKernelMessage": "Riavviare il kernel Jupyter? Tutte le variabili andranno perse.",
	"DataScience.restartKernelMessageYes": "Sì",
	"DataScience.restartingKernelFailed": "Kernel restart failed. Jupyter server is hung. Please reload VS Code.",
	"DataScience.interruptingKernelFailed": "Kernel interrupt failed. Jupyter server is hung. Please reload VS Code.",
	"DataScienceSurveyBanner.bannerMessage": "È possibile inviare un feedback su come funziona la funzionalità Data science?",
	"DataScienceSurveyBanner.bannerLabelYes": "Sì, rispondo ora al sondaggio",
	"DataScienceSurveyBanner.bannerLabelNo": "No, grazie",
	"InteractiveShiftEnterBanner.bannerMessage": "Eseguire il codice nella finestra 'Interattiva' (una console IPython) per 'MAIUSC-INVIO'? Selezionare 'No' per continuare a eseguire il codice sul terminale Python. L’opzione può essere modificata in un secondo momento nelle impostazioni.",
	"DataScience.automaticallyReconnectingToAKernelProgressMessage": "Riconnessione al kernel {0}",
	"DataScience.restartingKernelStatus": "Restarting Kernel {0}",
	"DataScience.executingCode": "Cella in esecuzione",
	"DataScience.collapseAll": "Comprimi tutti gli input delle celle",
	"DataScience.expandAll": "Espandi tutti gli input delle celle",
	"DataScience.export": "Esporta come Jupyter notebook",
	"DataScience.restartServer": "Riavvia kernel Jupyter",
	"DataScience.undo": "Annulla",
	"DataScience.redo": "Ripeti",
	"DataScience.clearAll": "Rimuovi tutte le celle",
	"DataScience.restartedKernelHeader": "Restarted '{0}' kernel",
	"DataScience.restartingKernelCustomHeader": "_Riavvio di {0}..._",
	"DataScience.restartingKernelHeader": "_Riavvio kernel..._",
	"DataScience.startedNewKernelHeader": "Started '{0}' kernel",
	"DataScience.connectKernelHeader": "Connesso a kernel '{0}'",
	"DataScience.executingCodeFailure": "Esecuzione del codice non riuscita: {0}",
	"DataScience.inputWatermark": "Digitare qui il codice, quindi premere SHIFT+INVIO per eseguire",
	"DataScience.deleteButtonTooltip": "Rimuovi cella",
	"DataScience.gotoCodeButtonTooltip": "Vai al codice",
	"DataScience.copyBackToSourceButtonTooltip": "Incolla il codice nel file",
	"DataScience.copyToClipboardButtonTooltip": "Copia origine negli Appunti",
	"DataScience.plotOpen": "Espandi immagine",
	"DataScience.libraryNotInstalled": "La libreria data science {0} non è stata installata. Installarla?",
	"DataScience.libraryNotInstalledCorrectlyOrOutdated": "Raccolta Data Science {0} non installata correttamente o non aggiornata. Reinstallare?",
	"DataScience.libraryRequiredToLaunchJupyterNotInstalled": "L'esecuzione di celle richiede il pacchetto {0}.",
	"DataScience.librariesRequiredToLaunchJupyterNotInstalled": "L'esecuzione di celle richiede il pacchetto {0}.",
	"DataScience.libraryRequiredToLaunchJupyterNotInstalledInterpreter": "L'esecuzione di celle con '{0}' richiede il pacchetto {1}.",
	"DataScience.librariesRequiredToLaunchJupyterNotInstalledInterpreter": "L'esecuzione di celle con '{0}' richiede il pacchetto {1}.",
	"DataScience.jupyterInstall": "Installa",
	"DataScience.jupyterSelectURIPrompt": "Immettere l'URI di Jupyter Server in esecuzione",
	"DataScience.jupyterSelectURIInvalidURI": "URI specificato non valido",
	"DataScience.jupyterSelectUserAndPasswordTitle": "Immettere il nome utente e la password per connettersi all’hub Jupyter",
	"DataScience.jupyterSelectUserPrompt": "Immettere il nome utente",
	"DataScience.jupyterSelectPasswordPrompt": "Immettere la password",
	"DataScience.removeRemoteJupyterServerEntryInQuickPick": "Rimuovi",
	"DataScience.jupyterNotebookFailure": "L'avvio di Jupyter notebook non è riuscito. \r\n{0}",
	"DataScience.remoteJupyterServerProvidedBy3rdPartyExtensionNoLongerValid": "Jupyter Server remoto aggiunto come contributo dall'estensione '{0}' non è più disponibile.",
	"DataScience.remoteJupyterConnectionFailedWithServer": "Impossibile connettersi a Jupyter Server '{0}'. Verificare che il server sia in esecuzione e raggiungibile.",
	"DataScience.remoteJupyterConnectionFailedWithServerWithError": "Impossibile connettersi a Jupyter Server '{0}'. Verificare che il server sia in esecuzione e raggiungibile. ({1}).",
	"DataScience.remoteJupyterConnectionFailedWithoutServerWithError": "Errore di connessione. Verificare che il server sia in esecuzione e raggiungibile. ({0}).",
	"DataScience.remoteJupyterConnectionFailedWithoutServerWithErrorWeb": "Errore di connessione. Verificare che il server sia in esecuzione e raggiungibile da un browser. ({0}). Per ulteriori informazioni, vedere 'https://aka.ms/vscjremoteweb'.",
	"DataScience.remoteJupyterConnectionFailedWebExtension": "When connecting from vscode.dev Jupyter servers must be started with specific options to connect. See [here](https://aka.ms/vscjremoteweb) for more information.",
	"DataScience.jupyterNotebookRemoteConnectFailedWeb": "Impossibile connettersi al Jupyter Server remoto.\r\nVerificare che l'URI di Jupyter Server sia raggiungibile da un browser.\r\n{0}. Per ulteriori informazioni, fare clic [qui](https://aka.ms/vscjremoteweb).",
	"DataScience.jupyterNotebookRemoteConnectSelfCertsFailed": "Non è stato possibile connettersi al Jupyter notebook remoto.\r\nIl server specificato usa certificati auto-firmati. Abilitare l'impostazione Consenti connessione remota non autorizzata per connettersi comunque\r\n{0}\r\n{1}",
	"DataScience.changeJupyterRemoteConnection": "Modificare la connessione al Jupyter Server.",
	"DataScience.notebookVersionFormat": "Versione Jupyter Notebook: {0}",
	"DataScience.jupyterKernelSpecNotFound": "Non è possibile creare una specifica del kernel Jupyter. Nessuna specifica è disponibile per l'uso",
	"DataScience.jupyterKernelSpecModuleNotFound": "Il modulo 'Kernelspec' non è installato nell'interprete selezionato ({0}).\r\n Reinstallare o aggiornare 'jupyter'.",
	"DataScience.jupyterGetVariablesBadResults": "Non è stato possibile recuperare le informazioni sulle variabili dal Jupyter Server.",
	"DataScience.liveShareConnectFailure": "Impossibile connettersi alla sessione Jupyter dell'host. URI non trovato.",
	"DataScience.liveShareCannotSpawnNotebooks": "La generazione di notebook Jupyter non è supportata tramite una connessione Live Share",
	"DataScience.liveShareCannotImportNotebooks": "L'importazione di notebook Share non è attualmente supportata tramite una connessione Live Share",
	"DataScience.liveShareHostFormat": "Jupyter Server {0}",
	"DataScience.liveShareSyncFailure": "Errore di sincronizzazione durante l'avvio di Live Share.",
	"DataScience.liveShareServiceFailure": "Errore durante l'avvio del servizio '{0}' durante la connessione a Live Share.",
	"DataScience.documentMismatch": "Non è possibile eseguire le celle. Sono stati trovati documenti duplicati per {0}.",
	"DataScience.pythonInteractiveCreateFailed": "Non è stato possibile creare una finestra 'Interattiva'. Provare a reinstallare l'estensione Jupyter.",
	"DataScience.interruptKernel": "Interrompi kernel Jupyter",
	"DataScience.clearAllOutput": "Cancella tutti gli output",
	"DataScience.exportingFormat": "Esportazione {0}",
	"DataScience.exportCancel": "Annulla",
	"Common.canceled": "Annullato",
	"Common.cancel": "Annulla",
	"Common.yesPlease": "Sì, per favore",
	"DataScience.interruptKernelStatus": "Interrupting Jupyter Kernel",
	"DataScience.restartKernelAfterInterruptMessage": "Timeout dell'interruzione del kernel. Riavviare il kernel? Tutte le variabili andranno perse.",
	"DataScience.pythonInterruptFailedHeader": "Arresto anomalo del kernel a causa dell'interruzione della tastiera. Kernel riavviato.",
	"DataScience.sysInfoURILabel": "URI di Jupyter Server: ",
	"DataScience.jupyterStartTimedout": "Timeout dell’avvio di Jupyter. Per ulteriori dettagli, vedere il pannello di output 'Jupyter'.",
	"DataScience.startingJupyterLogMessage": "Avvio di Jupyter da {0} tramite riga di comando {1}",
	"DataScience.jupyterCommandLineDefaultLabel": "Impostazione predefinita (scelta consigliata)",
	"DataScience.jupyterCommandLineDefaultDetail": "L'estensione Jupyter determinerà la riga di comando appropriata per Jupyter",
	"DataScience.jupyterCommandLineCustomLabel": "Personalizzato",
	"DataScience.jupyterCommandLineCustomDetail": "Personalizza la riga di comando passata a Jupyter all'avvio",
	"DataScience.jupyterCommandLineReloadQuestion": "Ricaricare la finestra quando si modifica la riga di comando di Jupyter.",
	"DataScience.jupyterCommandLineReloadAnswer": "Ricarica",
	"DataScience.jupyterCommandLineQuickPickPlaceholder": "Scegliere un'opzione",
	"DataScience.jupyterCommandLineQuickPickTitle": "Selezionare la riga di comando per Jupyter",
	"DataScience.jupyterCommandLinePrompt": "Immettere la riga del comando personalizzato per Jupyter",
	"Common.loadingExtension": "Caricamento dell'estensione Jupyter in corso...",
	"Common.openOutputPanel": "Mostrare output",
	"DataScience.variableExplorerNameColumn": "Nome",
	"DataScience.variableExplorerTypeColumn": "Tipo",
	"DataScience.variableExplorerCountColumn": "Dimensioni",
	"DataScience.variableExplorerValueColumn": "Valore",
	"DataScience.showDataExplorerTooltip": "Mostra snapshot variabile nel visualizzatore dati",
	"DataScience.dataExplorerInvalidVariableFormat": "'{0}' non è una variabile attiva.",
	"DataScience.jupyterGetVariablesExecutionError": "Errore durante l'estrazione della variabile: \r\n{0}",
	"DataScience.loadingMessage": "caricamento...",
	"DataScience.fetchingDataViewer": "Recupero dei dati ...",
	"DataScience.noRowsInDataViewer": "Nessuna riga corrisponde al filtro corrente",
	"DataScience.jupyterServer": "Jupyter Server",
	"DataScience.noKernel": "No Kernel",
	"DataScience.serverNotStarted": "Non iniziato",
	"DataScience.localJupyterServer": "locale",
	"DataScience.pandasTooOldForViewingFormat": "La versione del pacchetto Python 'pandas' è {0}. Per la visualizzazione dei dati è necessaria la versione {1} o successiva.",
	"DataScience.pandasRequiredForViewing": "Il pacchetto Python 'pandas' {0} (o versioni successive) è necessario per la visualizzazione dei dati.",
	"DataScience.failedToGetVersionOfPandas": "Impossibile ottenere la versione di Pandas per utilizzare visualizzatore dati.",
	"DataScience.valuesColumn": "valori",
	"DataScience.liveShareInvalid": "Uno o più utenti guest della sessione non ha installato Jupyter [estensione](https://marketplace.visualstudio.com/itemdetails?itemName=ms-toolsai.jupyter).\r\nLa sessione di Live Share non può continuare e verrà chiusa.",
	"Common.noIWillDoItLater": "No, lo farò in seguito",
	"Common.notNow": "Non ora",
	"Common.gotIt": "OK",
	"DataScience.noRowsInVariableExplorer": "Non ci sono variabili definite",
	"DataScience.loadingRowsInVariableExplorer": "Caricamento delle variabili",
	"DataScience.tooManyColumnsMessage": "La visualizzazione delle variabili con più di 1000 colonne può richiedere molto tempo. Continuare?",
	"DataScience.tooManyColumnsYes": "Sì",
	"DataScience.tooManyColumnsNo": "No",
	"DataScience.tooManyColumnsDontAskAgain": "Non chiedere più",
	"DataScience.filterRowsTooltip": "Consente di filtrare più righe. Utilizzare i segni =, > o < per filtrare i valori numerici.",
	"DataScience.previewHeader": "--- Inizio dell'anteprima di {0} ---",
	"DataScience.previewFooter": "--- Termine anteprima di {0} ---",
	"DataScience.previewStatusMessage": "Generazione dell'anteprima di {0}",
	"DataScience.plotViewerTitle": "Trame",
	"DataScience.exportPlotTitle": "Salva immagine del tracciato",
	"DataScience.pdfFilter": "PDF",
	"DataScience.pngFilter": "PNG",
	"DataScience.svgFilter": "SVG",
	"DataScience.previousPlot": "Precedente",
	"DataScience.nextPlot": "Avanti",
	"DataScience.panPlot": "Panoramica",
	"DataScience.zoomInPlot": "Zoom avanti",
	"DataScience.zoomOutPlot": "Zoom indietro",
	"DataScience.exportPlot": "Esporta in formati diversi",
	"DataScience.deletePlot": "Rimuovi",
	"DataScience.collapseSingle": "Comprimi",
	"DataScience.expandSingle": "Espandi",
	"DataScience.editSection": "Immettere qui le nuove celle.",
	"DataScience.restartKernelMessageDontAskAgain": "Sì, non chiedere più",
	"DataScience.selectedImageListLabel": "Immagine selezionata",
	"DataScience.imageListLabel": "Immagine",
	"DataScience.exportImageFailed": "Si è verificato un errore durante l'esportazione dell’immagine: {0}",
	"downloading.file": "Download di {0}...",
	"downloading.file.progress": "{0}{1} di {2} KB ({3}%)",
	"DataScience.jupyterDataRateExceeded": "Non è possibile visualizzare la variabile in quanto è stata superata la velocità dei dati. Riavviare il server con un limite di velocità dei dati superiore. Ad esempio, --NotebookApp.iopub_data_rate_limit=10000000000.0",
	"DataScience.addCellBelowCommandTitle": "Aggiungi cella",
	"DataScience.debugCellCommandTitle": "Cella di debug",
	"DataScience.debugStepOverCommandTitle": "Esegui istruzione/routine",
	"DataScience.debugContinueCommandTitle": "Continua",
	"DataScience.debugStopCommandTitle": "Arresta",
	"DataScience.runCurrentCellAndAddBelow": "Eseguire la cella corrente e aggiungere una cella vuota seguente",
	"DataScience.jupyterDebuggerNotInstalledError": "Il modulo PIP {0} è necessario per il debug delle celle. Sarà necessario installarlo per eseguire il debug delle celle.",
	"DataScience.jupyterDebuggerOutputParseError": "Non è possibile analizzare l’output {0}. Registrare un problema con https://github.com/microsoft/vscode-jupyter",
	"DataScience.jupyterDebuggerPortNotAvailableError": "Impossibile aprire la porta {0} per il debug. Specificare una porta differente nell'impostazione remoteDebuggerPort.",
	"DataScience.jupyterDebuggerPortBlockedError": "Impossibile connettere la porta {0} per il debug. Abilitare la porta {0} tramite il firewall.",
	"DataScience.jupyterDebuggerPortNotAvailableSearchError": "Impossibile trovare porte nell'intervallo {0}-{1} per il debug. Specificare una porta nell'impostazione remoteDebuggerPort.",
	"DataScience.jupyterDebuggerPortBlockedSearchError": "Impossibile connettere una porta {0} per il debug. Abilitare le porte {1} tramite il firewall.",
	"DataScience.jupyterDebuggerInstallNew": "Il modulo PIP {0} è necessario per il debug delle celle. Installare {0} e continuare il debug della cella?",
	"DataScience.jupyterDebuggerInstallNewRunByLine": "È necessario il modulo Pip {0} per l'esecuzione per riga. Installare {0} e continuare l'esecuzione per riga?",
	"DataScience.jupyterDebuggerInstallUpdate": "La versione di {0} installata non supporta l'esecuzione del debug. Aggiornare {0} alla versione più recente e continuare l'esecuzione del debug?",
	"DataScience.jupyterDebuggerInstallUpdateRunByLine": "La versione di {0} installata non supporta l'esecuzione tramite riga. Aggiornare {0} alla versione più recente e continuare l'esecuzione per riga?",
	"DataScience.jupyterDebuggerInstallYes": "Sì",
	"DataScience.jupyterDebuggerInstallNo": "No",
	"DataScience.cellStopOnErrorMessage": "Cella annullata a causa di un errore in una cella precedente.",
	"DataScience.instructionComments": "# Per aggiungere una nuova cella, digitare '{0}'\r\n# Per aggiungere una nuova cella Markdown, digitare \"{0} [markdown]\"\r\n",
	"DataScience.scrollToCellTitleFormatMessage": "Passa a [{0}]",
	"DataScience.save": "Salva Notebook",
	"DataScience.nativeEditorTitle": "Editor Notebook",
	"DataScience.untitledNotebookFileName": "Senza nome",
	"DataScience.dirtyNotebookMessage1": "Salvare le modifiche apportate a {0}?",
	"DataScience.dirtyNotebookMessage2": "Le modifiche apportate andranno perse se non vengono salvate.",
	"DataScience.dirtyNotebookYes": "Salva",
	"DataScience.dirtyNotebookNo": "Non salvare",
	"DataScience.dirtyNotebookCancel": "Annulla",
	"DataScience.dirtyNotebookDialogTitle": "Salva",
	"DataScience.dirtyNotebookDialogFilter": "Jupyter Notebook",
	"DataScience.exportAsPythonFileTooltip": "Converti e salva in uno script Python",
	"DataScience.exportAsPythonFileTitle": "Salva come file Python",
	"DataScience.exportButtonTitle": "Esporta",
	"DataScience.runCell": "Esegui cella",
	"DataScience.deleteCell": "Elimina cella",
	"DataScience.moveCellUp": "Sposta cella in alto",
	"DataScience.moveCellDown": "Sposta cella in basso",
	"DataScience.moveSelectedCellUp": "Sposta cella selezionata",
	"DataScience.insertBelow": "Inserisci cella seguente",
	"DataScience.insertAbove": "Inserisci cella precedente",
	"DataScience.addCell": "Aggiungi cella",
	"DataScience.runAll": "Esegui tutte le celle",
	"DataScience.toggleCellOutput": "Attiva/Disattiva output cella",
	"DataScience.convertingToPythonFile": "Conversione di ipynb in file Python",
	"DataScience.untitledNotebookMessage": "Le modifiche apportate andranno perse se non vengono salvate.",
	"DataScience.untitledNotebookYes": "Salva",
	"DataScience.untitledNotebookNo": "Annulla",
	"DataScience.noInterpreter": "Non è stato selezionato alcun Python",
	"DataScience.notebookNotFound": "python -m jupyter notebook --versione non in esecuzione",
	"DataScience.savePngTitle": "Salva immagine",
	"DataScience.jupyterSelectURIQuickPickTitle": "Immettere l'URI di Jupyter Server in esecuzione",
	"DataScience.jupyterSelectURIQuickPickTitleOld": "Selezionare come connettersi a Jupyter",
	"DataScience.jupyterSelectURIQuickPickPlaceholder": "Scegliere un'opzione",
	"DataScience.jupyterSelectURIQuickPickCurrent": "Corrente: {0}",
	"DataScience.jupyterSelectURINoneLabel": "Nessuno",
	"DataScience.jupyterSelectURINoneDetail": "Non connettersi ad alcun Jupyter Server remoto",
	"DataScience.jupyterSelectURINewLabel": "Esistente",
	"DataScience.jupyterSelectURINewDetail": "Specificare l'URI di un server esistente",
	"DataScience.jupyterSelectURIMRUDetail": "Ultima connessione: {0}",
	"DataScience.jupyterSelectURIRunningDetailFormat": "Ultima connessione {0}. {1} connessioni esistenti.",
	"DataScience.jupyterSelectURINotRunningDetail": "Impossibile connettersi in questo momento. Stato sconosciuto.",
	"DataScience.fallbackToUseActiveInterpreterAsKernel": "Non è stato possibile trovare kernel '{0}' con cui è stato creato il Notebook. Utilizzo dell'interprete corrente.",
	"DataScience.fallBackToRegisterAndUseActiveInterpreterAsKernel": "Non è stato possibile trovare kernel '{0}' con cui è stato creato il Notebook. Registrazione di un nuovo kernel tramite l'interprete corrente.",
	"DataScience.fallBackToPromptToUseActiveInterpreterOrSelectAKernel": "Non è stato possibile trovare il kernel '{0}' con cui è stato creato il notebook.",
	"DataScience.selectKernel": "Cambia Kernel",
	"DataScience.selectDifferentKernel": "Select a different Kernel",
	"DataScience.selectDifferentJupyterInterpreter": "Cambia interprete",
	"DataScience.selectJupyterInterpreter": "Selezionare un interprete per avviare Jupyter",
	"DataScience.switchingKernelProgress": "Cambio del kernel a '{0}'",
	"DataScience.sessionStartFailedWithKernel": "Failed to start the Kernel '{0}'. \r\nView Jupyter [log](command:jupyter.viewOutput) for further details.",
	"DataScience.failedToStartKernel": "Failed to start the Kernel.",
	"DataScience.failedToRestartKernel": "Failed to restart the Kernel.",
	"DataScience.failedToInterruptKernel": "Impossibile interrompere il Kernel.",
	"DataScience.kernelDied": "Il kernel è stato eliminato. Per ulteriori dettagli, visualizzare Jupyter [log](command:jupyter.viewOutput). \r\nErrore:{0}...",
	"DataScience.kernelDiedWithoutError": "Il kernel '{0}' è stato eliminato. Per ulteriori informazioni, fare clic [qui](https://aka.ms/vscodeJupyterKernelCrash). Per ulteriori dettagli, visualizzare Jupyter [log](command:jupyter.viewOutput).",
	"DataScience.kernelDiedWithoutErrorAndAutoRestarting": "Il kernel '{0}' è stato eliminato ed è stato riavviato automaticamente da Jupyter. Per ulteriori informazioni, fare clic [qui](https://aka.ms/vscodeJupyterKernelCrash). Per ulteriori dettagli, visualizzare Jupyter [log](command:jupyter.viewOutput).",
	"DataScience.kernelDisconnected": "Non è possibile connettersi al kernel '{0}'. Verificare la connessione al server Jupyter. Per altre informazioni, vedere Jupyter [log](command:jupyter.viewOutput).",
	"DataScience.kernelCrashedDueToCodeInCurrentOrPreviousCell": "The Kernel crashed while executing code in the the current cell or a previous cell. Please review the code in the cell(s) to identify a possible cause of the failure. Click <a href='https://aka.ms/vscodeJupyterKernelCrash'>here</a> for more info. View Jupyter [log](command:jupyter.viewOutput) for further details.",
	"DataScience.fileSeemsToBeInterferingWithKernelStartup": "Sembra che il file '{0}' stia sovrascrivendo i moduli incorporati e interferendo con l'avvio del kernel. È consigliabile rinominare il file e riavviare il kernel.",
	"DataScience.DataScience.moduleSeemsToBeInterferingWithKernelStartup": "Il modulo '{0}' sembra eseguire l'override dei moduli predefiniti e interferire con l'avvio del kernel. Provare a rinominare la cartella e a riavviare il kernel.",
	"DataScience.failedToStartKernelDueToMissingModule": "Impossibile avviare il kernel. Modulo '{0}' mancante. Provare a installare il modulo.",
	"DataScience.failedToStartKernelDueToImportFailure": "Impossibile avviare il kernel poiché è impossibile importare il modulo '{0}'.",
	"DataScience.failedToStartKernelDueToImportFromFileFailure": "Impossibile avviare il kernel poiché è impossibile importare il modulo '{0}' da '{1}'.",
	"DataScience.failedToStartKernelDueToUnknownDllLoadFailure": "Impossibile avviare il kernel perché non è stato possibile caricare una DLL.",
	"DataScience.failedToStartKernelDueToDllLoadFailure": "Impossibile avviare il kernel perché non è stato possibile caricare la DLL '{0}'.",
	"DataScience.failedToStartKernelDueToWin32APIFailure": "Impossibile avviare il kernel a causa di un errore del modulo Win32api. Provare a (re)installare questo modulo.",
	"DataScience.failedToStartKernelDueToPyZmqFailure": "Impossibile avviare il kernel a causa di un errore del modulo 'pyzmq'. Provare a reinstallare questo modulo.",
	"DataScience.failedToStartKernelDueToOldIPython": "Non è stato possibile avviare il kernel a causa di una versione obsoleta di IPython. Provare ad aggiornare il modulo alla versione più recente.",
	"DataScience.failedToStartKernelDueToOldIPyKernel": "Non è stato possibile avviare il kernel a causa di una versione obsoleta di IPyKernel. Provare ad aggiornare il modulo alla versione più recente.",
	"DataScience.failedToStartJupyter": "Non è stato possibile avviare Jupyter nell'ambiente '{0}'. \r\nPer ulteriori dettagli, visualizzare Jupyter [log] (command:jupyter.viewOutput).",
	"DataScience.failedToStartJupyterWithErrorInfo": "Non è stato possibile avviare Jupyter nell'ambiente '{0}'. \r\n{1} \r\nPer ulteriori dettagli, visualizzare Jupyter [log] (command:jupyter.viewOutput).",
	"DataScience.failedToStartJupyterDueToOutdatedTraitlets": "Non è stato possibile avviare Jupyter nell'ambiente '{0}' probabilmente a causa di una versione non aggiornata di 'traitlets'. \r\n{1} \r\nProvare ad aggiornare il modulo 'traitlets' a '5.1.1' o versione successiva. \r\nPer ulteriori dettagli, visualizzare Jupyter [log](command:jupyter.viewOutput).",
	"DataScience.installPackageInstructions": "Eseguire il comando seguente per installare '{0}' nell'ambiente Python. \r\nComando: '{1}'",
	"DataScience.cannotRunCellKernelIsDead": "Non è possibile eseguire le celle perché il kernel '{0}' è inattivo.",
	"DataScience.waitingForJupyterSessionToBeIdle": "In attesa che la sessione Jupyter sia inattiva",
	"DataScience.gettingListOfKernelsForLocalConnection": "Recupero Kernels",
	"DataScience.gettingListOfKernelsForRemoteConnection": "Recupero Kernels",
	"DataScience.gettingListOfKernelSpecs": "Recupero delle specifiche di Kernel",
	"DataScience.startingJupyterNotebook": "Avvio Jupyter Notebook",
	"DataScience.registeringKernel": "Registrazione del Kernel",
	"DataScience.trimmedOutput": "L'output è stato tagliato per motivi legati alle prestazioni.\r\nPer visualizzare l'output completo, impostare \"jupyter.textOutputLimit\" su 0.",
	"DataScience.connectingToJupyterUri": "Connessione al Jupyter Server in {0}",
	"DataScience.createdNewNotebook": "{0}: creazione di un nuovo notebook ",
	"DataScience.createdNewKernel": "{0}: Kernel avviato: {1}",
	"DataScience.kernelInvalid": "Kernel {0} non utilizzabile. Per ulteriori informazioni, vedere la scheda di output di Jupyter.",
	"DataScience.nativeDependencyFail": "Non è possibile avviare automaticamente un Jupyter Server perché il sistema operativo non è supportato. Per continuare selezionare un server già in esecuzione. {0}",
	"DataScience.selectNewServer": "Selezionare un server in esecuzione",
	"DataScience.jupyterSelectURIRemoteLabel": "Esistente",
	"DataScience.jupyterSelectURIQuickPickTitleRemoteOnly": "Selezionare un Jupyter Server già in esecuzione",
	"DataScience.jupyterSelectURIRemoteDetail": "Specificare l'URI di un server esistente",
	"DataScience.latestExtension": "Scarica l'ultima versione dell'estensione Jupyter",
	"DataScience.loadClassFailedWithNoInternet": "Errore durante il caricamento di {0}:{1}. Connessione Internet necessaria per il caricamento di widget di terze parti.",
	"DataScience.useCDNForWidgets": "I widget richiedono il download dei file di supporto da un sito Web di terze parti. Per ulteriori informazioni, fare clic [qui](https://aka.ms/PVSCIPyWidgets).",
	"DataScience.useCDNForWidgetsNoInformation": "I widget richiedono il download dei file di supporto da un sito Web di terze parti.",
	"DataScience.enableCDNForWidgetsSettingHtml": "I widget richiedono il download dei file di supporto da un sito Web di terze parti. Fare clic <a href='https://command:jupyter.enableLoadingWidgetScriptsFromThirdPartySource'>qui</a> per abilitare questa opzione o fare clic <a href='https://aka.ms/PVSCIPyWidgets'>qui</a> per ulteriori informazioni. (Errore durante il caricamento di {0}:{1}).",
	"DataScience.enableCDNForWidgetsSetting": "I widget richiedono il download dei file di supporto da un sito Web di terze parti. (Errore durante il caricamento di {0}:{1}).",
	"DataScience.enableCDNForWidgetsButton": "Abilita download",
	"DataScience.widgetScriptNotFoundOnCDNWidgetMightNotWork": "Non è possibile trovare il widget '{0}' versione '{1}' nelle origini widget configurate {2}. Il comportamento previsto potrebbe essere interessato. Per ulteriori informazioni, fare clic [qui](https://aka.ms/PVSCIPyWidgets).",
	"DataScience.cdnWidgetScriptNotAccessibleWarningMessage": "Non è possibile scaricare il widget '{0}' dal sito Web di terze parti {1} a causa dell'accesso alla rete. Il comportamento previsto potrebbe essere interessato. Per ulteriori informazioni, fare clic [qui](https://aka.ms/PVSCIPyWidgets).",
	"DataScience.unhandledMessage": "Messaggio kernel non gestito da un widget: {0} : {1}",
	"DataScience.qgridWidgetScriptVersionCompatibilityWarning": "Non è possibile caricare una versione compatibile del widget 'qgrid'. Provare a eseguire il downgrade alla versione 1.1.1.",
	"DataScience.kernelStarting": "_Connessione al kernel..._",
	"DataScience.kernelStartingCustom": "_Connessione a {0}..._",
	"DataScience.libraryRequiredToLaunchJupyterKernelNotInstalledInterpreter": "L'esecuzione di celle con '{0}' richiede il pacchetto {1}.",
	"DataScience.libraryRequiredToLaunchJupyterKernelNotInstalledInterpreterAndRequiresUpdate": "L'esecuzione di celle con '{0}' richiede che il pacchetto {1} sia installato o un aggiornamento.",
	"DataScience.runByLine": "Esegui per riga (F10)",
	"DataScience.stopRunByLine": "Arresta",
	"DataScience.couldNotInstallLibrary": "Non è stato possibile installare pacchetto {0}. Se pip non è disponibile, si consiglia di usare la gestione pacchetti desiderata per installare manualmente la libreria nell'ambiente Python.",
	"DataScience.rawKernelSessionFailed": "Impossibile avviare la sessione per il kernel {0}. Selezionare un altro kernel con cui eseguire l'avvio.",
	"DataScience.rawKernelStartFailedDueToTimeout": "Impossibile avviare Kernel '{0}' a causa del timeout della connessione. \r\nPer ulteriori dettagli, visualizzare Jupyter [log](command:jupyter.viewOutput).",
	"DataScience.rawKernelConnectingSession": "Connessione al kernel {0}",
	"DataScience.reloadCustomEditor": "Ricaricare VS Code per utilizzare l'API dell'editor personalizzato",
	"DataScience.reloadVSCodeNotebookEditor": "Ricaricare VS Code per utilizzare l'editor Notebook",
	"DataScience.step": "Esegui riga successiva (F10)",
	"DataScience.usingPreviewNotebookWithOtherNotebookWarning": "È consigliabile non aprire lo stesso file nell'editor Notebook di anteprima e nell'editor di Notebook stabile. L’operazione potrebbe causare la perdita di dati o il danneggiamento dei Notebook.",
	"DataScience.unknownServerUri": "Impossibile utilizzare l'URI del server. È stata disinstalla un'estensione che ha fornito una connessione al Jupyter Server?",
	"DataScienceRendererExtension.installingExtension": "Installazione dell'estensione Notebook Renderers...",
	"DataScienceRendererExtension.installationCompleteMessage": "completa.",
	"DataScienceRendererExtension.startingDownloadOutputMessage": "Avvio del download dell'estensione Notebook Renderers.",
	"DataScienceRendererExtension.downloadingMessage": "Download dell'estensione Notebook Renderers...",
	"DataScienceRendererExtension.downloadCompletedOutputMessage": "Download dell’estensione Notebook Renderers completato.",
	"DataScience.uriProviderDescriptionFormat": "{0} (da estensione {1})",
	"DataScience.unknownPackage": "sconosciuto",
	"DataScience.interactiveWindowTitle": "Interattiva",
	"DataScience.interactiveWindowTitleFormat": "Interattiva - {0}",
	"DataScience.interactiveWindowModeBannerTitle": "Aprire una nuova finestra interattiva per questo file? [Ulteriori informazioni] (command:workbench.action.openSettings?%5B%22jupyter.interactiveWindowMode%22%5D).",
	"DataScience.interactiveWindowModeBannerSwitchYes": "Sì",
	"DataScience.interactiveWindowModeBannerSwitchAlways": "Sempre",
	"DataScience.interactiveWindowModeBannerSwitchNo": "No",
	"DataScience.noKernelsSpecifyRemote": "No kernel available for cell execution, please [specify a Jupyter server for connections](command:jupyter.selectjupyteruri)",
	"DataScience.ipykernelNotInstalled": "IPyKernel non installato nell'interprete {0}",
	"DataScience.ipykernelNotInstalledBecauseCanceled": "IPyKernel non installato nell'interprete. Installazione annullata.",
	"DataScience.needIpykernel6": "Per questa funzionalità è necessaria la configurazione Ipykernel",
	"DataScience.setup": "Installazione",
	"DataScience.startingRunByLine": "Avvio esecuzione per riga",
	"DataScience.illegalEditorConfig": "Gli esperimenti CustomEditor e NativeNotebook non possono essere attivati insieme",
	"DataScience.pythonExtensionRequired": "È necessaria l'estensione Python per eseguire l'attività. Fare clic su Sì per aprire la pagina di installazione dell'estensione Python.",
	"DataScience.pythonExtensionRequiredToRunNotebook": "Estensione Python necessaria per eseguire i notebook Python.",
	"DataScience.installingPythonExtension": "Installazione dell'estensione Python e individuazione dei kernel.",
	"DataScience.pythonExtensionInstalled": "L'estensione Python è ora installata. Alcune funzionalità potrebbero non essere disponibili fino al riavvio di un blocco appunti o di una sessione finestra interattiva.",
	"DataScience.showDataViewerFail": "Non è stato possibile creare il Visualizzatore dati. Per ulteriori informazioni, vedere la scheda Jupyter della finestra di output.",
	"DataScience.notebookCreationPickerPlaceHolder": "Selezionare un'opzione per creare un notebook vuoto",
	"DataScience.refreshDataViewer": "Aggiorna Visualizzatore dati",
	"DataScience.refreshDataViewerCommandPalette": "Aggiorna Visualizzatore dati",
	"DataScience.sliceDropdownAxisLabel": "Asse",
	"DataScience.sliceDropdownIndexLabel": "Indice",
	"DataScience.sliceSubmitButton": "Applica",
	"DataScience.sliceSummaryTitle": "SEZIONAMENTO",
	"DataScience.dataViewerShowFilters": "Mostra filtri",
	"DataScience.dataViewerHideFilters": "Nascondi filtri",
	"DataScience.sliceData": "Dati sezione",
	"DataScience.sliceIndexError": "L'indice {0} non è compreso nell'intervallo per l’asse {1} con elementi {2}",
	"DataScience.sliceMismatchedAxesError": "Previsti assi {0}, {1} ottenuto nell'espressione di sezione",
	"DataScience.clearFilters": "Cancella tutti i filtri",
	"DataScience.defaultNotebookName": "default",
	"DataScience.recommendExtensionForNotebook": "L'estensione {0} è consigliata per i notebook destinati alla lingua '{1}'",
	"DataScience.interactiveClearAllCells": "Cancella tutto",
	"DataScience.interactiveRemoveCell": "Rimuovi cella",
	"DataScience.interactiveGoToCode": "Vai al codice",
	"DataScience.kernelWasNotStarted": "Kernel non è stato avviato. Per avviare il debug è necessaria una sessione del kernel.",
	"DataScience.noNotebookToDebug": "Nessun documento del notebook attivo di cui eseguire il debug.",
	"DataScience.cantStartDebugging": "Non è possibile avviare il debug.",
	"DataScience.customEditorBanner": "Questo editor è deprecato e verrà rimosso in seguito alla versione 1.59 di VS Code.  [Ulteriori informazioni sul nuovo editor Notebook](https://aka.ms/vscodeNotebookEditorBanner).",
	"DataScience.importingIpynb": "Importazione del file notebook.",
	"DataScience.exportingToFormat": "Esportazione in {0}.",
	"DataScience.matplotlibWidgetInsteadOfOther": "'%matplotlib widget' o '%matplotlib inline' funziona in modo ottimale sui Notebooks di VS Code.",
	"DataScience.matplotlibWidgetCodeActionTitle": "Altre informazioni",
	"DataScience.usingNonPrereleaseYes": "Sì",
	"DataScience.usingNonPrereleaseNo": "No",
	"DataScience.usingNonPrereleaseNoAndDontAskAgain": "Non chiedere più",
	"DataScience.usingNonPrerelease": "La versione 'preliminare' dell'estensione Jupyter è consigliata quando viene eseguita su VS Code Insider. Passare a un’altra versione?",
	"DataScience.cellAtFormat": "{0} Cella {1}'",
	"DataScience.jupyterServerConsoleOutputChannel": "Console Jupyter Server",
	"DataScience.kernelConsoleOutputChannel": "{0} Kernel Console Output",
	"Installer.noCondaOrPipInstaller": "Non è disponibile alcun programma di installazione Conda o Pip nell'ambiente selezionato.",
	"Installer.noPipInstaller": "Nell'ambiente selezionato, non è disponibile alcun programma di installazione Pip.",
	"Installer.searchForHelp": "Cercare supporto",
	"Installer.couldNotInstallLibrary": "Non è stato possibile installare {0}. Se pip non è disponibile, si consiglia di usare la gestione pacchetti desiderata per installare manualmente la libreria nell'ambiente Python.",
	"Installer.dataScienceInstallPrompt": "La libreria data science {0} non è stata installata. Installarla?",
	"Products.installingModule": "Installazione di {0}",
	"DataScience.webNotSupported": "Operazione non supportata nella versione Web dell'estensione Jupyter.",
	"DataScience.outputSizeExceedLimit": "L’output supera il <a href={0}>limite dimensioni</a>. Aprire i dati output completi <a href={1}>in un editor di testo</a>",
	"DataScience.installPythonTitle": "Installa Python",
	"DataScience.installPythonExtensionViaKernelPickerTitle": "Installa estensione Python",
	"DataScience.switchToLocalKernelsTitle": "Connetti a kernel locali",
	"DataScience.switchToRemoteKernelsTitle": "Connettersi a un server Jupyter",
	"DataScience.switchToAnotherRemoteKernelsTitle": "Connetti a un altro server Jupyter",
	"DataScience.failedToInstallPythonExtension": "Non è stato possibile installare l'estensione Python.",
	"DataScience.kernelPrefixForRemote": "(Remoto)",
	"DataScience.pythonFileOverridesPythonPackage": "Questo file potrebbe potenzialmente eseguire l'override di un pacchetto Python esistente e interferire con l'esecuzione del kernel. Provare a rinominarlo.",
	"DataScience.alwaysIgnoreWarningsAboutOverridingPythonPackages": "Ignora sempre gli avvisi relativi all'override dei pacchetti Python",
	"DataScience.ignoreWarningAboutOverridingPythonPackage": "Ignora avviso per '{0}'",
	"DataScience.moreInfoAboutFileNamesOverridingPythonPackages": "Altre informazioni sull'override dei pacchetti Python",
	"DataScience.reservedPythonFileNamesDiagnosticCollectionName": "Nomi file Python riservati",
	"DataScience.filesPossiblyOverridingPythonModulesMayHavePreventedKernelFromStarting": "Alcuni dei file seguenti trovati nella directory di lavoro potrebbero aver impedito l'avvio del kernel. Prendere in considerazione la ridenominazione.",
	"DataScience.listOfFilesWithLinksThatMightNeedToBeRenamed": "File: {0} potrebbe essere necessario rinominare.",
	"jupyter.configuration.jupyter.diagnostics.reservedPythonNames.enabled.markdownDescription": "Indica se visualizzare avvisi sui nomi di file Python che potrebbero [eseguire l'override dei pacchetti Python](https://aka.ms/JupyterKernelStartFailureOverrideReservedName).",
	"jupyter.configuration.jupyter.diagnostics.reservedPythonNames.exclude.markdownDescription": "Configurare [modelli GLOB](https://code.visualstudio.com/docs/editor/codebasics#_advanced-search-options) per escludere file e cartelle dall'avviso relativo all'[override dei pacchetti Python](https://aka.ms/JupyterKernelStartFailureOverrideReservedName)."
}